Key,Path,AssetBundle,LevelKey,EnemyId,SummonedEnemy,Intensive,CellarSprite,Hp,Speed,SpeedRate,Critical,IsBoss,ExtraAssetBundle,BossBgm,BossRoom,BossWeapon,SubspeciesBoss,DoubleBosses,DropOffsetX,DropOffsetY,Drops,DropGroups
string,string,string,string,string,bool,bool,SpriteAtlasData,int,float,float,int,bool,string,string,string,string,string,"Dictionary<string, int>",float,float,List<Enemy.EnemyDropInfo>,List<Enemy.EnemyDropGroup>
boss07,Level/1/A/Boss/boss07/boss07.prefab,boss/boss07,1A,boss07,False,False,"{""spriteAtlas"":""RGTexture/sprite_atlas/cellar.spriteatlasv2"",""sprite"":""enemy_list_37"",""tex"":""Assets/RGTexture/enemy/cellar/enemy_list.png""}",500,5,0,0,True,,RGSound/bgm/bgm_1High.mp3,Level/1/A/Boss/boss07/r1_boss1.prefab,weapon_134,,"{""boss07"":10,""boss08"":10,""boss14"":10,""boss09"":10,""boss10"":10,""boss10_2"":3,""boss13"":10,""boss22"":10,""boss19"":10,""boss23"":10}",0,0.5,"[{""item"":{""item"":""plant_datura_seed""},""probability"":6.6,""guaranteeDrop"":false,""guaranteeDropCount"":0,""conditions"":[]},{""item"":{""item"":""plant_eator_seed""},""probability"":10.0,""guaranteeDrop"":false,""guaranteeDropCount"":0,""conditions"":[]},{""item"":{""item"":""plant_trumpet_seed""},""probability"":10.0,""guaranteeDrop"":false,""guaranteeDropCount"":0,""conditions"":[]},{""item"":{""item"":""plant_gear_flower_seed""},""probability"":10.0,""guaranteeDrop"":false,""guaranteeDropCount"":0,""conditions"":[]},{""item"":{""item"":""plant_gem_flower_seed""},""probability"":10.0,""guaranteeDrop"":false,""guaranteeDropCount"":0,""conditions"":[]},{""item"":{""item"":""material_skin_fragment_boss07""},""probability"":40.0,""guaranteeDrop"":false,""guaranteeDropCount"":0,""conditions"":[]},{""item"":{""item"":""material_tape_boss1""},""probability"":7.50000048,""guaranteeDrop"":false,""guaranteeDropCount"":0,""conditions"":[]},{""item"":{""item"":""material_ancient_weapon_fragment""},""probability"":150.0,""guaranteeDrop"":false,""guaranteeDropCount"":0,""conditions"":[]}]","[]"
boss08,Level/1/A/Boss/boss08/boss08.prefab,boss/boss08,1A,boss08,False,False,"{""spriteAtlas"":""RGTexture/sprite_atlas/cellar.spriteatlasv2"",""sprite"":""enemy_list_36"",""tex"":""Assets/RGTexture/enemy/cellar/enemy_list.png""}",400,5,0,0,True,,RGSound/bgm/bgm_1High.mp3,Level/1/A/Boss/boss08/r1_boss2.prefab,weapon_123,,"{""boss07"":10,""boss08"":10,""boss14"":10,""boss09"":10,""boss10"":10,""boss10_2"":3,""boss13"":10,""boss22"":10,""boss19"":10,""boss23"":10}",0,1,"[{""item"":{""item"":""material_magic_blue""},""probability"":7.50000048,""guaranteeDrop"":false,""guaranteeDropCount"":0,""conditions"":[]},{""item"":{""item"":""material_magic_green""},""probability"":7.50000048,""guaranteeDrop"":false,""guaranteeDropCount"":0,""conditions"":[]},{""item"":{""item"":""material_magic_purple""},""probability"":7.50000048,""guaranteeDrop"":false,""guaranteeDropCount"":0,""conditions"":[]},{""item"":{""item"":""material_magic_red""},""probability"":7.50000048,""guaranteeDrop"":false,""guaranteeDropCount"":0,""conditions"":[]},{""item"":{""item"":""material_tape_boss1""},""probability"":7.50000048,""guaranteeDrop"":false,""guaranteeDropCount"":0,""conditions"":[]},{""item"":{""item"":""material_skin_fragment_boss08""},""probability"":35.0,""guaranteeDrop"":false,""guaranteeDropCount"":0,""conditions"":[]}]","[]"
boss14,Level/1/A/Boss/boss14/boss14.prefab,boss/boss14,1A,boss14,False,False,"{""spriteAtlas"":""RGTexture/sprite_atlas/cellar.spriteatlasv2"",""sprite"":""enemy_list_82"",""tex"":""Assets/RGTexture/enemy/cellar/enemy_list.png""}",425,3,0,0,True,,RGSound/bgm/bgm_1High.mp3,Level/1/A/Boss/boss14/r1_boss5.prefab,weapon_176,,"{""boss07"":10,""boss08"":10,""boss14"":10,""boss09"":10,""boss10"":10,""boss10_2"":3,""boss13"":10,""boss22"":10,""boss19"":10,""boss23"":10}",0,1,"[{""item"":{""item"":""material_wood""},""probability"":100.0,""guaranteeDrop"":false,""guaranteeDropCount"":0,""conditions"":[]},{""item"":{""item"":""plant_iron_tree_seed""},""probability"":12.5,""guaranteeDrop"":false,""guaranteeDropCount"":0,""conditions"":[]},{""item"":{""item"":""plant_tree_seed""},""probability"":12.5,""guaranteeDrop"":false,""guaranteeDropCount"":0,""conditions"":[]},{""item"":{""item"":""plant_gem_tree_seed""},""probability"":7.0,""guaranteeDrop"":false,""guaranteeDropCount"":0,""conditions"":[]},{""item"":{""item"":""plant_xmas_seed""},""probability"":12.5,""guaranteeDrop"":false,""guaranteeDropCount"":0,""conditions"":[]},{""item"":{""item"":""material_tape_boss1""},""probability"":7.50000048,""guaranteeDrop"":false,""guaranteeDropCount"":0,""conditions"":[]}]","[]"
boss19,Level/1/A/Boss/boss19/boss19.prefab,boss/boss19,1A,boss19,False,False,"{""spriteAtlas"":""RGTexture/sprite_atlas/cellar.spriteatlasv2"",""sprite"":""enemy_list_97"",""tex"":""Assets/RGTexture/enemy/cellar/enemy_list.png""}",400,6,0,0,True,,RGSound/bgm/bgm_1High.mp3,Level/1/A/Boss/boss19/r1_boss7.prefab,weapon_244,,"{""boss07"":10,""boss08"":10,""boss14"":10,""boss09"":10,""boss10"":10,""boss10_2"":3,""boss13"":10,""boss22"":10,""boss19"":10,""boss23"":10}",0,1,"[{""item"":{""item"":""material_cell""},""probability"":100.0,""guaranteeDrop"":false,""guaranteeDropCount"":0,""conditions"":[]},{""item"":{""item"":""plant_carrot_seed""},""probability"":50.0,""guaranteeDrop"":false,""guaranteeDropCount"":0,""conditions"":[]},{""item"":{""item"":""material_skin_fragment_boss19""},""probability"":40.0,""guaranteeDrop"":false,""guaranteeDropCount"":0,""conditions"":[]},{""item"":{""item"":""material_tape_easter""},""probability"":20.0,""guaranteeDrop"":false,""guaranteeDropCount"":0,""conditions"":[]},{""item"":{""item"":""material_tape_boss1""},""probability"":7.50000048,""guaranteeDrop"":false,""guaranteeDropCount"":0,""conditions"":[]}]","[]"
boss25,Level/1/A/Boss/boss25/boss25.prefab,boss/boss25,1A,boss25,False,False,"{""spriteAtlas"":""RGTexture/sprite_atlas/cellar.spriteatlasv2"",""sprite"":""enemy_list_2_38"",""tex"":""Assets/RGTexture/enemy/cellar/enemy_list_2.png""}",400,5,0,0,True,,RGSound/bgm/bgm_2High.mp3,Level/1/A/Boss/boss25/r1_boss10.prefab,,,"{""boss07"":10,""boss08"":10,""boss14"":10,""boss09"":10,""boss10"":10,""boss10_2"":3,""boss13"":10,""boss22"":10,""boss19"":10,""boss23"":10}",0,1,"[{""item"":{""item"":""material_magic_blue""},""probability"":7.50000048,""guaranteeDrop"":false,""guaranteeDropCount"":0,""conditions"":[]},{""item"":{""item"":""material_magic_green""},""probability"":7.50000048,""guaranteeDrop"":false,""guaranteeDropCount"":0,""conditions"":[]},{""item"":{""item"":""material_magic_purple""},""probability"":7.50000048,""guaranteeDrop"":false,""guaranteeDropCount"":0,""conditions"":[]},{""item"":{""item"":""material_magic_red""},""probability"":7.50000048,""guaranteeDrop"":false,""guaranteeDropCount"":0,""conditions"":[]},{""item"":{""item"":""material_tape_boss1""},""probability"":7.50000048,""guaranteeDrop"":false,""guaranteeDropCount"":0,""conditions"":[]},{""item"":{""item"":""material_skin_fragment_boss08""},""probability"":35.0,""guaranteeDrop"":false,""guaranteeDropCount"":0,""conditions"":[]}]","[]"
e_boar01,Level/1/A/Enemy/e_boar01/e_boar01.prefab,level/1/a,1A,e_boar01,False,False,"{""spriteAtlas"":""RGTexture/sprite_atlas/cellar.spriteatlasv2"",""sprite"":""enemy_list_46"",""tex"":""Assets/RGTexture/enemy/cellar/enemy_list.png""}",8,3,0,0,False,,,,,,"{}",0,0,"[]","[]"
e_boar02,Level/1/A/Enemy/e_boar02/e_boar02.prefab,level/1/a,1A,e_boar02,False,False,"{""spriteAtlas"":""RGTexture/sprite_atlas/cellar.spriteatlasv2"",""sprite"":""enemy_list_47"",""tex"":""Assets/RGTexture/enemy/cellar/enemy_list.png""}",10,3,0,0,False,,,,,,"{}",0,0,"[]","[]"
e_empty,Level/1/A/Enemy/e_empty/e_empty.prefab,level/1/a,1A,e_boar01,False,False,"{""spriteAtlas"":""RGTexture/sprite_atlas/cellar.spriteatlasv2"",""sprite"":""enemy_list_46"",""tex"":""Assets/RGTexture/enemy/cellar/enemy_list.png""}",8,3,0,0,False,,,,,,"{}",0,0,"[]","[]"
e_fire_sacrifice,Level/1/A/Enemy/e_fire_sacrifice/e_fire_sacrifice.prefab,level/1/a,1A,e_fire_sacrifice,False,False,"{""spriteAtlas"":""RGTexture/sprite_atlas/cellar.spriteatlasv2"",""sprite"":""enemy_list_2_50"",""tex"":""Assets/RGTexture/enemy/cellar/enemy_list_2.png""}",12,4,0,0,False,,,,,,"{}",0,0.5,"[{""item"":{""item"":""material_tape_forest""},""probability"":0.05,""guaranteeDrop"":false,""guaranteeDropCount"":0,""conditions"":[]}]","[]"
e_orc01,Level/1/A/Enemy/e_orc01/e_orc01.prefab,level/1/a,1A,e_orc01,False,False,"{""spriteAtlas"":""RGTexture/sprite_atlas/cellar.spriteatlasv2"",""sprite"":""enemy_list_39"",""tex"":""Assets/RGTexture/enemy/cellar/enemy_list.png""}",8,4,0,0,False,,,,,,"{}",0,0.5,"[{""item"":{""item"":""material_tape_forest""},""probability"":0.05,""guaranteeDrop"":false,""guaranteeDropCount"":0,""conditions"":[]}]","[]"
e_orc02,Level/1/A/Enemy/e_orc02/e_orc02.prefab,level/1/a,1A,e_orc02,False,False,"{""spriteAtlas"":""RGTexture/sprite_atlas/cellar.spriteatlasv2"",""sprite"":""enemy_list_40"",""tex"":""Assets/RGTexture/enemy/cellar/enemy_list.png""}",8,5,0,0,False,,,,,,"{}",0,0.5,"[{""item"":{""item"":""material_tape_forest""},""probability"":0.05,""guaranteeDrop"":false,""guaranteeDropCount"":0,""conditions"":[]}]","[]"
e_orc03,Level/1/A/Enemy/e_orc03/e_orc03.prefab,level/1/a,1A,e_orc03,False,False,"{""spriteAtlas"":""RGTexture/sprite_atlas/cellar.spriteatlasv2"",""sprite"":""enemy_list_41"",""tex"":""Assets/RGTexture/enemy/cellar/enemy_list.png""}",8,4,0,0,False,,,,,,"{}",0,0.5,"[{""item"":{""item"":""material_tape_forest""},""probability"":0.05,""guaranteeDrop"":false,""guaranteeDropCount"":0,""conditions"":[]}]","[]"
e_orc04,Level/1/A/Enemy/e_orc04/e_orc04.prefab,level/1/a,1A,e_orc04,False,False,"{""spriteAtlas"":""RGTexture/sprite_atlas/cellar.spriteatlasv2"",""sprite"":""enemy_list_42"",""tex"":""Assets/RGTexture/enemy/cellar/enemy_list.png""}",15,4,0,0,False,,,,,,"{}",0,0.5,"[{""item"":{""item"":""material_tape_forest""},""probability"":0.05,""guaranteeDrop"":false,""guaranteeDropCount"":0,""conditions"":[]}]","[]"
e_orc05,Level/1/A/Enemy/e_orc05/e_orc05.prefab,level/1/a,1A,e_orc05,False,False,"{""spriteAtlas"":""RGTexture/sprite_atlas/cellar.spriteatlasv2"",""sprite"":""enemy_list_43"",""tex"":""Assets/RGTexture/enemy/cellar/enemy_list.png""}",15,4,0,0,False,,,,,,"{}",0,0.5,"[{""item"":{""item"":""material_tape_forest""},""probability"":0.05,""guaranteeDrop"":false,""guaranteeDropCount"":0,""conditions"":[]}]","[]"
e_orc06,Level/1/A/Enemy/e_orc06/e_orc06.prefab,level/1/a,1A,e_orc06,False,False,"{""spriteAtlas"":""RGTexture/sprite_atlas/cellar.spriteatlasv2"",""sprite"":""enemy_list_44"",""tex"":""Assets/RGTexture/enemy/cellar/enemy_list.png""}",15,5,0,0,False,,,,,,"{}",0,0.5,"[{""item"":{""item"":""material_tape_forest""},""probability"":0.05,""guaranteeDrop"":false,""guaranteeDropCount"":0,""conditions"":[]}]","[]"
e_orc07,Level/1/A/Enemy/e_orc07/e_orc07.prefab,level/1/a,1A,e_orc07,False,False,"{""spriteAtlas"":""RGTexture/sprite_atlas/cellar.spriteatlasv2"",""sprite"":""enemy_list_45"",""tex"":""Assets/RGTexture/enemy/cellar/enemy_list.png""}",15,4,0,0,False,,,,,,"{}",0,0.5,"[{""item"":{""item"":""material_tape_forest""},""probability"":0.05,""guaranteeDrop"":false,""guaranteeDropCount"":0,""conditions"":[]}]","[]"
e_orc08,Level/1/A/Enemy/e_orc08/e_orc08.prefab,level/1/a,1A,e_orc08,False,False,"{""spriteAtlas"":""RGTexture/sprite_atlas/cellar.spriteatlasv2"",""sprite"":""enemy_list_38"",""tex"":""Assets/RGTexture/enemy/cellar/enemy_list.png""}",40,3,0,0,False,,,,,,"{}",0,0.5,"[{""item"":{""item"":""material_tape_forest""},""probability"":0.05,""guaranteeDrop"":false,""guaranteeDropCount"":0,""conditions"":[]}]","[]"
e_orc_elite_archer,Level/1/A/Enemy/e_orc_elite_archer/e_orc_elite_archer.prefab,level/1/a,1A,e_orc_elite_archer,False,False,"{""spriteAtlas"":""RGTexture/sprite_atlas/cellar.spriteatlasv2"",""sprite"":""enemy_list_2_49"",""tex"":""Assets/RGTexture/enemy/cellar/enemy_list_2.png""}",12,4,0,20,False,,,,,,"{}",0,0.5,"[{""item"":{""item"":""material_tape_forest""},""probability"":0.05,""guaranteeDrop"":false,""guaranteeDropCount"":0,""conditions"":[]}]","[]"
e_plottedPlant,Level/1/A/Enemy/e_plottedPlant/e_plottedPlant.prefab,level/1/a,1A,e_plottedPlant,False,False,"{""spriteAtlas"":""RGTexture/sprite_atlas/cellar.spriteatlasv2"",""sprite"":""e_plottedPlant"",""tex"":""Assets/RGTexture/enemy/cellar/e_plottedPlant.png""}",20,4,0,0,False,,,,,,"{}",0,0,"[]","[]"
e_shark,Level/1/A/Enemy/e_shark/e_shark.prefab,level/1/a,1A,e_shark,False,False,"{""spriteAtlas"":""RGTexture/sprite_atlas/cellar.spriteatlasv2"",""sprite"":""enemy_list_83"",""tex"":""Assets/RGTexture/enemy/cellar/enemy_list.png""}",15,2,0,0,False,,,,,,"{}",0,0,"[]","[]"
e_succulent,Level/1/A/Enemy/e_succulent/e_succulent.prefab,level/1/a,1A,e_succulent,False,False,"{""spriteAtlas"":""RGTexture/sprite_atlas/cellar.spriteatlasv2"",""sprite"":""enemy_list_48"",""tex"":""Assets/RGTexture/enemy/cellar/enemy_list.png""}",8,4,0,0,False,,,,,,"{}",0,0.5,"[{""item"":{""item"":""plant_trumpet_seed""},""probability"":2.5,""guaranteeDrop"":false,""guaranteeDropCount"":0,""conditions"":[]}]","[]"
ex_boar01,Level/1/A/Enemy/e_boar01/ex_boar01.prefab,level/1/a,1A,e_boar01,False,True,"{""spriteAtlas"":""RGTexture/sprite_atlas/cellar.spriteatlasv2"",""sprite"":""enemy_list_46"",""tex"":""Assets/RGTexture/enemy/cellar/enemy_list.png""}",26,4,0,0,False,,,,,,"{}",0,0.5,"[{""item"":{""item"":""material_cell""},""probability"":4.0,""guaranteeDrop"":false,""guaranteeDropCount"":0,""conditions"":[]}]","[]"
ex_boar02,Level/1/A/Enemy/e_boar02/ex_boar02.prefab,level/1/a,1A,e_boar02,False,True,"{""spriteAtlas"":""RGTexture/sprite_atlas/cellar.spriteatlasv2"",""sprite"":""enemy_list_47"",""tex"":""Assets/RGTexture/enemy/cellar/enemy_list.png""}",30,3,0,0,False,,,,,,"{}",0,0.5,"[{""item"":{""item"":""material_cell""},""probability"":4.0,""guaranteeDrop"":false,""guaranteeDropCount"":0,""conditions"":[]}]","[]"
ex_fire_sacrifice,Level/1/A/Enemy/e_fire_sacrifice/ex_fire_sacrifice.prefab,level/1/a,1A,e_fire_sacrifice,False,True,"{""spriteAtlas"":""RGTexture/sprite_atlas/cellar.spriteatlasv2"",""sprite"":""enemy_list_2_50"",""tex"":""Assets/RGTexture/enemy/cellar/enemy_list_2.png""}",48,4,0,0,False,,,,,,"{}",0,0.5,"[{""item"":{""item"":""material_tape_forest""},""probability"":0.1,""guaranteeDrop"":false,""guaranteeDropCount"":0,""conditions"":[]}]","[]"
ex_orc01,Level/1/A/Enemy/e_orc01/ex_orc01.prefab,level/1/a,1A,e_orc01,False,True,"{""spriteAtlas"":""RGTexture/sprite_atlas/cellar.spriteatlasv2"",""sprite"":""enemy_list_39"",""tex"":""Assets/RGTexture/enemy/cellar/enemy_list.png""}",24,4,0,0,False,,,,,,"{}",0,0.5,"[{""item"":{""item"":""material_gear""},""probability"":4.0,""guaranteeDrop"":false,""guaranteeDropCount"":0,""conditions"":[]},{""item"":{""item"":""material_tape_forest""},""probability"":0.1,""guaranteeDrop"":false,""guaranteeDropCount"":0,""conditions"":[]}]","[]"
ex_orc02,Level/1/A/Enemy/e_orc02/ex_orc02.prefab,level/1/a,1A,e_orc02,False,True,"{""spriteAtlas"":""RGTexture/sprite_atlas/cellar.spriteatlasv2"",""sprite"":""enemy_list_40"",""tex"":""Assets/RGTexture/enemy/cellar/enemy_list.png""}",32,5,0,0,False,,,,,,"{}",0,0.5,"[{""item"":{""item"":""material_wood""},""probability"":4.0,""guaranteeDrop"":false,""guaranteeDropCount"":0,""conditions"":[]},{""item"":{""item"":""material_tape_forest""},""probability"":0.1,""guaranteeDrop"":false,""guaranteeDropCount"":0,""conditions"":[]}]","[]"
ex_orc03,Level/1/A/Enemy/e_orc03/ex_orc03.prefab,level/1/a,1A,e_orc03,False,True,"{""spriteAtlas"":""RGTexture/sprite_atlas/cellar.spriteatlasv2"",""sprite"":""enemy_list_41"",""tex"":""Assets/RGTexture/enemy/cellar/enemy_list.png""}",24,4,0,0,False,,,,,,"{}",0,0.5,"[{""item"":{""item"":""material_wood""},""probability"":4.0,""guaranteeDrop"":false,""guaranteeDropCount"":0,""conditions"":[]},{""item"":{""item"":""material_tape_forest""},""probability"":0.1,""guaranteeDrop"":false,""guaranteeDropCount"":0,""conditions"":[]}]","[]"
ex_orc04,Level/1/A/Enemy/e_orc04/ex_orc04.prefab,level/1/a,1A,e_orc04,False,True,"{""spriteAtlas"":""RGTexture/sprite_atlas/cellar.spriteatlasv2"",""sprite"":""enemy_list_42"",""tex"":""Assets/RGTexture/enemy/cellar/enemy_list.png""}",40,4,0,0,False,,,,,,"{}",0,0.5,"[{""item"":{""item"":""material_gear""},""probability"":4.0,""guaranteeDrop"":false,""guaranteeDropCount"":0,""conditions"":[]},{""item"":{""item"":""material_tape_forest""},""probability"":0.1,""guaranteeDrop"":false,""guaranteeDropCount"":0,""conditions"":[]}]","[]"
ex_orc05,Level/1/A/Enemy/e_orc05/ex_orc05.prefab,level/1/a,1A,e_orc05,False,True,"{""spriteAtlas"":""RGTexture/sprite_atlas/cellar.spriteatlasv2"",""sprite"":""enemy_list_43"",""tex"":""Assets/RGTexture/enemy/cellar/enemy_list.png""}",50,4,0,0,False,,,,,,"{}",0,0.5,"[{""item"":{""item"":""material_wood""},""probability"":4.0,""guaranteeDrop"":false,""guaranteeDropCount"":0,""conditions"":[]},{""item"":{""item"":""material_tape_forest""},""probability"":0.1,""guaranteeDrop"":false,""guaranteeDropCount"":0,""conditions"":[]}]","[]"
ex_orc06,Level/1/A/Enemy/e_orc06/ex_orc06.prefab,level/1/a,1A,e_orc06,False,True,"{""spriteAtlas"":""RGTexture/sprite_atlas/cellar.spriteatlasv2"",""sprite"":""enemy_list_44"",""tex"":""Assets/RGTexture/enemy/cellar/enemy_list.png""}",55,5,0,0,False,,,,,,"{}",0,0.5,"[{""item"":{""item"":""material_wood""},""probability"":4.0,""guaranteeDrop"":false,""guaranteeDropCount"":0,""conditions"":[]},{""item"":{""item"":""material_tape_forest""},""probability"":0.1,""guaranteeDrop"":false,""guaranteeDropCount"":0,""conditions"":[]}]","[]"
ex_orc07,Level/1/A/Enemy/e_orc07/ex_orc07.prefab,level/1/a,1A,e_orc07,False,True,"{""spriteAtlas"":""RGTexture/sprite_atlas/cellar.spriteatlasv2"",""sprite"":""enemy_list_45"",""tex"":""Assets/RGTexture/enemy/cellar/enemy_list.png""}",45,4,0,0,False,,,,,,"{}",0,0.5,"[{""item"":{""item"":""material_wood""},""probability"":4.0,""guaranteeDrop"":false,""guaranteeDropCount"":0,""conditions"":[]},{""item"":{""item"":""material_tape_forest""},""probability"":0.1,""guaranteeDrop"":false,""guaranteeDropCount"":0,""conditions"":[]}]","[]"
ex_orc08,Level/1/A/Enemy/e_orc08/ex_orc08.prefab,level/1/a,1A,e_orc08,False,True,"{""spriteAtlas"":""RGTexture/sprite_atlas/cellar.spriteatlasv2"",""sprite"":""enemy_list_38"",""tex"":""Assets/RGTexture/enemy/cellar/enemy_list.png""}",120,3,0,0,False,,,,,,"{}",0,1,"[{""item"":{""item"":""material_gear""},""probability"":4.0,""guaranteeDrop"":false,""guaranteeDropCount"":0,""conditions"":[]},{""item"":{""item"":""material_tape_forest""},""probability"":0.1,""guaranteeDrop"":false,""guaranteeDropCount"":0,""conditions"":[]}]","[]"
ex_orc_elite_archer,Level/1/A/Enemy/e_orc_elite_archer/ex_orc_elite_archer.prefab,level/1/a,1A,e_orc_elite_archer,False,True,"{""spriteAtlas"":""RGTexture/sprite_atlas/cellar.spriteatlasv2"",""sprite"":""enemy_list_2_49"",""tex"":""Assets/RGTexture/enemy/cellar/enemy_list_2.png""}",48,4,0,0,False,,,,,,"{}",0,0.5,"[{""item"":{""item"":""material_tape_forest""},""probability"":0.1,""guaranteeDrop"":false,""guaranteeDropCount"":0,""conditions"":[]}]","[]"
ex_plottedPlant,Level/1/A/Enemy/e_plottedPlant/ex_plottedPlant.prefab,level/1/a,1A,e_plottedPlant,False,True,"{""spriteAtlas"":""RGTexture/sprite_atlas/cellar.spriteatlasv2"",""sprite"":""e_plottedPlant"",""tex"":""Assets/RGTexture/enemy/cellar/e_plottedPlant.png""}",60,4,0,10,False,,,,,,"{}",0,0,"[]","[]"
ex_shark,Level/1/A/Enemy/e_shark/ex_shark.prefab,level/1/a,1A,e_shark,False,True,"{""spriteAtlas"":""RGTexture/sprite_atlas/cellar.spriteatlasv2"",""sprite"":""enemy_list_83"",""tex"":""Assets/RGTexture/enemy/cellar/enemy_list.png""}",40,3,0,0,False,,,,,,"{}",0,0,"[]","[]"
ex_succulent,Level/1/A/Enemy/e_succulent/ex_succulent.prefab,level/1/a,1A,e_succulent,False,True,"{""spriteAtlas"":""RGTexture/sprite_atlas/cellar.spriteatlasv2"",""sprite"":""enemy_list_48"",""tex"":""Assets/RGTexture/enemy/cellar/enemy_list.png""}",44,4,0,0,False,,,,,,"{}",0,1,"[{""item"":{""item"":""plant_trumpet_seed""},""probability"":5.0,""guaranteeDrop"":false,""guaranteeDropCount"":0,""conditions"":[]}]","[]"
tmp_e_egg00,Level/1/A/Boss/boss19/tmp_e_egg00.prefab,boss/boss19,1A,e_egg01,True,False,"{}",9,3,0,0,False,,,,,,"{}",0,0,"[]","[]"
tmp_e_egg03,Level/1/A/Boss/boss19/tmp_e_egg03.prefab,boss/boss19,1A,e_egg02,True,False,"{}",9,5,0,0,False,,,,,,"{}",0,0,"[]","[]"
tmp_ex_egg00,Level/1/A/Boss/boss19/tmp_ex_egg00.prefab,boss/boss19,1A,e_egg01,True,True,"{}",16,3,0,0,False,,,,,,"{}",0,0,"[]","[]"
tmp_ex_egg03,Level/1/A/Boss/boss19/tmp_ex_egg03.prefab,boss/boss19,1A,e_egg02,True,True,"{}",14,4,0,0,False,,,,,,"{}",0,0,"[]","[]"
boss09,Level/1/B/Boss/boss09/boss09.prefab,boss/boss09,1B,boss09,False,False,"{""spriteAtlas"":""RGTexture/sprite_atlas/cellar.spriteatlasv2"",""sprite"":""enemy_list_49"",""tex"":""Assets/RGTexture/enemy/cellar/enemy_list.png""}",450,6,0,0,True,,RGSound/bgm/bgm_1High.mp3,Level/1/B/Boss/boss09/r1_boss3.prefab,weapon_122,,"{""boss07"":10,""boss08"":10,""boss14"":10,""boss09"":10,""boss10"":10,""boss10_2"":3,""boss13"":10,""boss22"":10,""boss19"":10,""boss23"":10}",0,1,"[{""item"":{""item"":""material_cell""},""probability"":100.0,""guaranteeDrop"":false,""guaranteeDropCount"":0,""conditions"":[]},{""item"":{""item"":""plant_lotus_seed""},""probability"":25.0,""guaranteeDrop"":false,""guaranteeDropCount"":0,""conditions"":[]},{""item"":{""item"":""material_tape_boss1""},""probability"":7.50000048,""guaranteeDrop"":false,""guaranteeDropCount"":0,""conditions"":[]},{""item"":{""item"":""material_skill_Viking_2""},""probability"":33.0,""guaranteeDrop"":false,""guaranteeDropCount"":0,""conditions"":[{""type"":0,""bluePrint"":{""item"":""blueprint_skill_Viking_2""},""material"":{""item"":""""},""requiredNum"":0,""inverse"":true},{""type"":2,""bluePrint"":{""item"":""""},""material"":{""item"":""material_skill_Viking_2""},""requiredNum"":8,""inverse"":false}]}]","[]"
boss10,Level/1/B/Boss/boss10/boss10.prefab,boss/boss10,1B,boss10,False,False,"{""spriteAtlas"":""RGTexture/sprite_atlas/cellar.spriteatlasv2"",""sprite"":""enemy_list_50"",""tex"":""Assets/RGTexture/enemy/cellar/enemy_list.png""}",400,3,0,0,True,,RGSound/bgm/bgm_1High.mp3,Level/1/B/Boss/boss10/r1_boss4.prefab,weapon_127,boss10_2,"{""boss07"":10,""boss08"":10,""boss14"":10,""boss09"":10,""boss10"":10,""boss10_2"":3,""boss13"":10,""boss22"":10,""boss19"":10,""boss23"":10}",0,1,"[{""item"":{""item"":""material_iron""},""probability"":100.0,""guaranteeDrop"":false,""guaranteeDropCount"":0,""conditions"":[]},{""item"":{""item"":""plant_mushroom_seed""},""probability"":7.50000048,""guaranteeDrop"":false,""guaranteeDropCount"":0,""conditions"":[]},{""item"":{""item"":""material_skin_fragment_boss10""},""probability"":40.0,""guaranteeDrop"":false,""guaranteeDropCount"":0,""conditions"":[]},{""item"":{""item"":""material_tape_boss1""},""probability"":7.50000048,""guaranteeDrop"":false,""guaranteeDropCount"":0,""conditions"":[]}]","[]"
boss10_2,Level/1/B/Boss/boss10/boss10_2.prefab,boss/boss10,1B,boss10_2,False,False,"{""spriteAtlas"":""RGTexture/sprite_atlas/cellar.spriteatlasv2"",""sprite"":""enemy_list_98"",""tex"":""Assets/RGTexture/enemy/cellar/enemy_list.png""}",480,3,0,0,True,,RGSound/bgm/bgm_1High.mp3,Level/1/B/Boss/boss10/r1_boss4.prefab,weapon_306,,"{}",0,1,"[{""item"":{""item"":""material_iron""},""probability"":150.0,""guaranteeDrop"":false,""guaranteeDropCount"":0,""conditions"":[]},{""item"":{""item"":""plant_mushroom_gold_seed""},""probability"":10.0,""guaranteeDrop"":false,""guaranteeDropCount"":0,""conditions"":[]},{""item"":{""item"":""material_skin_fragment_boss10""},""probability"":50.0,""guaranteeDrop"":false,""guaranteeDropCount"":0,""conditions"":[]},{""item"":{""item"":""material_tape_boss1""},""probability"":7.50000048,""guaranteeDrop"":false,""guaranteeDropCount"":0,""conditions"":[]}]","[]"
boss13,Level/1/B/Boss/boss13/boss13.prefab,boss/boss13,1B,boss13,False,False,"{""spriteAtlas"":""RGTexture/sprite_atlas/cellar.spriteatlasv2"",""sprite"":""enemy_list_81"",""tex"":""Assets/RGTexture/enemy/cellar/enemy_list.png""}",400,5,0,0,True,,RGSound/bgm/bgm_1High.mp3,Level/1/B/Boss/boss13/r1_boss6.prefab,weapon_175,,"{""boss07"":10,""boss08"":10,""boss14"":10,""boss09"":10,""boss10"":10,""boss10_2"":3,""boss13"":10,""boss22"":10,""boss19"":10,""boss23"":10}",0,1,"[{""item"":{""item"":""material_wood""},""probability"":50.0,""guaranteeDrop"":false,""guaranteeDropCount"":0,""conditions"":[]},{""item"":{""item"":""plant_carrot_seed""},""probability"":50.0,""guaranteeDrop"":false,""guaranteeDropCount"":0,""conditions"":[]},{""item"":{""item"":""material_tape_ice""},""probability"":30.0000019,""guaranteeDrop"":false,""guaranteeDropCount"":0,""conditions"":[]},{""item"":{""item"":""material_tape_boss1""},""probability"":7.50000048,""guaranteeDrop"":false,""guaranteeDropCount"":0,""conditions"":[]},{""item"":{""item"":""material_ancient_weapon_fragment""},""probability"":150.0,""guaranteeDrop"":false,""guaranteeDropCount"":0,""conditions"":[]},{""item"":{""item"":""material_skill_Warlock_1""},""probability"":15.0,""guaranteeDrop"":false,""guaranteeDropCount"":0,""conditions"":[{""type"":0,""bluePrint"":{""item"":""blueprint_skill_Warlock_1""},""material"":{""item"":""""},""requiredNum"":0,""inverse"":true},{""type"":2,""bluePrint"":{""item"":""""},""material"":{""item"":""material_skill_Warlock_1""},""requiredNum"":8,""inverse"":false}]}]","[]"
e_crystal,Level/1/B/Enemy/e_crystal/e_crystal.prefab,level/1/b,1B,e_crystal,False,False,"{""spriteAtlas"":""RGTexture/sprite_atlas/cellar.spriteatlasv2"",""sprite"":""enemy_list_63"",""tex"":""Assets/RGTexture/enemy/cellar/enemy_list.png""}",12,3,0,0,False,,,,,,"{}",0,0,"[]","[]"
e_miner01,Level/1/B/Enemy/e_miner01/e_miner01.prefab,level/1/b,1B,e_miner01,False,False,"{""spriteAtlas"":""RGTexture/sprite_atlas/cellar.spriteatlasv2"",""sprite"":""enemy_list_58"",""tex"":""Assets/RGTexture/enemy/cellar/enemy_list.png""}",8,5,0,0,False,,,,,,"{}",0,0,"[]","[]"
e_miner02,Level/1/B/Enemy/e_miner02/e_miner02.prefab,level/1/b,1B,e_miner02,False,False,"{""spriteAtlas"":""RGTexture/sprite_atlas/cellar.spriteatlasv2"",""sprite"":""enemy_list_59"",""tex"":""Assets/RGTexture/enemy/cellar/enemy_list.png""}",8,5,0,0,False,,,,,,"{}",0,0,"[]","[]"
e_miner03,Level/1/B/Enemy/e_miner03/e_miner03.prefab,level/1/b,1B,e_miner03,False,False,"{""spriteAtlas"":""RGTexture/sprite_atlas/cellar.spriteatlasv2"",""sprite"":""enemy_list_52"",""tex"":""Assets/RGTexture/enemy/cellar/enemy_list.png""}",12,4,0,0,False,,,,,,"{}",0,0,"[]","[]"
e_miner04,Level/1/B/Enemy/e_miner04/e_miner04.prefab,level/1/b,1B,e_miner04,False,False,"{""spriteAtlas"":""RGTexture/sprite_atlas/cellar.spriteatlasv2"",""sprite"":""enemy_list_61"",""tex"":""Assets/RGTexture/enemy/cellar/enemy_list.png""}",15,4,0,0,False,,,,,,"{}",0,0,"[]","[]"
e_miner05,Level/1/B/Enemy/e_miner05/e_miner05.prefab,level/1/b,1B,e_miner05,False,False,"{""spriteAtlas"":""RGTexture/sprite_atlas/cellar.spriteatlasv2"",""sprite"":""enemy_list_60"",""tex"":""Assets/RGTexture/enemy/cellar/enemy_list.png""}",15,4,0,0,False,,,,,,"{}",0,0,"[]","[]"
e_miner06,Level/1/B/Enemy/e_miner06/e_miner06.prefab,level/1/b,1B,e_miner06,False,False,"{""spriteAtlas"":""RGTexture/sprite_atlas/cellar.spriteatlasv2"",""sprite"":""enemy_list_53"",""tex"":""Assets/RGTexture/enemy/cellar/enemy_list.png""}",20,4,0,0,False,,,,,,"{}",0,0,"[]","[]"
e_snow_monster,Level/1/B/Enemy/e_snow_monster/e_snow_monster.prefab,level/1/b,1B,e_snow_monster,False,False,"{""spriteAtlas"":""RGTexture/sprite_atlas/cellar.spriteatlasv2"",""sprite"":""enemy_list_2_52"",""tex"":""Assets/RGTexture/enemy/cellar/enemy_list_2.png""}",18,8,0,0,False,,,,,,"{}",0,0,"[]","[]"
e_snowman_temp,Level/1/B/Boss/boss13/e_snowman_temp.prefab,boss/boss13,1B,e_snowman_temp,True,False,"{}",9,6,0,0,False,,,,,,"{}",0,0,"[]","[]"
e_spider03,Level/1/B/Enemy/e_spider03/e_spider03.prefab,level/1/b,1B,e_spider03,False,False,"{""spriteAtlas"":""RGTexture/sprite_atlas/cellar.spriteatlasv2"",""sprite"":""enemy_list_65"",""tex"":""Assets/RGTexture/enemy/cellar/enemy_list.png""}",8,5,0,0,False,,,,,,"{}",0,0,"[]","[]"
e_spider04,Level/1/B/Enemy/e_spider04/e_spider04.prefab,level/1/b,1B,e_spider04,False,False,"{""spriteAtlas"":""RGTexture/sprite_atlas/cellar.spriteatlasv2"",""sprite"":""enemy_list_64"",""tex"":""Assets/RGTexture/enemy/cellar/enemy_list.png""}",8,5,0,0,False,,,,,,"{}",0,0,"[]","[]"
e_thunder_miner,Level/1/B/Enemy/e_thunder_miner/e_thunder_miner.prefab,level/1/b,1B,e_thunder_miner,False,False,"{""spriteAtlas"":""RGTexture/sprite_atlas/cellar.spriteatlasv2"",""sprite"":""enemy_list_2_53"",""tex"":""Assets/RGTexture/enemy/cellar/enemy_list_2.png""}",15,6,0,0,False,,,,,,"{}",0,0,"[]","[]"
e_yeti01,Level/1/B/Enemy/e_yeti01/e_yeti01.prefab,level/1/b,1B,e_yeti01,False,False,"{""spriteAtlas"":""RGTexture/sprite_atlas/cellar.spriteatlasv2"",""sprite"":""enemy_list_62"",""tex"":""Assets/RGTexture/enemy/cellar/enemy_list.png""}",9,8,0,0,False,,,,,,"{}",0,0,"[]","[]"
e_yeti02,Level/1/B/Enemy/e_yeti02/e_yeti02.prefab,level/1/b,1B,e_yeti02,False,False,"{""spriteAtlas"":""RGTexture/sprite_atlas/cellar.spriteatlasv2"",""sprite"":""enemy_list_51"",""tex"":""Assets/RGTexture/enemy/cellar/enemy_list.png""}",28,8,0,0,False,,,,,,"{}",0,0,"[]","[]"
ex_crystal,Level/1/B/Enemy/e_crystal/ex_crystal.prefab,level/1/b,1B,e_crystal,False,True,"{""spriteAtlas"":""RGTexture/sprite_atlas/cellar.spriteatlasv2"",""sprite"":""enemy_list_63"",""tex"":""Assets/RGTexture/enemy/cellar/enemy_list.png""}",45,3,0,0,False,,,,,,"{}",0,0.5,"[{""item"":{""item"":""material_battery""},""probability"":4.0,""guaranteeDrop"":false,""guaranteeDropCount"":0,""conditions"":[]}]","[]"
ex_miner01,Level/1/B/Enemy/e_miner01/ex_miner01.prefab,level/1/b,1B,e_miner01,False,True,"{""spriteAtlas"":""RGTexture/sprite_atlas/cellar.spriteatlasv2"",""sprite"":""enemy_list_58"",""tex"":""Assets/RGTexture/enemy/cellar/enemy_list.png""}",32,5,0,0,False,,,,,,"{}",0,0.5,"[{""item"":{""item"":""material_iron""},""probability"":4.0,""guaranteeDrop"":false,""guaranteeDropCount"":0,""conditions"":[]}]","[]"
ex_miner02,Level/1/B/Enemy/e_miner02/ex_miner02.prefab,level/1/b,1B,e_miner02,False,True,"{""spriteAtlas"":""RGTexture/sprite_atlas/cellar.spriteatlasv2"",""sprite"":""enemy_list_59"",""tex"":""Assets/RGTexture/enemy/cellar/enemy_list.png""}",24,5,0,0,False,,,,,,"{}",0,0.5,"[{""item"":{""item"":""material_iron""},""probability"":4.0,""guaranteeDrop"":false,""guaranteeDropCount"":0,""conditions"":[]}]","[]"
ex_miner03,Level/1/B/Enemy/e_miner03/ex_miner03.prefab,level/1/b,1B,e_miner03,False,True,"{""spriteAtlas"":""RGTexture/sprite_atlas/cellar.spriteatlasv2"",""sprite"":""enemy_list_52"",""tex"":""Assets/RGTexture/enemy/cellar/enemy_list.png""}",30,4,0,0,False,,,,,,"{}",0,0.5,"[{""item"":{""item"":""material_iron""},""probability"":4.0,""guaranteeDrop"":false,""guaranteeDropCount"":0,""conditions"":[]}]","[]"
ex_miner04,Level/1/B/Enemy/e_miner04/ex_miner04.prefab,level/1/b,1B,e_miner04,False,True,"{""spriteAtlas"":""RGTexture/sprite_atlas/cellar.spriteatlasv2"",""sprite"":""enemy_list_61"",""tex"":""Assets/RGTexture/enemy/cellar/enemy_list.png""}",35,4,0,0,False,,,,,,"{}",0,0.5,"[{""item"":{""item"":""material_gear""},""probability"":4.0,""guaranteeDrop"":false,""guaranteeDropCount"":0,""conditions"":[]}]","[]"
ex_miner05,Level/1/B/Enemy/e_miner05/ex_miner05.prefab,level/1/b,1B,e_miner05,False,True,"{""spriteAtlas"":""RGTexture/sprite_atlas/cellar.spriteatlasv2"",""sprite"":""enemy_list_60"",""tex"":""Assets/RGTexture/enemy/cellar/enemy_list.png""}",40,4,0,0,False,,,,,,"{}",0,0.5,"[{""item"":{""item"":""material_gear""},""probability"":4.0,""guaranteeDrop"":false,""guaranteeDropCount"":0,""conditions"":[]}]","[]"
ex_miner06,Level/1/B/Enemy/e_miner06/ex_miner06.prefab,level/1/b,1B,e_miner06,False,True,"{""spriteAtlas"":""RGTexture/sprite_atlas/cellar.spriteatlasv2"",""sprite"":""enemy_list_53"",""tex"":""Assets/RGTexture/enemy/cellar/enemy_list.png""}",50,4,0,0,False,,,,,,"{}",0,0.5,"[{""item"":{""item"":""material_battery""},""probability"":4.0,""guaranteeDrop"":false,""guaranteeDropCount"":0,""conditions"":[]}]","[]"
ex_snow_monster,Level/1/B/Enemy/e_snow_monster/ex_snow_monster.prefab,level/1/b,1B,e_snow_monster,False,True,"{""spriteAtlas"":""RGTexture/sprite_atlas/cellar.spriteatlasv2"",""sprite"":""enemy_list_2_52"",""tex"":""Assets/RGTexture/enemy/cellar/enemy_list_2.png""}",60,8,0,0,False,,,,,,"{}",0,1,"[{""item"":{""item"":""material_cell""},""probability"":4.0,""guaranteeDrop"":false,""guaranteeDropCount"":0,""conditions"":[]}]","[]"
ex_spider03,Level/1/B/Enemy/e_spider03/ex_spider03.prefab,level/1/b,1B,e_spider03,False,True,"{""spriteAtlas"":""RGTexture/sprite_atlas/cellar.spriteatlasv2"",""sprite"":""enemy_list_65"",""tex"":""Assets/RGTexture/enemy/cellar/enemy_list.png""}",40,7,0,0,False,,,,,,"{}",0,1,"[{""item"":{""item"":""material_cell""},""probability"":4.0,""guaranteeDrop"":false,""guaranteeDropCount"":0,""conditions"":[]}]","[]"
ex_spider04,Level/1/B/Enemy/e_spider04/ex_spider04.prefab,level/1/b,1B,e_spider04,False,True,"{""spriteAtlas"":""RGTexture/sprite_atlas/cellar.spriteatlasv2"",""sprite"":""enemy_list_64"",""tex"":""Assets/RGTexture/enemy/cellar/enemy_list.png""}",40,7,0,0,False,,,,,,"{}",0,1,"[{""item"":{""item"":""material_cell""},""probability"":4.0,""guaranteeDrop"":false,""guaranteeDropCount"":0,""conditions"":[]}]","[]"
ex_thunder_miner,Level/1/B/Enemy/e_thunder_miner/ex_thunder_miner.prefab,level/1/b,1B,e_thunder_miner,False,True,"{""spriteAtlas"":""RGTexture/sprite_atlas/cellar.spriteatlasv2"",""sprite"":""enemy_list_2_53"",""tex"":""Assets/RGTexture/enemy/cellar/enemy_list_2.png""}",48,6,0,0,False,,,,,,"{}",0,0,"[]","[]"
ex_yeti01,Level/1/B/Enemy/e_yeti01/ex_yeti01.prefab,level/1/b,1B,e_yeti01,False,True,"{""spriteAtlas"":""RGTexture/sprite_atlas/cellar.spriteatlasv2"",""sprite"":""enemy_list_62"",""tex"":""Assets/RGTexture/enemy/cellar/enemy_list.png""}",30,10,0,0,False,,,,,,"{}",0,0.5,"[{""item"":{""item"":""material_cell""},""probability"":4.0,""guaranteeDrop"":false,""guaranteeDropCount"":0,""conditions"":[]}]","[]"
ex_yeti02,Level/1/B/Enemy/e_yeti02/ex_yeti02.prefab,level/1/b,1B,e_yeti02,False,True,"{""spriteAtlas"":""RGTexture/sprite_atlas/cellar.spriteatlasv2"",""sprite"":""enemy_list_51"",""tex"":""Assets/RGTexture/enemy/cellar/enemy_list.png""}",80,8,0,0,False,,,,,,"{}",0,0.5,"[{""item"":{""item"":""material_cell""},""probability"":4.0,""guaranteeDrop"":false,""guaranteeDropCount"":0,""conditions"":[]}]","[]"
boss22,Level/1/C/Boss/boss22/boss22.prefab,boss/boss22,1C,boss22,False,False,"{""spriteAtlas"":""RGTexture/sprite_atlas/cellar.spriteatlasv2"",""sprite"":""enemy_list_105"",""tex"":""Assets/RGTexture/enemy/cellar/enemy_list.png""}",460,6,0,0,True,,RGSound/bgm/bgm_1High.mp3,Level/1/C/Boss/boss22/r1_boss8.prefab,weapon_291,,"{}",0,-3,"[{""item"":{""item"":""material_iron""},""probability"":10.0,""guaranteeDrop"":false,""guaranteeDropCount"":0,""conditions"":[]},{""item"":{""item"":""material_battery""},""probability"":100.0,""guaranteeDrop"":false,""guaranteeDropCount"":0,""conditions"":[]},{""item"":{""item"":""plant_gear_flower_seed""},""probability"":2.0,""guaranteeDrop"":false,""guaranteeDropCount"":0,""conditions"":[]},{""item"":{""item"":""material_skin_fragment_c12_s6""},""probability"":40.0,""guaranteeDrop"":false,""guaranteeDropCount"":0,""conditions"":[]},{""item"":{""item"":""material_tape_ruins""},""probability"":20.0,""guaranteeDrop"":false,""guaranteeDropCount"":0,""conditions"":[]},{""item"":{""item"":""material_tape_boss1""},""probability"":7.50000048,""guaranteeDrop"":false,""guaranteeDropCount"":0,""conditions"":[]},{""item"":{""item"":""material_ancient_weapon_fragment""},""probability"":150.0,""guaranteeDrop"":false,""guaranteeDropCount"":0,""conditions"":[]}]","[]"
boss23,Level/1/C/Boss/boss23/boss23.prefab,boss/boss23,1C,boss23,False,False,"{""spriteAtlas"":""RGTexture/sprite_atlas/cellar.spriteatlasv2"",""sprite"":""enemy_list_116"",""tex"":""Assets/RGTexture/enemy/cellar/enemy_list.png""}",530,7,0,0,True,,RGSound/bgm/bgm_1High.mp3,Level/1/C/Boss/boss23/r1_boss9.prefab,weapon_301,,"{""boss07"":10,""boss08"":10,""boss14"":10,""boss09"":10,""boss10"":10,""boss10_2"":3,""boss13"":10,""boss22"":10,""boss19"":10,""boss23"":10}",0,1,"[{""item"":{""item"":""material_cell""},""probability"":100.0,""guaranteeDrop"":false,""guaranteeDropCount"":0,""conditions"":[]},{""item"":{""item"":""material_iron""},""probability"":100.0,""guaranteeDrop"":false,""guaranteeDropCount"":0,""conditions"":[]},{""item"":{""item"":""material_magic_orange""},""probability"":10.0,""guaranteeDrop"":false,""guaranteeDropCount"":0,""conditions"":[]},{""item"":{""item"":""material_tape_ruins""},""probability"":20.0,""guaranteeDrop"":false,""guaranteeDropCount"":0,""conditions"":[]},{""item"":{""item"":""material_tape_boss1""},""probability"":7.50000048,""guaranteeDrop"":false,""guaranteeDropCount"":0,""conditions"":[]},{""item"":{""item"":""material_skin_fragment_boss23""},""probability"":50.0,""guaranteeDrop"":false,""guaranteeDropCount"":0,""conditions"":[]},{""item"":{""item"":""material_ancient_weapon_fragment""},""probability"":150.0,""guaranteeDrop"":false,""guaranteeDropCount"":0,""conditions"":[]}]","[]"
boss_dead_cell_giant,Level/1/C/Boss/boss_dead_cell_giant/boss_dead_cell_giant.prefab,boss/boss_dead_cell_giant,1C,boss_dead_cell_giant,False,False,"{}",512,0,0,0,True,,RGSound/bgm/bgm_boss_giant_loop.mp3,Level/1/C/Boss/boss_dead_cell_giant/r1_boss11_deadcellgiant.prefab,,,"{""boss08"":10,""boss14"":10,""boss09"":10,""boss10"":10,""boss10_2"":3,""boss13"":10,""boss19"":10,""boss23"":10}",0,-3,"[{""item"":{""item"":""material_iron""},""probability"":10.0,""guaranteeDrop"":false,""guaranteeDropCount"":0,""conditions"":[]},{""item"":{""item"":""material_battery""},""probability"":100.0,""guaranteeDrop"":false,""guaranteeDropCount"":0,""conditions"":[]},{""item"":{""item"":""plant_gear_flower_seed""},""probability"":2.0,""guaranteeDrop"":false,""guaranteeDropCount"":0,""conditions"":[]},{""item"":{""item"":""material_tape_ruins""},""probability"":20.0,""guaranteeDrop"":false,""guaranteeDropCount"":0,""conditions"":[]},{""item"":{""item"":""material_ancient_weapon_fragment""},""probability"":150.0,""guaranteeDrop"":false,""guaranteeDropCount"":0,""conditions"":[]}]","[]"
e_malphite01,Level/1/C/Enemy/e_malphite01/e_malphite01.prefab,level/1/c,1C,e_malphite01,False,False,"{""spriteAtlas"":""RGTexture/sprite_atlas/cellar.spriteatlasv2"",""sprite"":""enemy_list_108"",""tex"":""Assets/RGTexture/enemy/cellar/enemy_list.png""}",8,8,0,0,False,,,,,,"{}",0,0,"[]","[]"
e_malphite01_temp,Level/1/C/Boss/boss22/e_malphite01_temp/e_malphite01_temp.prefab,boss/boss22,1C,e_malphite01,True,False,"{""spriteAtlas"":""RGTexture/sprite_atlas/cellar.spriteatlasv2"",""sprite"":""enemy_list_108"",""tex"":""Assets/RGTexture/enemy/cellar/enemy_list.png""}",7,8,0,0,False,,,,,,"{}",0,0,"[]","[]"
e_malphite02,Level/1/C/Enemy/e_malphite02/e_malphite02.prefab,level/1/c,1C,e_malphite02,False,False,"{""spriteAtlas"":""RGTexture/sprite_atlas/cellar.spriteatlasv2"",""sprite"":""enemy_list_107"",""tex"":""Assets/RGTexture/enemy/cellar/enemy_list.png""}",13,5,0,0,False,,,,,,"{}",0,0,"[]","[]"
e_malphite02_temp,Level/1/C/Boss/boss22/e_malphite02_temp/e_malphite02_temp.prefab,boss/boss22,1C,e_malphite02,True,False,"{""spriteAtlas"":""RGTexture/sprite_atlas/cellar.spriteatlasv2"",""sprite"":""enemy_list_107"",""tex"":""Assets/RGTexture/enemy/cellar/enemy_list.png""}",10,5,0,0,False,,,,,,"{}",0,0,"[]","[]"
e_malphite03,Level/1/C/Enemy/e_malphite03/e_malphite03.prefab,level/1/c,1C,e_malphite03,False,False,"{""spriteAtlas"":""RGTexture/sprite_atlas/cellar.spriteatlasv2"",""sprite"":""enemy_list_106"",""tex"":""Assets/RGTexture/enemy/cellar/enemy_list.png""}",30,8,0,0,False,,,,,,"{}",0,0,"[]","[]"
e_monkey01,Level/1/C/Enemy/e_monkey01/e_monkey01.prefab,level/1/c,1C,e_monkey01,False,False,"{""spriteAtlas"":""RGTexture/sprite_atlas/cellar.spriteatlasv2"",""sprite"":""enemy_list_109"",""tex"":""Assets/RGTexture/enemy/cellar/enemy_list.png""}",14,8,0,0,False,,,,,,"{}",0,0,"[]","[]"
e_monkey02,Level/1/C/Enemy/e_monkey02/e_monkey02.prefab,level/1/c,1C,e_monkey02,False,False,"{""spriteAtlas"":""RGTexture/sprite_atlas/cellar.spriteatlasv2"",""sprite"":""enemy_list_115"",""tex"":""Assets/RGTexture/enemy/cellar/enemy_list.png""}",9,8,0,0,False,,,,,,"{}",0,0,"[]","[]"
e_monkey03,Level/1/C/Enemy/e_monkey03/e_monkey03.prefab,level/1/c,1C,e_monkey03,False,False,"{""spriteAtlas"":""RGTexture/sprite_atlas/cellar.spriteatlasv2"",""sprite"":""enemy_list_114"",""tex"":""Assets/RGTexture/enemy/cellar/enemy_list.png""}",14,6,0,0,False,,,,,,"{}",0,0,"[]","[]"
e_monkey04,Level/1/C/Enemy/e_monkey04/e_monkey04.prefab,level/1/c,1C,e_monkey04,False,False,"{""spriteAtlas"":""RGTexture/sprite_atlas/cellar.spriteatlasv2"",""sprite"":""enemy_list_113"",""tex"":""Assets/RGTexture/enemy/cellar/enemy_list.png""}",14,6,0,0,False,,,,,,"{}",0,0,"[]","[]"
e_monkey05,Level/1/C/Enemy/e_monkey05/e_monkey05.prefab,level/1/c,1C,e_monkey05,False,False,"{""spriteAtlas"":""RGTexture/sprite_atlas/cellar.spriteatlasv2"",""sprite"":""enemy_list_110"",""tex"":""Assets/RGTexture/enemy/cellar/enemy_list.png""}",15,8,0,0,False,,,,,,"{}",0,0,"[]","[]"
e_rockcrab,Level/1/C/Enemy/e_rockcrab/e_rockcrab.prefab,level/1/c,1C,e_rockcrab,False,False,"{""spriteAtlas"":""RGTexture/sprite_atlas/cellar.spriteatlasv2"",""sprite"":""enemy_list_112"",""tex"":""Assets/RGTexture/enemy/cellar/enemy_list.png""}",22,3,0,0,False,,,,,,"{}",0,0.5,"[]","[]"
e_ruinsworm,Level/1/C/Enemy/e_ruinsworm/e_ruinsworm.prefab,level/1/c,1C,e_ruinsworm,False,False,"{""spriteAtlas"":""RGTexture/sprite_atlas/cellar.spriteatlasv2"",""sprite"":""enemy_list_111"",""tex"":""Assets/RGTexture/enemy/cellar/enemy_list.png""}",10,3,0,0,False,,,,,,"{}",0,0,"[]","[]"
e_statueCrab,Level/1/C/Enemy/e_statueCrab/e_statueCrab.prefab,level/1/c,1C,e_statueCrab,False,False,"{""spriteAtlas"":""RGTexture/sprite_atlas/cellar.spriteatlasv2"",""sprite"":""e_statueCrab"",""tex"":""Assets/RGTexture/enemy/cellar/e_statueCrab.png""}",16,3,0,0,False,,,,,,"{}",0,0.5,"[]","[]"
e_statueCrab_host,Level/1/C/Enemy/e_statueCrab_host/e_statueCrab_host.prefab,level/1/c,1C,,False,False,"{}",8,8,0,0,False,,,,,,"{}",0,0,"[]","[]"
ex_malphite01,Level/1/C/Enemy/e_malphite01/ex_malphite01.prefab,level/1/c,1C,e_malphite01,False,True,"{""spriteAtlas"":""RGTexture/sprite_atlas/cellar.spriteatlasv2"",""sprite"":""enemy_list_108"",""tex"":""Assets/RGTexture/enemy/cellar/enemy_list.png""}",25,8,0,0,False,,,,,,"{}",0,0.5,"[{""item"":{""item"":""material_gear""},""probability"":4.0,""guaranteeDrop"":false,""guaranteeDropCount"":0,""conditions"":[]}]","[]"
ex_malphite02,Level/1/C/Enemy/e_malphite02/ex_malphite02.prefab,level/1/c,1C,e_malphite02,False,True,"{""spriteAtlas"":""RGTexture/sprite_atlas/cellar.spriteatlasv2"",""sprite"":""enemy_list_107"",""tex"":""Assets/RGTexture/enemy/cellar/enemy_list.png""}",45,5,0,0,False,,,,,,"{}",0,0.5,"[{""item"":{""item"":""material_battery""},""probability"":4.0,""guaranteeDrop"":false,""guaranteeDropCount"":0,""conditions"":[]}]","[]"
ex_malphite03,Level/1/C/Enemy/e_malphite03/ex_malphite03.prefab,level/1/c,1C,e_malphite03,False,True,"{""spriteAtlas"":""RGTexture/sprite_atlas/cellar.spriteatlasv2"",""sprite"":""enemy_list_106"",""tex"":""Assets/RGTexture/enemy/cellar/enemy_list.png""}",130,8,0,0,False,,,,,,"{}",0,0.5,"[{""item"":{""item"":""material_iron""},""probability"":4.0,""guaranteeDrop"":false,""guaranteeDropCount"":0,""conditions"":[]}]","[]"
ex_monkey01,Level/1/C/Enemy/e_monkey01/ex_monkey01.prefab,level/1/c,1C,e_monkey01,False,True,"{""spriteAtlas"":""RGTexture/sprite_atlas/cellar.spriteatlasv2"",""sprite"":""enemy_list_109"",""tex"":""Assets/RGTexture/enemy/cellar/enemy_list.png""}",45,8,0,0,False,,,,,,"{}",0,0.5,"[{""item"":{""item"":""material_fertilize""},""probability"":4.0,""guaranteeDrop"":false,""guaranteeDropCount"":0,""conditions"":[]}]","[]"
ex_monkey02,Level/1/C/Enemy/e_monkey02/ex_monkey02.prefab,level/1/c,1C,e_monkey02,False,True,"{""spriteAtlas"":""RGTexture/sprite_atlas/cellar.spriteatlasv2"",""sprite"":""enemy_list_115"",""tex"":""Assets/RGTexture/enemy/cellar/enemy_list.png""}",30,8,0,0,False,,,,,,"{}",0,0.5,"[{""item"":{""item"":""material_fertilize""},""probability"":4.0,""guaranteeDrop"":false,""guaranteeDropCount"":0,""conditions"":[]}]","[]"
ex_monkey03,Level/1/C/Enemy/e_monkey03/ex_monkey03.prefab,level/1/c,1C,e_monkey03,False,True,"{""spriteAtlas"":""RGTexture/sprite_atlas/cellar.spriteatlasv2"",""sprite"":""enemy_list_114"",""tex"":""Assets/RGTexture/enemy/cellar/enemy_list.png""}",46,6,0,0,False,,,,,,"{}",0,0.5,"[{""item"":{""item"":""material_wood""},""probability"":4.0,""guaranteeDrop"":false,""guaranteeDropCount"":0,""conditions"":[]}]","[]"
ex_monkey04,Level/1/C/Enemy/e_monkey04/ex_monkey04.prefab,level/1/c,1C,e_monkey04,False,True,"{""spriteAtlas"":""RGTexture/sprite_atlas/cellar.spriteatlasv2"",""sprite"":""enemy_list_113"",""tex"":""Assets/RGTexture/enemy/cellar/enemy_list.png""}",46,6,0,0,False,,,,,,"{}",0,0.5,"[{""item"":{""item"":""material_wood""},""probability"":4.0,""guaranteeDrop"":false,""guaranteeDropCount"":0,""conditions"":[]}]","[]"
ex_monkey05,Level/1/C/Enemy/e_monkey05/ex_monkey05.prefab,level/1/c,1C,e_monkey05,False,True,"{""spriteAtlas"":""RGTexture/sprite_atlas/cellar.spriteatlasv2"",""sprite"":""enemy_list_110"",""tex"":""Assets/RGTexture/enemy/cellar/enemy_list.png""}",45,8,0,0,False,,,,,,"{}",0,0.5,"[{""item"":{""item"":""material_cell""},""probability"":4.0,""guaranteeDrop"":false,""guaranteeDropCount"":0,""conditions"":[]}]","[]"
ex_rockcrab,Level/1/C/Enemy/e_rockcrab/ex_rockcrab.prefab,level/1/c,1C,e_rockcrab,False,True,"{""spriteAtlas"":""RGTexture/sprite_atlas/cellar.spriteatlasv2"",""sprite"":""enemy_list_112"",""tex"":""Assets/RGTexture/enemy/cellar/enemy_list.png""}",66,3,0,0,False,,,,,,"{}",0,0.5,"[{""item"":{""item"":""material_iron""},""probability"":4.0,""guaranteeDrop"":false,""guaranteeDropCount"":0,""conditions"":[]}]","[]"
ex_ruinsworm,Level/1/C/Enemy/e_ruinsworm/ex_ruinsworm.prefab,level/1/c,1C,e_ruinsworm,False,True,"{""spriteAtlas"":""RGTexture/sprite_atlas/cellar.spriteatlasv2"",""sprite"":""enemy_list_111"",""tex"":""Assets/RGTexture/enemy/cellar/enemy_list.png""}",30,3,0,0,False,,,,,,"{}",0,0.5,"[{""item"":{""item"":""material_cell""},""probability"":4.0,""guaranteeDrop"":false,""guaranteeDropCount"":0,""conditions"":[]}]","[]"
ex_statueCrab,Level/1/C/Enemy/e_statueCrab/ex_statueCrab.prefab,level/1/c,1C,e_statueCrab,False,True,"{""spriteAtlas"":""RGTexture/sprite_atlas/cellar.spriteatlasv2"",""sprite"":""e_statueCrab"",""tex"":""Assets/RGTexture/enemy/cellar/e_statueCrab.png""}",48,3,0,0,False,,,,,,"{}",0,0.5,"[]","[]"
ex_statueCrab_host,Level/1/C/Enemy/e_statueCrab_host/ex_statueCrab_host.prefab,level/1/c,1C,,False,True,"{}",8,8,0,0,False,,,,,,"{}",0,0,"[]","[]"
boss30,Level/1/G/Boss/boss30/boss30.prefab,boss/boss30,1G,boss30,False,False,"{""spriteAtlas"":""RGTexture/sprite_atlas/cellar.spriteatlasv2"",""sprite"":""boss30"",""tex"":""Assets/RGTexture/enemy/cellar/boss30.png""}",600,3,0,0,True,,RGSound/bgm/bgm_2High.mp3,Level/1/G/Boss/boss30/r1_boss30.prefab,,,"{""boss07"":10,""boss08"":10,""boss14"":10,""boss09"":10,""boss10"":10,""boss10_2"":3,""boss13"":10,""boss22"":10,""boss19"":10,""boss23"":10}",0,1,"[{""item"":{""item"":""material_magic_blue""},""probability"":100.0,""guaranteeDrop"":false,""guaranteeDropCount"":0,""conditions"":[]},{""item"":{""item"":""material_battery""},""probability"":50.0,""guaranteeDrop"":false,""guaranteeDropCount"":0,""conditions"":[]},{""item"":{""item"":""material_gear""},""probability"":50.0,""guaranteeDrop"":false,""guaranteeDropCount"":0,""conditions"":[]},{""item"":{""item"":""material_iron""},""probability"":50.0,""guaranteeDrop"":false,""guaranteeDropCount"":0,""conditions"":[]},{""item"":{""item"":""material_tape_boss1""},""probability"":7.50000048,""guaranteeDrop"":false,""guaranteeDropCount"":0,""conditions"":[]},{""item"":{""item"":""material_ancient_weapon_fragment""},""probability"":175.0,""guaranteeDrop"":false,""guaranteeDropCount"":0,""conditions"":[]},{""item"":{""item"":""material_skin_fragment_boss30""},""probability"":40.0,""guaranteeDrop"":false,""guaranteeDropCount"":0,""conditions"":[]},{""item"":{""item"":""material_skin_fragment_c12_s12""},""probability"":40.0,""guaranteeDrop"":false,""guaranteeDropCount"":0,""conditions"":[]}]","[]"
boss_dream_dog,Level/1/G/Boss/boss_dream_dog/boss_dream_dog.prefab,boss/boss_dream_dog,1G,boss_dream_dog,False,False,"{}",16,6,0.5,0,True,,RGSound/bgm/bgm_2High.mp3,Level/1/G/Boss/boss_dream_dog/r1_boss_dream_dog.prefab,,,"{}",0,0,"[{""item"":{""item"":""material_magic_blue""},""probability"":100.0,""guaranteeDrop"":false,""guaranteeDropCount"":0,""conditions"":[]},{""item"":{""item"":""material_battery""},""probability"":50.0,""guaranteeDrop"":false,""guaranteeDropCount"":0,""conditions"":[]},{""item"":{""item"":""material_gear""},""probability"":50.0,""guaranteeDrop"":false,""guaranteeDropCount"":0,""conditions"":[]},{""item"":{""item"":""material_iron""},""probability"":50.0,""guaranteeDrop"":false,""guaranteeDropCount"":0,""conditions"":[]},{""item"":{""item"":""material_tape_boss1""},""probability"":7.50000048,""guaranteeDrop"":false,""guaranteeDropCount"":0,""conditions"":[]},{""item"":{""item"":""material_ancient_weapon_fragment""},""probability"":175.0,""guaranteeDrop"":false,""guaranteeDropCount"":0,""conditions"":[]},{""item"":{""item"":""material_skin_fragment_boss30""},""probability"":40.0,""guaranteeDrop"":false,""guaranteeDropCount"":0,""conditions"":[]},{""item"":{""item"":""material_skin_fragment_c12_s12""},""probability"":40.0,""guaranteeDrop"":false,""guaranteeDropCount"":0,""conditions"":[]}]","[]"
e_dream_angry,Level/1/G/Enemy/dream_angry/e_dream_angry.prefab,level/1/g,1G,e_dream_angry,False,False,"{}",16,6,0.5,0,False,,,,,,"{}",0,0,"[]","[]"
e_dream_hate,Level/1/G/Enemy/dream_hate/e_dream_hate.prefab,level/1/g,1G,e_dream_hate,False,False,"{}",16,6,0.5,0,False,,,,,,"{}",0,0,"[]","[]"
e_dream_sad,Level/1/G/Enemy/dream_sad/e_dream_sad.prefab,level/1/g,1G,e_dream_sad,False,False,"{}",16,6,0.5,0,False,,,,,,"{}",0,0,"[]","[]"
e_dream_think,Level/1/G/Enemy/dream_think/e_dream_think.prefab,level/1/g,1G,e_dream_think,False,False,"{}",16,6,0.5,0,False,,,,,,"{}",0,0,"[]","[]"
e_old_alien02,Level/1/G/Enemy/e_old_alien02/e_old_alien02.prefab,level/1/g,1G,e_old_alien02,False,False,"{""spriteAtlas"":""RGTexture/sprite_atlas/cellar.spriteatlasv2"",""sprite"":""enemy_list_2_59"",""tex"":""Assets/RGTexture/enemy/cellar/enemy_list_2.png""}",8,5,0,0,False,,,,,,"{}",0,0.5,"[{""item"":{""item"":""material_skin_fragment_c12_s12""},""probability"":1.0,""guaranteeDrop"":false,""guaranteeDropCount"":0,""conditions"":[]}]","[]"
e_old_alien03,Level/1/G/Enemy/e_old_alien03/e_old_alien03.prefab,level/1/g,1G,e_old_alien03,False,False,"{""spriteAtlas"":""RGTexture/sprite_atlas/cellar.spriteatlasv2"",""sprite"":""enemy_list_2_60"",""tex"":""Assets/RGTexture/enemy/cellar/enemy_list_2.png""}",8,4,0,0,False,,,,,,"{}",0,0.5,"[{""item"":{""item"":""material_skin_fragment_c12_s12""},""probability"":1.0,""guaranteeDrop"":false,""guaranteeDropCount"":0,""conditions"":[]}]","[]"
e_old_battery,Level/1/G/Enemy/e_old_battery/e_old_battery.prefab,level/1/g,1G,e_old_battery,False,False,"{""spriteAtlas"":""RGTexture/sprite_atlas/cellar.spriteatlasv2"",""sprite"":""enemy_list_2_57"",""tex"":""Assets/RGTexture/enemy/cellar/enemy_list_2.png""}",10,0,0,0,False,,,,,,"{}",0,0.5,"[{""item"":{""item"":""material_gear""},""probability"":2.5,""guaranteeDrop"":false,""guaranteeDropCount"":0,""conditions"":[]},{""item"":{""item"":""material_battery""},""probability"":2.5,""guaranteeDrop"":false,""guaranteeDropCount"":0,""conditions"":[]},{""item"":{""item"":""material_skin_fragment_c12_s12""},""probability"":1.0,""guaranteeDrop"":false,""guaranteeDropCount"":0,""conditions"":[]}]","[]"
e_old_creeper_fly,Level/1/G/Enemy/e_old_creeper_fly/e_old_creeper_fly.prefab,level/1/g,1G,e_old_creeper_fly,False,False,"{""spriteAtlas"":""RGTexture/sprite_atlas/cellar.spriteatlasv2"",""sprite"":""e_old_creeper_fly"",""tex"":""Assets/RGTexture/enemy/cellar/e_old_creeper_fly.png""}",20,6,0,0,False,,,,,,"{}",0,0.5,"[{""item"":{""item"":""material_skin_fragment_c12_s12""},""probability"":1.0,""guaranteeDrop"":false,""guaranteeDropCount"":0,""conditions"":[]}]","[]"
e_old_hammer,Level/1/G/Enemy/e_old_hammer/e_old_hammer.prefab,level/1/g,1G,e_old_hammer,False,False,"{""spriteAtlas"":""RGTexture/sprite_atlas/cellar.spriteatlasv2"",""sprite"":""enemy_list_2_61"",""tex"":""Assets/RGTexture/enemy/cellar/enemy_list_2.png""}",25,5,0,0,False,,,,,,"{}",0,0.5,"[{""item"":{""item"":""material_skin_fragment_c12_s12""},""probability"":1.0,""guaranteeDrop"":false,""guaranteeDropCount"":0,""conditions"":[]}]","[]"
e_old_transitionPort,Level/1/G/Enemy/e_old_transitionPort/e_old_transitionPort.prefab,level/1/g,1G,e_old_transitionPort,False,False,"{""spriteAtlas"":""RGTexture/sprite_atlas/cellar.spriteatlasv2"",""sprite"":""enemy_list_2_58"",""tex"":""Assets/RGTexture/enemy/cellar/enemy_list_2.png""}",6,0,0,0,False,,,,,,"{}",0,0,"[]","[]"
e_old_worm,Level/1/G/Enemy/e_old_worm/e_old_worm.prefab,level/1/g,1G,e_old_worm,False,False,"{""spriteAtlas"":""RGTexture/sprite_atlas/cellar.spriteatlasv2"",""sprite"":""e_old_worm"",""tex"":""Assets/RGTexture/enemy/cellar/e_old_worm.png""}",12,6,0,0,False,,,,,,"{}",0,0.5,"[{""item"":{""item"":""material_skin_fragment_c12_s12""},""probability"":1.0,""guaranteeDrop"":false,""guaranteeDropCount"":0,""conditions"":[]}]","[]"
ex_old_alien02,Level/1/G/Enemy/e_old_alien02/ex_old_alien02.prefab,level/1/g,1G,e_old_alien02,False,True,"{""spriteAtlas"":""RGTexture/sprite_atlas/cellar.spriteatlasv2"",""sprite"":""enemy_list_2_59"",""tex"":""Assets/RGTexture/enemy/cellar/enemy_list_2.png""}",32,5,0,0,False,,,,,,"{}",0,0.5,"[{""item"":{""item"":""material_skin_fragment_c12_s12""},""probability"":2.0,""guaranteeDrop"":false,""guaranteeDropCount"":0,""conditions"":[]}]","[]"
ex_old_alien03,Level/1/G/Enemy/e_old_alien03/ex_old_alien03.prefab,level/1/g,1G,e_old_alien03,False,True,"{""spriteAtlas"":""RGTexture/sprite_atlas/cellar.spriteatlasv2"",""sprite"":""enemy_list_2_60"",""tex"":""Assets/RGTexture/enemy/cellar/enemy_list_2.png""}",24,4,0,0,False,,,,,,"{}",0,0.5,"[{""item"":{""item"":""material_skin_fragment_c12_s12""},""probability"":2.0,""guaranteeDrop"":false,""guaranteeDropCount"":0,""conditions"":[]}]","[]"
ex_old_battery,Level/1/G/Enemy/e_old_battery/ex_old_battery.prefab,level/1/g,1G,e_old_battery,False,True,"{""spriteAtlas"":""RGTexture/sprite_atlas/cellar.spriteatlasv2"",""sprite"":""enemy_list_2_57"",""tex"":""Assets/RGTexture/enemy/cellar/enemy_list_2.png""}",30,0,0,0,False,,,,,,"{}",0,0.5,"[{""item"":{""item"":""material_gear""},""probability"":5.0,""guaranteeDrop"":false,""guaranteeDropCount"":0,""conditions"":[]},{""item"":{""item"":""material_battery""},""probability"":6.0,""guaranteeDrop"":false,""guaranteeDropCount"":0,""conditions"":[]},{""item"":{""item"":""material_skin_fragment_c12_s12""},""probability"":2.0,""guaranteeDrop"":false,""guaranteeDropCount"":0,""conditions"":[]}]","[]"
ex_old_creeper_fly,Level/1/G/Enemy/e_old_creeper_fly/ex_old_creeper_fly.prefab,level/1/g,1G,e_old_creeper_fly,False,True,"{""spriteAtlas"":""RGTexture/sprite_atlas/cellar.spriteatlasv2"",""sprite"":""e_old_creeper_fly"",""tex"":""Assets/RGTexture/enemy/cellar/e_old_creeper_fly.png""}",40,5,0,0,False,,,,,,"{}",0,0.5,"[{""item"":{""item"":""material_skin_fragment_c12_s12""},""probability"":2.0,""guaranteeDrop"":false,""guaranteeDropCount"":0,""conditions"":[]}]","[]"
ex_old_hammer,Level/1/G/Enemy/e_old_hammer/ex_old_hammer.prefab,level/1/g,1G,e_old_hammer,False,True,"{""spriteAtlas"":""RGTexture/sprite_atlas/cellar.spriteatlasv2"",""sprite"":""enemy_list_2_61"",""tex"":""Assets/RGTexture/enemy/cellar/enemy_list_2.png""}",32,5,0,0,False,,,,,,"{}",0,0.5,"[{""item"":{""item"":""material_iron""},""probability"":5.0,""guaranteeDrop"":false,""guaranteeDropCount"":0,""conditions"":[]},{""item"":{""item"":""material_skin_fragment_c12_s12""},""probability"":2.0,""guaranteeDrop"":false,""guaranteeDropCount"":0,""conditions"":[]}]","[]"
ex_old_transitionPort,Level/1/G/Enemy/e_old_transitionPort/ex_old_transitionPort.prefab,level/1/g,1G,e_old_transitionPort,False,True,"{""spriteAtlas"":""RGTexture/sprite_atlas/cellar.spriteatlasv2"",""sprite"":""enemy_list_2_58"",""tex"":""Assets/RGTexture/enemy/cellar/enemy_list_2.png""}",10,0,0,0,False,,,,,,"{}",0,0,"[]","[]"
ex_old_worm,Level/1/G/Enemy/e_old_worm/ex_old_worm.prefab,level/1/g,1G,e_old_worm,False,True,"{""spriteAtlas"":""RGTexture/sprite_atlas/cellar.spriteatlasv2"",""sprite"":""e_old_worm"",""tex"":""Assets/RGTexture/enemy/cellar/e_old_worm.png""}",50,10,0,0,False,,,,,,"{}",0,0.5,"[{""item"":{""item"":""material_skin_fragment_c12_s12""},""probability"":2.0,""guaranteeDrop"":false,""guaranteeDropCount"":0,""conditions"":[]}]","[]"
boss01,Level/2/A/Boss/boss01/boss01.prefab,boss/boss01,2A,boss01,False,False,"{""spriteAtlas"":""RGTexture/sprite_atlas/cellar.spriteatlasv2"",""sprite"":""enemy_list_99"",""tex"":""Assets/RGTexture/enemy/cellar/enemy_list.png""}",600,6,0,0,True,,RGSound/bgm/bgm_2High.mp3,Level/2/A/Boss/boss01/r2_boss1.prefab,weapon_077,boss01_2,"{""boss01"":10,""boss01_2"":3,""boss02"":10,""boss03"":10,""boss04"":10,""boss15"":10,""boss16"":10,""boss20"":10,""bossnian"":6}",0,1,"[{""item"":{""item"":""material_iron""},""probability"":150.0,""guaranteeDrop"":false,""guaranteeDropCount"":0,""conditions"":[]},{""item"":{""item"":""plant_heptacolor_seed""},""probability"":50.0,""guaranteeDrop"":false,""guaranteeDropCount"":0,""conditions"":[]},{""item"":{""item"":""material_skin_fragment_boss01""},""probability"":50.0,""guaranteeDrop"":false,""guaranteeDropCount"":0,""conditions"":[]},{""item"":{""item"":""material_tape_castle""},""probability"":20.0,""guaranteeDrop"":false,""guaranteeDropCount"":0,""conditions"":[]},{""item"":{""item"":""material_tape_boss2""},""probability"":7.50000048,""guaranteeDrop"":false,""guaranteeDropCount"":0,""conditions"":[]},{""item"":{""item"":""material_ancient_weapon_fragment""},""probability"":150.0,""guaranteeDrop"":false,""guaranteeDropCount"":0,""conditions"":[]}]","[]"
boss01_2,Level/2/A/Boss/boss01/boss01_2.prefab,boss/boss01,2A,boss01_2,False,False,"{""spriteAtlas"":""RGTexture/sprite_atlas/cellar.spriteatlasv2"",""sprite"":""enemy_list_100"",""tex"":""Assets/RGTexture/enemy/cellar/enemy_list.png""}",800,6,0,0,True,,RGSound/bgm/bgm_2High.mp3,Level/2/A/Boss/boss01/r2_boss1.prefab,weapon_307,,"{}",0,1,"[{""item"":{""item"":""material_iron""},""probability"":200.0,""guaranteeDrop"":false,""guaranteeDropCount"":0,""conditions"":[]},{""item"":{""item"":""plant_heptacolor_seed""},""probability"":70.0,""guaranteeDrop"":false,""guaranteeDropCount"":0,""conditions"":[]},{""item"":{""item"":""material_tape_castle""},""probability"":40.0,""guaranteeDrop"":false,""guaranteeDropCount"":0,""conditions"":[]},{""item"":{""item"":""material_tape_boss2""},""probability"":7.50000048,""guaranteeDrop"":false,""guaranteeDropCount"":0,""conditions"":[]},{""item"":{""item"":""material_ancient_weapon_fragment""},""probability"":150.0,""guaranteeDrop"":false,""guaranteeDropCount"":0,""conditions"":[]}]","[]"
boss02,Level/2/A/Boss/boss02/boss02.prefab,boss/boss02,2A,boss02,False,False,"{""spriteAtlas"":""RGTexture/sprite_atlas/cellar.spriteatlasv2"",""sprite"":""enemy_list_31"",""tex"":""Assets/RGTexture/enemy/cellar/enemy_list.png""}",500,5,0,0,True,,RGSound/bgm/bgm_2High.mp3,Level/2/A/Boss/boss02/r2_boss2.prefab,weapon_145,,"{""boss01"":10,""boss01_2"":3,""boss02"":10,""boss03"":10,""boss04"":10,""boss15"":10,""boss16"":10,""boss20"":10,""bossnian"":6}",0,1,"[{""item"":{""item"":""material_magic_blue""},""probability"":12.0,""guaranteeDrop"":false,""guaranteeDropCount"":0,""conditions"":[]},{""item"":{""item"":""material_magic_green""},""probability"":12.0,""guaranteeDrop"":false,""guaranteeDropCount"":0,""conditions"":[]},{""item"":{""item"":""material_magic_purple""},""probability"":12.0,""guaranteeDrop"":false,""guaranteeDropCount"":0,""conditions"":[]},{""item"":{""item"":""material_magic_red""},""probability"":12.0,""guaranteeDrop"":false,""guaranteeDropCount"":0,""conditions"":[]},{""item"":{""item"":""material_magic_black""},""probability"":12.0,""guaranteeDrop"":false,""guaranteeDropCount"":0,""conditions"":[]},{""item"":{""item"":""material_magic_orange""},""probability"":12.0,""guaranteeDrop"":false,""guaranteeDropCount"":0,""conditions"":[]},{""item"":{""item"":""material_skin_fragment_boss02""},""probability"":50.0,""guaranteeDrop"":false,""guaranteeDropCount"":0,""conditions"":[]},{""item"":{""item"":""material_tape_boss2""},""probability"":7.50000048,""guaranteeDrop"":false,""guaranteeDropCount"":0,""conditions"":[]},{""item"":{""item"":""material_ancient_weapon_fragment""},""probability"":150.0,""guaranteeDrop"":false,""guaranteeDropCount"":0,""conditions"":[]}]","[]"
boss20,Level/2/A/Boss/boss20/boss20.prefab,boss/boss20,2A,boss20,False,False,"{""spriteAtlas"":""RGTexture/sprite_atlas/cellar.spriteatlasv2"",""sprite"":""enemy_list_102"",""tex"":""Assets/RGTexture/enemy/cellar/enemy_list.png""}",700,6,0,0,True,,RGSound/bgm/bgm_2High.mp3,Level/2/A/Boss/boss20/r2_boss7.prefab,weapon_253,,"{""boss01"":10,""boss01_2"":3,""boss02"":10,""boss03"":10,""boss04"":10,""boss15"":10,""boss16"":10,""boss20"":10,""bossnian"":6}",0,1,"[{""item"":{""item"":""material_cell""},""probability"":100.0,""guaranteeDrop"":false,""guaranteeDropCount"":0,""conditions"":[]},{""item"":{""item"":""material_fertilize""},""probability"":100.0,""guaranteeDrop"":false,""guaranteeDropCount"":0,""conditions"":[]},{""item"":{""item"":""material_tape_boss2""},""probability"":7.50000048,""guaranteeDrop"":false,""guaranteeDropCount"":0,""conditions"":[]},{""item"":{""item"":""material_ancient_weapon_fragment""},""probability"":150.0,""guaranteeDrop"":false,""guaranteeDropCount"":0,""conditions"":[]}]","[]"
e_dark_knight,Level/2/A/Enemy/e_dark_knight/e_dark_knight.prefab,level/2/a,2A,e_dark_knight,False,False,"{""spriteAtlas"":""RGTexture/sprite_atlas/cellar.spriteatlasv2"",""sprite"":""enemy_list_2_51"",""tex"":""Assets/RGTexture/enemy/cellar/enemy_list_2.png""}",48,3,0,0,False,,,,,,"{}",0,0,"[]","[]"
e_giant,Level/2/A/Enemy/e_giant/e_giant.prefab,level/2/a,2A,e_giant,False,False,"{""spriteAtlas"":""RGTexture/sprite_atlas/cellar.spriteatlasv2"",""sprite"":""enemy_list_27"",""tex"":""Assets/RGTexture/enemy/cellar/enemy_list.png""}",60,3,0,0,False,,,,,,"{}",0,0,"[]","[]"
e_knight01,Level/2/A/Enemy/e_knight01/e_knight01.prefab,level/2/a,2A,e_knight01,False,False,"{""spriteAtlas"":""RGTexture/sprite_atlas/cellar.spriteatlasv2"",""sprite"":""enemy_list_1"",""tex"":""Assets/RGTexture/enemy/cellar/enemy_list.png""}",12,4,0,0,False,,,,,,"{}",0,0,"[]","[]"
e_knight02,Level/2/A/Enemy/e_knight02/e_knight02.prefab,level/2/a,2A,e_knight02,False,False,"{""spriteAtlas"":""RGTexture/sprite_atlas/cellar.spriteatlasv2"",""sprite"":""enemy_list_0"",""tex"":""Assets/RGTexture/enemy/cellar/enemy_list.png""}",12,5,0,0,False,,,,,,"{}",0,0,"[]","[]"
e_knight03,Level/2/A/Enemy/e_knight03/e_knight03.prefab,level/2/a,2A,e_knight03,False,False,"{""spriteAtlas"":""RGTexture/sprite_atlas/cellar.spriteatlasv2"",""sprite"":""enemy_list_2"",""tex"":""Assets/RGTexture/enemy/cellar/enemy_list.png""}",12,4,0,0,False,,,,,,"{}",0,0,"[]","[]"
e_knight04,Level/2/A/Enemy/e_knight04/e_knight04.prefab,level/2/a,2A,e_knight04,False,False,"{""spriteAtlas"":""RGTexture/sprite_atlas/cellar.spriteatlasv2"",""sprite"":""enemy_list_4"",""tex"":""Assets/RGTexture/enemy/cellar/enemy_list.png""}",24,4,0,0,False,,,,,,"{}",0,0,"[]","[]"
e_knight05,Level/2/A/Enemy/e_knight05/e_knight05.prefab,level/2/a,2A,e_knight05,False,False,"{""spriteAtlas"":""RGTexture/sprite_atlas/cellar.spriteatlasv2"",""sprite"":""enemy_list_5"",""tex"":""Assets/RGTexture/enemy/cellar/enemy_list.png""}",24,4,0,0,False,,,,,,"{}",0,0,"[]","[]"
e_knight06,Level/2/A/Enemy/e_knight06/e_knight06.prefab,level/2/a,2A,e_knight06,False,False,"{""spriteAtlas"":""RGTexture/sprite_atlas/cellar.spriteatlasv2"",""sprite"":""enemy_list_3"",""tex"":""Assets/RGTexture/enemy/cellar/enemy_list.png""}",24,5,0,0,False,,,,,,"{}",0,0,"[]","[]"
e_slime01,Level/2/A/Enemy/e_slime01/e_slime01.prefab,level/2/a,2A,e_slime01,False,False,"{""spriteAtlas"":""RGTexture/sprite_atlas/cellar.spriteatlasv2"",""sprite"":""enemy_list_8"",""tex"":""Assets/RGTexture/enemy/cellar/enemy_list.png""}",12,3,0,0,False,,,,,,"{}",0,0.5,"[{""item"":{""item"":""material_cell""},""probability"":3.0,""guaranteeDrop"":false,""guaranteeDropCount"":0,""conditions"":[]}]","[]"
e_slime01_temp,Level/2/A/Boss/boss20/e_slime01_temp.prefab,boss/boss20,2A,e_slime01,True,False,"{""spriteAtlas"":""RGTexture/sprite_atlas/cellar.spriteatlasv2"",""sprite"":""enemy_list_8"",""tex"":""Assets/RGTexture/enemy/cellar/enemy_list.png""}",12,3,0,0,False,,,,,,"{}",0,0.5,"[]","[]"
e_wizard01,Level/2/A/Enemy/e_wizard01/e_wizard01.prefab,level/2/a,2A,e_wizard01,False,False,"{""spriteAtlas"":""RGTexture/sprite_atlas/cellar.spriteatlasv2"",""sprite"":""enemy_list_6"",""tex"":""Assets/RGTexture/enemy/cellar/enemy_list.png""}",20,4,0,0,False,,,,,,"{}",0,0.5,"[{""item"":{""item"":""material_skin_fragment_c16_s6""},""probability"":1.0,""guaranteeDrop"":false,""guaranteeDropCount"":0,""conditions"":[]}]","[]"
ex_dark_knight,Level/2/A/Enemy/e_dark_knight/ex_dark_knight.prefab,level/2/a,2A,e_dark_knight,False,True,"{""spriteAtlas"":""RGTexture/sprite_atlas/cellar.spriteatlasv2"",""sprite"":""enemy_list_2_51"",""tex"":""Assets/RGTexture/enemy/cellar/enemy_list_2.png""}",96,3,0,0,False,,,,,,"{}",0,0,"[]","[]"
ex_giant,Level/2/A/Enemy/e_giant/ex_giant.prefab,level/2/a,2A,e_giant,False,True,"{""spriteAtlas"":""RGTexture/sprite_atlas/cellar.spriteatlasv2"",""sprite"":""enemy_list_27"",""tex"":""Assets/RGTexture/enemy/cellar/enemy_list.png""}",150,5,0,0,False,,,,,,"{}",0,1,"[{""item"":{""item"":""material_gear""},""probability"":5.0,""guaranteeDrop"":false,""guaranteeDropCount"":0,""conditions"":[]}]","[]"
ex_knight01,Level/2/A/Enemy/e_knight01/ex_knight01.prefab,level/2/a,2A,e_knight01,False,True,"{""spriteAtlas"":""RGTexture/sprite_atlas/cellar.spriteatlasv2"",""sprite"":""enemy_list_1"",""tex"":""Assets/RGTexture/enemy/cellar/enemy_list.png""}",32,5,0,0,False,,,,,,"{}",0,0.5,"[{""item"":{""item"":""material_gear""},""probability"":5.0,""guaranteeDrop"":false,""guaranteeDropCount"":0,""conditions"":[]}]","[]"
ex_knight02,Level/2/A/Enemy/e_knight02/ex_knight02.prefab,level/2/a,2A,e_knight02,False,True,"{""spriteAtlas"":""RGTexture/sprite_atlas/cellar.spriteatlasv2"",""sprite"":""enemy_list_0"",""tex"":""Assets/RGTexture/enemy/cellar/enemy_list.png""}",40,6,0,0,False,,,,,,"{}",0,0.5,"[{""item"":{""item"":""material_iron""},""probability"":5.0,""guaranteeDrop"":false,""guaranteeDropCount"":0,""conditions"":[]}]","[]"
ex_knight03,Level/2/A/Enemy/e_knight03/ex_knight03.prefab,level/2/a,2A,e_knight03,False,True,"{""spriteAtlas"":""RGTexture/sprite_atlas/cellar.spriteatlasv2"",""sprite"":""enemy_list_2"",""tex"":""Assets/RGTexture/enemy/cellar/enemy_list.png""}",32,5,0,0,False,,,,,,"{}",0,0.5,"[{""item"":{""item"":""material_gear""},""probability"":5.0,""guaranteeDrop"":false,""guaranteeDropCount"":0,""conditions"":[]}]","[]"
ex_knight04,Level/2/A/Enemy/e_knight04/ex_knight04.prefab,level/2/a,2A,e_knight04,False,True,"{""spriteAtlas"":""RGTexture/sprite_atlas/cellar.spriteatlasv2"",""sprite"":""enemy_list_4"",""tex"":""Assets/RGTexture/enemy/cellar/enemy_list.png""}",48,5,0,0,False,,,,,,"{}",0,0.5,"[{""item"":{""item"":""material_gear""},""probability"":5.0,""guaranteeDrop"":false,""guaranteeDropCount"":0,""conditions"":[]}]","[]"
ex_knight05,Level/2/A/Enemy/e_knight05/ex_knight05.prefab,level/2/a,2A,e_knight05,False,True,"{""spriteAtlas"":""RGTexture/sprite_atlas/cellar.spriteatlasv2"",""sprite"":""enemy_list_5"",""tex"":""Assets/RGTexture/enemy/cellar/enemy_list.png""}",48,5,0,0,False,,,,,,"{}",0,0.5,"[{""item"":{""item"":""material_gear""},""probability"":5.0,""guaranteeDrop"":false,""guaranteeDropCount"":0,""conditions"":[]}]","[]"
ex_knight06,Level/2/A/Enemy/e_knight06/ex_knight06.prefab,level/2/a,2A,e_knight06,False,True,"{""spriteAtlas"":""RGTexture/sprite_atlas/cellar.spriteatlasv2"",""sprite"":""enemy_list_3"",""tex"":""Assets/RGTexture/enemy/cellar/enemy_list.png""}",70,6,0,0,False,,,,,,"{}",0,0.5,"[{""item"":{""item"":""material_iron""},""probability"":5.0,""guaranteeDrop"":false,""guaranteeDropCount"":0,""conditions"":[]}]","[]"
ex_slime01,Level/2/A/Enemy/e_slime01/ex_slime01.prefab,level/2/a,2A,e_slime01,False,True,"{""spriteAtlas"":""RGTexture/sprite_atlas/cellar.spriteatlasv2"",""sprite"":""enemy_list_8"",""tex"":""Assets/RGTexture/enemy/cellar/enemy_list.png""}",50,6,0,0,False,,,,,,"{}",0,1,"[{""item"":{""item"":""material_cell""},""probability"":5.0,""guaranteeDrop"":false,""guaranteeDropCount"":0,""conditions"":[]}]","[]"
ex_wizard01,Level/2/A/Enemy/e_wizard01/ex_wizard01.prefab,level/2/a,2A,e_wizard01,False,True,"{""spriteAtlas"":""RGTexture/sprite_atlas/cellar.spriteatlasv2"",""sprite"":""enemy_list_6"",""tex"":""Assets/RGTexture/enemy/cellar/enemy_list.png""}",45,4,0,0,False,,,,,,"{}",0,0.5,"[{""item"":{""item"":""material_wood""},""probability"":5.0,""guaranteeDrop"":false,""guaranteeDropCount"":0,""conditions"":[]},{""item"":{""item"":""material_skin_fragment_c16_s6""},""probability"":2.0,""guaranteeDrop"":false,""guaranteeDropCount"":0,""conditions"":[]}]","[]"
boss03,Level/2/B/Boss/boss03/boss03.prefab,boss/boss03,2B,boss03,False,False,"{""spriteAtlas"":""RGTexture/sprite_atlas/cellar.spriteatlasv2"",""sprite"":""enemy_list_101"",""tex"":""Assets/RGTexture/enemy/cellar/enemy_list.png""}",600,6,0,0,True,,RGSound/bgm/bgm_2High.mp3,Level/2/B/Boss/boss03/r2_boss3.prefab,weapon_116,,"{""boss01"":10,""boss01_2"":3,""boss02"":10,""boss03"":10,""boss04"":10,""boss15"":10,""boss16"":10,""boss20"":10,""bossnian"":6}",0,1,"[{""item"":{""item"":""material_iron""},""probability"":150.0,""guaranteeDrop"":false,""guaranteeDropCount"":0,""conditions"":[]},{""item"":{""item"":""material_tape_graveyard""},""probability"":30.0000019,""guaranteeDrop"":false,""guaranteeDropCount"":0,""conditions"":[]},{""item"":{""item"":""material_tape_boss2""},""probability"":7.50000048,""guaranteeDrop"":false,""guaranteeDropCount"":0,""conditions"":[]},{""item"":{""item"":""material_ancient_weapon_fragment""},""probability"":150.0,""guaranteeDrop"":false,""guaranteeDropCount"":0,""conditions"":[]}]","[]"
boss04,Level/2/B/Boss/boss04/boss04.prefab,boss/boss04,2B,boss04,False,False,"{""spriteAtlas"":""RGTexture/sprite_atlas/cellar.spriteatlasv2"",""sprite"":""enemy_list_33"",""tex"":""Assets/RGTexture/enemy/cellar/enemy_list.png""}",600,5,0,0,True,,RGSound/bgm/bgm_2High.mp3,Level/2/B/Boss/boss04/r2_boss4.prefab,weapon_141,,"{""boss01"":10,""boss01_2"":3,""boss02"":10,""boss03"":10,""boss04"":10,""boss15"":10,""boss16"":10,""boss20"":10,""bossnian"":6}",0,1,"[{""item"":{""item"":""material_battery""},""probability"":150.0,""guaranteeDrop"":false,""guaranteeDropCount"":0,""conditions"":[]},{""item"":{""item"":""material_iron""},""probability"":25.0,""guaranteeDrop"":false,""guaranteeDropCount"":0,""conditions"":[]},{""item"":{""item"":""material_gear""},""probability"":50.0,""guaranteeDrop"":false,""guaranteeDropCount"":0,""conditions"":[]},{""item"":{""item"":""material_fragment_c6h8o6""},""probability"":50.0,""guaranteeDrop"":false,""guaranteeDropCount"":0,""conditions"":[]},{""item"":{""item"":""blueprint_m_mech_3""},""probability"":10.0,""guaranteeDrop"":false,""guaranteeDropCount"":0,""conditions"":[]},{""item"":{""item"":""material_tape_boss2""},""probability"":7.50000048,""guaranteeDrop"":false,""guaranteeDropCount"":0,""conditions"":[]},{""item"":{""item"":""material_ancient_weapon_fragment""},""probability"":150.0,""guaranteeDrop"":false,""guaranteeDropCount"":0,""conditions"":[]}]","[]"
e_hammer,Level/2/B/Enemy/e_hammer/e_hammer.prefab,level/2/b,2B,e_hammer,False,False,"{""spriteAtlas"":""RGTexture/sprite_atlas/cellar.spriteatlasv2"",""sprite"":""enemy_list_28"",""tex"":""Assets/RGTexture/enemy/cellar/enemy_list.png""}",50,6,0,0,False,,,,,,"{}",0,0.5,"[{""item"":{""item"":""material_tape_graveyard""},""probability"":0.05,""guaranteeDrop"":false,""guaranteeDropCount"":0,""conditions"":[]}]","[]"
e_shaman,Level/2/B/Enemy/e_shaman/e_shaman.prefab,level/2/b,2B,e_shaman,False,False,"{""spriteAtlas"":""RGTexture/sprite_atlas/cellar.spriteatlasv2"",""sprite"":""enemy_list_17"",""tex"":""Assets/RGTexture/enemy/cellar/enemy_list.png""}",20,4,0,0,False,,,,,,"{}",0,0.5,"[{""item"":{""item"":""material_tape_graveyard""},""probability"":0.05,""guaranteeDrop"":false,""guaranteeDropCount"":0,""conditions"":[]},{""item"":{""item"":""material_skin_fragment_c16_s6""},""probability"":1.0,""guaranteeDrop"":false,""guaranteeDropCount"":0,""conditions"":[]}]","[]"
e_skeleton01,Level/2/B/Enemy/e_skeleton01/e_skeleton01.prefab,level/2/b,2B,e_skeleton01,False,False,"{""spriteAtlas"":""RGTexture/sprite_atlas/cellar.spriteatlasv2"",""sprite"":""enemy_list_10"",""tex"":""Assets/RGTexture/enemy/cellar/enemy_list.png""}",10,6,0,0,False,,,,,,"{}",0,0.5,"[{""item"":{""item"":""material_tape_graveyard""},""probability"":0.05,""guaranteeDrop"":false,""guaranteeDropCount"":0,""conditions"":[]}]","[]"
e_skeleton02,Level/2/B/Enemy/e_skeleton02/e_skeleton02.prefab,level/2/b,2B,e_skeleton02,False,False,"{""spriteAtlas"":""RGTexture/sprite_atlas/cellar.spriteatlasv2"",""sprite"":""enemy_list_9"",""tex"":""Assets/RGTexture/enemy/cellar/enemy_list.png""}",10,6,0,0,False,,,,,,"{}",0,0.5,"[{""item"":{""item"":""material_tape_graveyard""},""probability"":0.05,""guaranteeDrop"":false,""guaranteeDropCount"":0,""conditions"":[]}]","[]"
e_skeleton02_temp,Level/2/B/Boss/boss03/e_skeleton02_temp/e_skeleton02_temp.prefab,boss/boss03,2B,e_skeleton02_temp,True,False,"{}",10,6,0,0,False,,,,,,"{}",0,0.5,"[{""item"":{""item"":""material_tape_graveyard""},""probability"":0.05,""guaranteeDrop"":false,""guaranteeDropCount"":0,""conditions"":[]}]","[]"
e_skeleton03,Level/2/B/Enemy/e_skeleton03/e_skeleton03.prefab,level/2/b,2B,e_skeleton03,False,False,"{""spriteAtlas"":""RGTexture/sprite_atlas/cellar.spriteatlasv2"",""sprite"":""enemy_list_11"",""tex"":""Assets/RGTexture/enemy/cellar/enemy_list.png""}",10,6,0,0,False,,,,,,"{}",0,0.5,"[{""item"":{""item"":""material_tape_graveyard""},""probability"":0.05,""guaranteeDrop"":false,""guaranteeDropCount"":0,""conditions"":[]}]","[]"
e_skeleton04,Level/2/B/Enemy/e_skeleton04/e_skeleton04.prefab,level/2/b,2B,e_skeleton04,False,False,"{""spriteAtlas"":""RGTexture/sprite_atlas/cellar.spriteatlasv2"",""sprite"":""enemy_list_12"",""tex"":""Assets/RGTexture/enemy/cellar/enemy_list.png""}",20,6,0,0,False,,,,,,"{}",0,0.5,"[{""item"":{""item"":""material_tape_graveyard""},""probability"":0.05,""guaranteeDrop"":false,""guaranteeDropCount"":0,""conditions"":[]}]","[]"
e_skeleton05,Level/2/B/Enemy/e_skeleton05/e_skeleton05.prefab,level/2/b,2B,e_skeleton05,False,False,"{""spriteAtlas"":""RGTexture/sprite_atlas/cellar.spriteatlasv2"",""sprite"":""enemy_list_13"",""tex"":""Assets/RGTexture/enemy/cellar/enemy_list.png""}",20,6,0,0,False,,,,,,"{}",0,0.5,"[{""item"":{""item"":""material_tape_graveyard""},""probability"":0.05,""guaranteeDrop"":false,""guaranteeDropCount"":0,""conditions"":[]}]","[]"
e_skeleton06,Level/2/B/Enemy/e_skeleton06/e_skeleton06.prefab,level/2/b,2B,e_skeleton06,False,False,"{""spriteAtlas"":""RGTexture/sprite_atlas/cellar.spriteatlasv2"",""sprite"":""enemy_list_14"",""tex"":""Assets/RGTexture/enemy/cellar/enemy_list.png""}",20,6,0,0,False,,,,,,"{}",0,0.5,"[{""item"":{""item"":""material_tape_graveyard""},""probability"":0.05,""guaranteeDrop"":false,""guaranteeDropCount"":0,""conditions"":[]}]","[]"
e_skeleton_dog,Level/2/B/Enemy/e_skeleton_dog/e_skeleton_dog.prefab,level/2/b,2B,e_skeleton_dog,False,False,"{""spriteAtlas"":""RGTexture/sprite_atlas/cellar.spriteatlasv2"",""sprite"":""enemy_list_2_54"",""tex"":""Assets/RGTexture/enemy/cellar/enemy_list_2.png""}",10,8,0,0,False,,,,,,"{}",0,0.5,"[{""item"":{""item"":""material_tape_graveyard""},""probability"":0.05,""guaranteeDrop"":false,""guaranteeDropCount"":0,""conditions"":[]}]","[]"
e_spider01,Level/2/B/Enemy/e_spider01/e_spider01.prefab,level/2/b,2B,e_spider01,False,False,"{""spriteAtlas"":""RGTexture/sprite_atlas/cellar.spriteatlasv2"",""sprite"":""enemy_list_15"",""tex"":""Assets/RGTexture/enemy/cellar/enemy_list.png""}",12,6,0,0,False,,,,,,"{}",0,0.5,"[{""item"":{""item"":""material_tape_graveyard""},""probability"":0.05,""guaranteeDrop"":false,""guaranteeDropCount"":0,""conditions"":[]}]","[]"
e_spider02,Level/2/B/Enemy/e_spider02/e_spider02.prefab,level/2/b,2B,e_spider02,False,False,"{""spriteAtlas"":""RGTexture/sprite_atlas/cellar.spriteatlasv2"",""sprite"":""enemy_list_16"",""tex"":""Assets/RGTexture/enemy/cellar/enemy_list.png""}",12,6,0,0,False,,,,,,"{}",0,0.5,"[{""item"":{""item"":""material_tape_graveyard""},""probability"":0.05,""guaranteeDrop"":false,""guaranteeDropCount"":0,""conditions"":[]}]","[]"
ex_hammer,Level/2/B/Enemy/e_hammer/ex_hammer.prefab,level/2/b,2B,e_hammer,False,True,"{""spriteAtlas"":""RGTexture/sprite_atlas/cellar.spriteatlasv2"",""sprite"":""enemy_list_28"",""tex"":""Assets/RGTexture/enemy/cellar/enemy_list.png""}",140,6,0,0,False,,,,,,"{}",0,0.5,"[{""item"":{""item"":""material_iron""},""probability"":5.0,""guaranteeDrop"":false,""guaranteeDropCount"":0,""conditions"":[]},{""item"":{""item"":""material_tape_graveyard""},""probability"":0.1,""guaranteeDrop"":false,""guaranteeDropCount"":0,""conditions"":[]}]","[]"
ex_shaman,Level/2/B/Enemy/e_shaman/ex_shaman.prefab,level/2/b,2B,e_shaman,False,True,"{""spriteAtlas"":""RGTexture/sprite_atlas/cellar.spriteatlasv2"",""sprite"":""enemy_list_17"",""tex"":""Assets/RGTexture/enemy/cellar/enemy_list.png""}",40,4,0,0,False,,,,,,"{}",0,0.5,"[{""item"":{""item"":""material_wood""},""probability"":5.0,""guaranteeDrop"":false,""guaranteeDropCount"":0,""conditions"":[]},{""item"":{""item"":""material_tape_graveyard""},""probability"":0.1,""guaranteeDrop"":false,""guaranteeDropCount"":0,""conditions"":[]},{""item"":{""item"":""material_skin_fragment_c16_s6""},""probability"":2.0,""guaranteeDrop"":false,""guaranteeDropCount"":0,""conditions"":[]}]","[]"
ex_skeleton01,Level/2/B/Enemy/e_skeleton01/ex_skeleton01.prefab,level/2/b,2B,e_skeleton01,False,True,"{""spriteAtlas"":""RGTexture/sprite_atlas/cellar.spriteatlasv2"",""sprite"":""enemy_list_10"",""tex"":""Assets/RGTexture/enemy/cellar/enemy_list.png""}",30,6,0,0,False,,,,,,"{}",0,0.5,"[{""item"":{""item"":""material_gear""},""probability"":5.0,""guaranteeDrop"":false,""guaranteeDropCount"":0,""conditions"":[]},{""item"":{""item"":""material_tape_graveyard""},""probability"":0.1,""guaranteeDrop"":false,""guaranteeDropCount"":0,""conditions"":[]}]","[]"
ex_skeleton02,Level/2/B/Enemy/e_skeleton02/ex_skeleton02.prefab,level/2/b,2B,e_skeleton02,False,True,"{""spriteAtlas"":""RGTexture/sprite_atlas/cellar.spriteatlasv2"",""sprite"":""enemy_list_9"",""tex"":""Assets/RGTexture/enemy/cellar/enemy_list.png""}",38,6,0,0,False,,,,,,"{}",0,0.5,"[{""item"":{""item"":""material_iron""},""probability"":5.0,""guaranteeDrop"":false,""guaranteeDropCount"":0,""conditions"":[]},{""item"":{""item"":""material_tape_graveyard""},""probability"":0.1,""guaranteeDrop"":false,""guaranteeDropCount"":0,""conditions"":[]}]","[]"
ex_skeleton03,Level/2/B/Enemy/e_skeleton03/ex_skeleton03.prefab,level/2/b,2B,e_skeleton03,False,True,"{""spriteAtlas"":""RGTexture/sprite_atlas/cellar.spriteatlasv2"",""sprite"":""enemy_list_11"",""tex"":""Assets/RGTexture/enemy/cellar/enemy_list.png""}",26,6,0,0,False,,,,,,"{}",0,0.5,"[{""item"":{""item"":""material_wood""},""probability"":5.0,""guaranteeDrop"":false,""guaranteeDropCount"":0,""conditions"":[]},{""item"":{""item"":""material_tape_graveyard""},""probability"":0.1,""guaranteeDrop"":false,""guaranteeDropCount"":0,""conditions"":[]}]","[]"
ex_skeleton04,Level/2/B/Enemy/e_skeleton04/ex_skeleton04.prefab,level/2/b,2B,e_skeleton04,False,True,"{""spriteAtlas"":""RGTexture/sprite_atlas/cellar.spriteatlasv2"",""sprite"":""enemy_list_12"",""tex"":""Assets/RGTexture/enemy/cellar/enemy_list.png""}",60,6,0,0,False,,,,,,"{}",0,0.5,"[{""item"":{""item"":""material_iron""},""probability"":5.0,""guaranteeDrop"":false,""guaranteeDropCount"":0,""conditions"":[]},{""item"":{""item"":""material_tape_graveyard""},""probability"":0.1,""guaranteeDrop"":false,""guaranteeDropCount"":0,""conditions"":[]}]","[]"
ex_skeleton05,Level/2/B/Enemy/e_skeleton05/ex_skeleton05.prefab,level/2/b,2B,e_skeleton05,False,True,"{""spriteAtlas"":""RGTexture/sprite_atlas/cellar.spriteatlasv2"",""sprite"":""enemy_list_13"",""tex"":""Assets/RGTexture/enemy/cellar/enemy_list.png""}",40,6,0,0,False,,,,,,"{}",0,0.5,"[{""item"":{""item"":""material_gear""},""probability"":5.0,""guaranteeDrop"":false,""guaranteeDropCount"":0,""conditions"":[]},{""item"":{""item"":""material_tape_graveyard""},""probability"":0.1,""guaranteeDrop"":false,""guaranteeDropCount"":0,""conditions"":[]}]","[]"
ex_skeleton06,Level/2/B/Enemy/e_skeleton06/ex_skeleton06.prefab,level/2/b,2B,e_skeleton06,False,True,"{""spriteAtlas"":""RGTexture/sprite_atlas/cellar.spriteatlasv2"",""sprite"":""enemy_list_14"",""tex"":""Assets/RGTexture/enemy/cellar/enemy_list.png""}",40,6,0,0,False,,,,,,"{}",0,0.5,"[{""item"":{""item"":""material_gear""},""probability"":5.0,""guaranteeDrop"":false,""guaranteeDropCount"":0,""conditions"":[]},{""item"":{""item"":""material_tape_graveyard""},""probability"":0.1,""guaranteeDrop"":false,""guaranteeDropCount"":0,""conditions"":[]}]","[]"
ex_skeleton_dog,Level/2/B/Enemy/e_skeleton_dog/ex_skeleton_dog.prefab,level/2/b,2B,e_skeleton_dog,False,True,"{""spriteAtlas"":""RGTexture/sprite_atlas/cellar.spriteatlasv2"",""sprite"":""enemy_list_2_54"",""tex"":""Assets/RGTexture/enemy/cellar/enemy_list_2.png""}",38,8,0,0,False,,,,,,"{}",0,0.5,"[{""item"":{""item"":""material_tape_graveyard""},""probability"":0.1,""guaranteeDrop"":false,""guaranteeDropCount"":0,""conditions"":[]}]","[]"
ex_spider01,Level/2/B/Enemy/e_spider01/ex_spider01.prefab,level/2/b,2B,e_spider01,False,True,"{""spriteAtlas"":""RGTexture/sprite_atlas/cellar.spriteatlasv2"",""sprite"":""enemy_list_15"",""tex"":""Assets/RGTexture/enemy/cellar/enemy_list.png""}",40,8,0,0,False,,,,,,"{}",0,0.5,"[{""item"":{""item"":""material_cell""},""probability"":5.0,""guaranteeDrop"":false,""guaranteeDropCount"":0,""conditions"":[]},{""item"":{""item"":""material_tape_graveyard""},""probability"":0.1,""guaranteeDrop"":false,""guaranteeDropCount"":0,""conditions"":[]}]","[]"
ex_spider02,Level/2/B/Enemy/e_spider02/ex_spider02.prefab,level/2/b,2B,e_spider02,False,True,"{""spriteAtlas"":""RGTexture/sprite_atlas/cellar.spriteatlasv2"",""sprite"":""enemy_list_16"",""tex"":""Assets/RGTexture/enemy/cellar/enemy_list.png""}",40,8,0,0,False,,,,,,"{}",0,0.5,"[{""item"":{""item"":""material_cell""},""probability"":5.0,""guaranteeDrop"":false,""guaranteeDropCount"":0,""conditions"":[]},{""item"":{""item"":""material_tape_graveyard""},""probability"":0.1,""guaranteeDrop"":false,""guaranteeDropCount"":0,""conditions"":[]}]","[]"
boss15,Level/2/C/Boss/boss15/boss15.prefab,boss/boss15,2C,boss15,False,False,"{""spriteAtlas"":""RGTexture/sprite_atlas/cellar.spriteatlasv2"",""sprite"":""enemy_list_95"",""tex"":""Assets/RGTexture/enemy/cellar/enemy_list.png""}",600,5,0,0,True,,RGSound/bgm/bgm_2High.mp3,Level/2/C/Boss/boss15/r2_boss5.prefab,weapon_214,,"{""boss01"":10,""boss01_2"":3,""boss02"":10,""boss03"":10,""boss04"":10,""boss15"":10,""boss16"":10,""boss20"":10,""bossnian"":6}",0,1,"[{""item"":{""item"":""material_iron""},""probability"":100.0,""guaranteeDrop"":false,""guaranteeDropCount"":0,""conditions"":[]},{""item"":{""item"":""material_skin_fragment_boss15""},""probability"":50.0,""guaranteeDrop"":false,""guaranteeDropCount"":0,""conditions"":[]},{""item"":{""item"":""material_tape_halloween""},""probability"":30.0000019,""guaranteeDrop"":false,""guaranteeDropCount"":0,""conditions"":[]},{""item"":{""item"":""material_tape_boss2""},""probability"":7.50000048,""guaranteeDrop"":false,""guaranteeDropCount"":0,""conditions"":[]}]","[]"
boss16,Level/2/C/Boss/boss16/boss16.prefab,boss/boss16,2C,boss16,False,False,"{""spriteAtlas"":""RGTexture/sprite_atlas/cellar.spriteatlasv2"",""sprite"":""enemy_list_96"",""tex"":""Assets/RGTexture/enemy/cellar/enemy_list.png""}",450,5,0,0,True,,RGSound/bgm/bgm_2High.mp3,Level/2/C/Boss/boss16/r2_boss6.prefab,weapon_215,,"{""boss01"":10,""boss01_2"":3,""boss02"":10,""boss03"":10,""boss04"":10,""boss15"":10,""boss16"":10,""boss20"":10,""bossnian"":6}",0,1,"[{""item"":{""item"":""material_fertilize""},""probability"":50.0,""guaranteeDrop"":false,""guaranteeDropCount"":0,""conditions"":[]},{""item"":{""item"":""material_skin_fragment_boss16""},""probability"":50.0,""guaranteeDrop"":false,""guaranteeDropCount"":0,""conditions"":[]},{""item"":{""item"":""plant_lycoris_seed""},""probability"":50.0,""guaranteeDrop"":false,""guaranteeDropCount"":0,""conditions"":[]},{""item"":{""item"":""material_tape_boss2""},""probability"":3.75000024,""guaranteeDrop"":false,""guaranteeDropCount"":0,""conditions"":[]},{""item"":{""item"":""material_ancient_weapon_fragment""},""probability"":150.0,""guaranteeDrop"":false,""guaranteeDropCount"":0,""conditions"":[]}]","[]"
boss16_horse,Level/2/C/Boss/boss16/boss16_horse.prefab,boss/boss16,2C,boss16_horse,False,False,"{""spriteAtlas"":""RGTexture/sprite_atlas/cellar.spriteatlasv2"",""sprite"":""enemy_list_118"",""tex"":""Assets/RGTexture/enemy/cellar/enemy_list.png""}",450,7,0,0,True,,RGSound/bgm/bgm_2High.mp3,Level/2/C/Boss/boss16/r2_boss6.prefab,,,"{""boss01"":10,""boss01_2"":3,""boss02"":10,""boss03"":10,""boss04"":10,""boss15"":10,""boss16"":10,""boss20"":10,""bossnian"":6}",0,1,"[{""item"":{""item"":""material_cell""},""probability"":50.0,""guaranteeDrop"":false,""guaranteeDropCount"":0,""conditions"":[]},{""item"":{""item"":""material_tape_boss2""},""probability"":3.75000024,""guaranteeDrop"":false,""guaranteeDropCount"":0,""conditions"":[]}]","[]"
e_frankenstein,Level/2/C/Enemy/e_frankenstein/e_frankenstein.prefab,level/2/c,2C,e_frankenstein,False,False,"{""spriteAtlas"":""RGTexture/sprite_atlas/cellar.spriteatlasv2"",""sprite"":""enemy_list_94"",""tex"":""Assets/RGTexture/enemy/cellar/enemy_list.png""}",50,3,0,0,False,,,,,,"{}",0,0,"[]","[]"
e_frog,Level/2/C/Enemy/e_frog/e_frog.prefab,level/2/c,2C,e_frog,False,False,"{""spriteAtlas"":""RGTexture/sprite_atlas/cellar.spriteatlasv2"",""sprite"":""enemy_list_91"",""tex"":""Assets/RGTexture/enemy/cellar/enemy_list.png""}",9,8,0,0,False,,,,,,"{}",0,0,"[]","[]"
e_ghost,Level/2/C/Enemy/e_ghost/e_ghost.prefab,level/2/c,2C,e_ghost,False,False,"{""spriteAtlas"":""RGTexture/sprite_atlas/cellar.spriteatlasv2"",""sprite"":""enemy_list_92"",""tex"":""Assets/RGTexture/enemy/cellar/enemy_list.png""}",9,4,0,0,False,,,,,,"{}",0,0.5,"[{""item"":{""item"":""material_tape_halloween""},""probability"":0.1,""guaranteeDrop"":false,""guaranteeDropCount"":0,""conditions"":[]}]","[]"
e_ghost_temp,Level/2/C/Boss/boss15/e_ghost_temp/e_ghost_temp.prefab,boss/boss15,2C,e_ghost_temp,True,False,"{}",9,4,0,0,False,,,,,,"{}",0,0,"[]","[]"
e_pumpkin01,Level/2/C/Enemy/e_pumpkin01/e_pumpkin01.prefab,level/2/c,2C,e_pumpkin01,False,False,"{""spriteAtlas"":""RGTexture/sprite_atlas/cellar.spriteatlasv2"",""sprite"":""enemy_list_86"",""tex"":""Assets/RGTexture/enemy/cellar/enemy_list.png""}",12,5,0,0,False,,,,,,"{}",0,0.5,"[{""item"":{""item"":""plant_pumpkin_seed""},""probability"":0.1,""guaranteeDrop"":false,""guaranteeDropCount"":0,""conditions"":[]}]","[]"
e_pumpkin02,Level/2/C/Enemy/e_pumpkin02/e_pumpkin02.prefab,level/2/c,2C,e_pumpkin02,False,False,"{""spriteAtlas"":""RGTexture/sprite_atlas/cellar.spriteatlasv2"",""sprite"":""enemy_list_87"",""tex"":""Assets/RGTexture/enemy/cellar/enemy_list.png""}",9,5,0,0,False,,,,,,"{}",0,0.5,"[{""item"":{""item"":""plant_pumpkin_seed""},""probability"":0.1,""guaranteeDrop"":false,""guaranteeDropCount"":0,""conditions"":[]}]","[]"
e_pumpkin03,Level/2/C/Enemy/e_pumpkin03/e_pumpkin03.prefab,level/2/c,2C,e_pumpkin03,False,False,"{""spriteAtlas"":""RGTexture/sprite_atlas/cellar.spriteatlasv2"",""sprite"":""enemy_list_85"",""tex"":""Assets/RGTexture/enemy/cellar/enemy_list.png""}",9,5,0,0,False,,,,,,"{}",0,0.5,"[{""item"":{""item"":""plant_pumpkin_seed""},""probability"":0.1,""guaranteeDrop"":false,""guaranteeDropCount"":0,""conditions"":[]}]","[]"
e_pumpkin04,Level/2/C/Enemy/e_pumpkin04/e_pumpkin04.prefab,level/2/c,2C,e_pumpkin04,False,False,"{""spriteAtlas"":""RGTexture/sprite_atlas/cellar.spriteatlasv2"",""sprite"":""enemy_list_88"",""tex"":""Assets/RGTexture/enemy/cellar/enemy_list.png""}",22,5,0,0,False,,,,,,"{}",0,0.5,"[{""item"":{""item"":""plant_pumpkin_seed""},""probability"":0.1,""guaranteeDrop"":false,""guaranteeDropCount"":0,""conditions"":[]}]","[]"
e_pumpkin05,Level/2/C/Enemy/e_pumpkin05/e_pumpkin05.prefab,level/2/c,2C,e_pumpkin05,False,False,"{""spriteAtlas"":""RGTexture/sprite_atlas/cellar.spriteatlasv2"",""sprite"":""enemy_list_89"",""tex"":""Assets/RGTexture/enemy/cellar/enemy_list.png""}",20,5,0,0,False,,,,,,"{}",0,0.5,"[{""item"":{""item"":""plant_pumpkin_seed""},""probability"":0.1,""guaranteeDrop"":false,""guaranteeDropCount"":0,""conditions"":[]}]","[]"
e_pumpkin06,Level/2/C/Enemy/e_pumpkin06/e_pumpkin06.prefab,level/2/c,2C,e_pumpkin06,False,False,"{""spriteAtlas"":""RGTexture/sprite_atlas/cellar.spriteatlasv2"",""sprite"":""enemy_list_90"",""tex"":""Assets/RGTexture/enemy/cellar/enemy_list.png""}",18,5,0,0,False,,,,,,"{}",0,0.5,"[{""item"":{""item"":""plant_pumpkin_seed""},""probability"":0.1,""guaranteeDrop"":false,""guaranteeDropCount"":0,""conditions"":[]}]","[]"
e_pumpkinHouse,Level/2/C/Enemy/e_pumpkinHouse/e_pumpkinHouse.prefab,level/2/c,2C,e_pumpkinHouse,False,False,"{""spriteAtlas"":""RGTexture/sprite_atlas/cellar.spriteatlasv2"",""sprite"":""pumpkinHouse_Show_0"",""tex"":""Assets/RGTexture/enemy/cellar/pumpkinHouse_Show.png""}",25,0,0,0,False,,,,,,"{}",0,0.5,"[{""item"":{""item"":""plant_pumpkin_seed""},""probability"":0.1,""guaranteeDrop"":false,""guaranteeDropCount"":0,""conditions"":[]}]","[]"
e_witch,Level/2/C/Enemy/e_witch/e_witch.prefab,level/2/c,2C,e_witch,False,False,"{""spriteAtlas"":""RGTexture/sprite_atlas/cellar.spriteatlasv2"",""sprite"":""enemy_list_93"",""tex"":""Assets/RGTexture/enemy/cellar/enemy_list.png""}",18,3,0,0,False,,,,,,"{}",0,0.5,"[{""item"":{""item"":""material_skin_fragment_c16_s6""},""probability"":1.0,""guaranteeDrop"":false,""guaranteeDropCount"":0,""conditions"":[]}]","[]"
ex_frankenstein,Level/2/C/Enemy/e_frankenstein/ex_frankenstein.prefab,level/2/c,2C,e_frankenstein,False,True,"{""spriteAtlas"":""RGTexture/sprite_atlas/cellar.spriteatlasv2"",""sprite"":""enemy_list_94"",""tex"":""Assets/RGTexture/enemy/cellar/enemy_list.png""}",140,3,0,0,False,,,,,,"{}",0,0,"[]","[]"
ex_frog,Level/2/C/Enemy/e_frog/ex_frog.prefab,level/2/c,2C,e_frog,False,True,"{""spriteAtlas"":""RGTexture/sprite_atlas/cellar.spriteatlasv2"",""sprite"":""enemy_list_91"",""tex"":""Assets/RGTexture/enemy/cellar/enemy_list.png""}",40,8,0,0,False,,,,,,"{}",0,0,"[]","[]"
ex_ghost,Level/2/C/Enemy/e_ghost/ex_ghost.prefab,level/2/c,2C,e_ghost,False,True,"{""spriteAtlas"":""RGTexture/sprite_atlas/cellar.spriteatlasv2"",""sprite"":""enemy_list_92"",""tex"":""Assets/RGTexture/enemy/cellar/enemy_list.png""}",32,4,0,0,False,,,,,,"{}",0,0.5,"[{""item"":{""item"":""material_tape_halloween""},""probability"":0.2,""guaranteeDrop"":false,""guaranteeDropCount"":0,""conditions"":[]}]","[]"
ex_pumpkin01,Level/2/C/Enemy/e_pumpkin01/ex_pumpkin01.prefab,level/2/c,2C,e_pumpkin01,False,True,"{""spriteAtlas"":""RGTexture/sprite_atlas/cellar.spriteatlasv2"",""sprite"":""enemy_list_86"",""tex"":""Assets/RGTexture/enemy/cellar/enemy_list.png""}",32,5,0,0,False,,,,,,"{}",0,0.5,"[{""item"":{""item"":""plant_pumpkin_seed""},""probability"":0.1,""guaranteeDrop"":false,""guaranteeDropCount"":0,""conditions"":[]}]","[]"
ex_pumpkin02,Level/2/C/Enemy/e_pumpkin02/ex_pumpkin02.prefab,level/2/c,2C,e_pumpkin02,False,True,"{""spriteAtlas"":""RGTexture/sprite_atlas/cellar.spriteatlasv2"",""sprite"":""enemy_list_87"",""tex"":""Assets/RGTexture/enemy/cellar/enemy_list.png""}",35,5,0,0,False,,,,,,"{}",0,0.5,"[{""item"":{""item"":""plant_pumpkin_seed""},""probability"":0.1,""guaranteeDrop"":false,""guaranteeDropCount"":0,""conditions"":[]}]","[]"
ex_pumpkin03,Level/2/C/Enemy/e_pumpkin03/ex_pumpkin03.prefab,level/2/c,2C,e_pumpkin03,False,True,"{""spriteAtlas"":""RGTexture/sprite_atlas/cellar.spriteatlasv2"",""sprite"":""enemy_list_85"",""tex"":""Assets/RGTexture/enemy/cellar/enemy_list.png""}",32,5,0,0,False,,,,,,"{}",0,0.5,"[{""item"":{""item"":""plant_pumpkin_seed""},""probability"":0.1,""guaranteeDrop"":false,""guaranteeDropCount"":0,""conditions"":[]}]","[]"
ex_pumpkin04,Level/2/C/Enemy/e_pumpkin04/ex_pumpkin04.prefab,level/2/c,2C,e_pumpkin04,False,True,"{""spriteAtlas"":""RGTexture/sprite_atlas/cellar.spriteatlasv2"",""sprite"":""enemy_list_88"",""tex"":""Assets/RGTexture/enemy/cellar/enemy_list.png""}",50,5,0,0,False,,,,,,"{}",0,0.5,"[{""item"":{""item"":""plant_pumpkin_seed""},""probability"":0.1,""guaranteeDrop"":false,""guaranteeDropCount"":0,""conditions"":[]}]","[]"
ex_pumpkin05,Level/2/C/Enemy/e_pumpkin05/ex_pumpkin05.prefab,level/2/c,2C,e_pumpkin05,False,True,"{""spriteAtlas"":""RGTexture/sprite_atlas/cellar.spriteatlasv2"",""sprite"":""enemy_list_89"",""tex"":""Assets/RGTexture/enemy/cellar/enemy_list.png""}",42,5,0,0,False,,,,,,"{}",0,0.5,"[{""item"":{""item"":""plant_pumpkin_seed""},""probability"":0.1,""guaranteeDrop"":false,""guaranteeDropCount"":0,""conditions"":[]}]","[]"
ex_pumpkin06,Level/2/C/Enemy/e_pumpkin06/ex_pumpkin06.prefab,level/2/c,2C,e_pumpkin06,False,True,"{""spriteAtlas"":""RGTexture/sprite_atlas/cellar.spriteatlasv2"",""sprite"":""enemy_list_90"",""tex"":""Assets/RGTexture/enemy/cellar/enemy_list.png""}",42,5,0,0,False,,,,,,"{}",0,0.5,"[{""item"":{""item"":""plant_pumpkin_seed""},""probability"":0.1,""guaranteeDrop"":false,""guaranteeDropCount"":0,""conditions"":[]}]","[]"
ex_pumpkinHouse,Level/2/C/Enemy/e_pumpkinHouse/ex_pumpkinHouse.prefab,level/2/c,2C,e_pumpkinHouse,False,True,"{""spriteAtlas"":""RGTexture/sprite_atlas/cellar.spriteatlasv2"",""sprite"":""pumpkinHouse_Show_0"",""tex"":""Assets/RGTexture/enemy/cellar/pumpkinHouse_Show.png""}",60,0,0,0,False,,,,,,"{}",0,0.5,"[{""item"":{""item"":""plant_pumpkin_seed""},""probability"":0.1,""guaranteeDrop"":false,""guaranteeDropCount"":0,""conditions"":[]}]","[]"
ex_witch,Level/2/C/Enemy/e_witch/ex_witch.prefab,level/2/c,2C,e_witch,False,True,"{""spriteAtlas"":""RGTexture/sprite_atlas/cellar.spriteatlasv2"",""sprite"":""enemy_list_93"",""tex"":""Assets/RGTexture/enemy/cellar/enemy_list.png""}",52,3,0,0,False,,,,,,"{}",0,0.5,"[{""item"":{""item"":""material_skin_fragment_c16_s6""},""probability"":2.0,""guaranteeDrop"":false,""guaranteeDropCount"":0,""conditions"":[]}]","[]"
boss24,Level/2/D/Boss/boss24/boss24.prefab,boss/boss24,2D,boss24,False,False,"{""spriteAtlas"":""RGTexture/sprite_atlas/cellar.spriteatlasv2"",""sprite"":""enemy_list_2_10"",""tex"":""Assets/RGTexture/enemy/cellar/enemy_list_2.png""}",690,7,0,0,True,level/1/b,RGSound/bgm/bgm_2High.mp3,Level/2/D/Boss/boss24/r2_boss8.prefab,weapon_320,,"{""boss01"":10,""boss01_2"":3,""boss02"":10,""boss03"":10,""boss04"":10,""boss15"":10,""boss16"":10,""boss20"":10,""bossnian"":6}",0,1,"[{""item"":{""item"":""material_battery""},""probability"":200.0,""guaranteeDrop"":false,""guaranteeDropCount"":0,""conditions"":[]},{""item"":{""item"":""material_magic_green""},""probability"":100.0,""guaranteeDrop"":false,""guaranteeDropCount"":0,""conditions"":[]},{""item"":{""item"":""plant_worm_seed""},""probability"":15.000001,""guaranteeDrop"":false,""guaranteeDropCount"":0,""conditions"":[]},{""item"":{""item"":""material_skill_Officer_2""},""probability"":66.0,""guaranteeDrop"":false,""guaranteeDropCount"":0,""conditions"":[{""type"":0,""bluePrint"":{""item"":""blueprint_skill_Officer_2""},""material"":{""item"":""""},""requiredNum"":0,""inverse"":true},{""type"":2,""bluePrint"":{""item"":""""},""material"":{""item"":""material_skill_Officer_2""},""requiredNum"":8,""inverse"":false}]},{""item"":{""item"":""material_tape_boss2""},""probability"":7.50000048,""guaranteeDrop"":false,""guaranteeDropCount"":0,""conditions"":[]},{""item"":{""item"":""material_tape_icecave""},""probability"":20.0,""guaranteeDrop"":false,""guaranteeDropCount"":0,""conditions"":[]},{""item"":{""item"":""material_ancient_weapon_fragment""},""probability"":150.0,""guaranteeDrop"":false,""guaranteeDropCount"":0,""conditions"":[]}]","[]"
e_android01,Level/2/D/Enemy/e_android01/e_android01.prefab,level/2/d,2D,e_android01,False,False,"{""spriteAtlas"":""RGTexture/sprite_atlas/cellar.spriteatlasv2"",""sprite"":""enemy_list_2_0"",""tex"":""Assets/RGTexture/enemy/cellar/enemy_list_2.png""}",12,6,0,0,False,,,,,,"{}",0,0,"[]","[]"
e_android02,Level/2/D/Enemy/e_android02/e_android02.prefab,level/2/d,2D,e_android02,False,False,"{""spriteAtlas"":""RGTexture/sprite_atlas/cellar.spriteatlasv2"",""sprite"":""enemy_list_2_1"",""tex"":""Assets/RGTexture/enemy/cellar/enemy_list_2.png""}",9,4,0,0,False,,,,,,"{}",0,0,"[]","[]"
e_android03,Level/2/D/Enemy/e_android03/e_android03.prefab,level/2/d,2D,e_android03,False,False,"{""spriteAtlas"":""RGTexture/sprite_atlas/cellar.spriteatlasv2"",""sprite"":""enemy_list_2_2"",""tex"":""Assets/RGTexture/enemy/cellar/enemy_list_2.png""}",20,4,0,0,False,,,,,,"{}",0,0,"[]","[]"
e_android04,Level/2/D/Enemy/e_android04/e_android04.prefab,level/2/d,2D,e_android04,False,False,"{""spriteAtlas"":""RGTexture/sprite_atlas/cellar.spriteatlasv2"",""sprite"":""enemy_list_2_3"",""tex"":""Assets/RGTexture/enemy/cellar/enemy_list_2.png""}",20,4,0,0,False,,,,,,"{}",0,0,"[]","[]"
e_boombMiner,Level/2/D/Enemy/e_boombMiner/e_boombMiner.prefab,level/2/d,2D,e_boombMiner,False,False,"{""spriteAtlas"":""RGTexture/sprite_atlas/cellar.spriteatlasv2"",""sprite"":""enemy_list_2_4"",""tex"":""Assets/RGTexture/enemy/cellar/enemy_list_2.png""}",12,5,0,0,False,,,,,,"{}",0,0,"[]","[]"
e_iceKnight,Level/2/D/Enemy/e_iceKnight/e_iceKnight.prefab,level/2/d,2D,e_iceKnight,False,False,"{""spriteAtlas"":""RGTexture/sprite_atlas/cellar.spriteatlasv2"",""sprite"":""enemy_list_2_9"",""tex"":""Assets/RGTexture/enemy/cellar/enemy_list_2.png""}",60,3,0,0,False,,,,,,"{}",0,0,"[]","[]"
e_lilIceKnight,Level/2/D/Enemy/e_lilIceKnight/e_lilIceKnight.prefab,level/2/d,2D,e_lilIceKnight,False,False,"{""spriteAtlas"":""RGTexture/sprite_atlas/cellar.spriteatlasv2"",""sprite"":""enemy_list_2_5"",""tex"":""Assets/RGTexture/enemy/cellar/enemy_list_2.png""}",20,4,0,0,False,,,,,,"{}",0,0,"[]","[]"
e_lilWorm,Level/2/D/Enemy/e_lilWorm/e_lilWorm.prefab,level/2/d,2D,e_lilWorm,False,False,"{""spriteAtlas"":""RGTexture/sprite_atlas/cellar.spriteatlasv2"",""sprite"":""enemy_list_2_6"",""tex"":""Assets/RGTexture/enemy/cellar/enemy_list_2.png""}",18,6,0,0,False,,,,,,"{}",0,0,"[]","[]"
e_minerBoss01,Level/2/D/Enemy/e_minerBoss01/e_minerBoss01.prefab,level/2/d,2D,e_minerBoss01,False,False,"{""spriteAtlas"":""RGTexture/sprite_atlas/cellar.spriteatlasv2"",""sprite"":""enemy_list_2_7"",""tex"":""Assets/RGTexture/enemy/cellar/enemy_list_2.png""}",20,4,0,0,False,,,,,,"{}",0,0,"[]","[]"
e_minerBoss02,Level/2/D/Enemy/e_minerBoss02/e_minerBoss02.prefab,level/2/d,2D,e_minerBoss02,False,False,"{""spriteAtlas"":""RGTexture/sprite_atlas/cellar.spriteatlasv2"",""sprite"":""enemy_list_2_8"",""tex"":""Assets/RGTexture/enemy/cellar/enemy_list_2.png""}",22,4,0,0,False,,,,,,"{}",0,0,"[]","[]"
ex_android01,Level/2/D/Enemy/e_android01/ex_android01.prefab,level/2/d,2D,e_android01,False,True,"{""spriteAtlas"":""RGTexture/sprite_atlas/cellar.spriteatlasv2"",""sprite"":""enemy_list_2_0"",""tex"":""Assets/RGTexture/enemy/cellar/enemy_list_2.png""}",32,4,0,0,False,,,,,,"{}",0,0,"[]","[]"
ex_android02,Level/2/D/Enemy/e_android02/ex_android02.prefab,level/2/d,2D,e_android02,False,True,"{""spriteAtlas"":""RGTexture/sprite_atlas/cellar.spriteatlasv2"",""sprite"":""enemy_list_2_1"",""tex"":""Assets/RGTexture/enemy/cellar/enemy_list_2.png""}",32,4,0,0,False,,,,,,"{}",0,0,"[]","[]"
ex_android03,Level/2/D/Enemy/e_android03/ex_android03.prefab,level/2/d,2D,e_android03,False,True,"{""spriteAtlas"":""RGTexture/sprite_atlas/cellar.spriteatlasv2"",""sprite"":""enemy_list_2_2"",""tex"":""Assets/RGTexture/enemy/cellar/enemy_list_2.png""}",40,4,0,0,False,,,,,,"{}",0,0,"[]","[]"
ex_android04,Level/2/D/Enemy/e_android04/ex_android04.prefab,level/2/d,2D,e_android04,False,True,"{""spriteAtlas"":""RGTexture/sprite_atlas/cellar.spriteatlasv2"",""sprite"":""enemy_list_2_3"",""tex"":""Assets/RGTexture/enemy/cellar/enemy_list_2.png""}",60,4,0,0,False,,,,,,"{}",0,0,"[]","[]"
ex_boombMiner,Level/2/D/Enemy/e_boombMiner/ex_boombMiner.prefab,level/2/d,2D,e_boombMiner,False,True,"{""spriteAtlas"":""RGTexture/sprite_atlas/cellar.spriteatlasv2"",""sprite"":""enemy_list_2_4"",""tex"":""Assets/RGTexture/enemy/cellar/enemy_list_2.png""}",32,5,0,0,False,,,,,,"{}",0,0,"[]","[]"
ex_iceKnight,Level/2/D/Enemy/e_iceKnight/ex_iceKnight.prefab,level/2/d,2D,e_iceKnight,False,True,"{""spriteAtlas"":""RGTexture/sprite_atlas/cellar.spriteatlasv2"",""sprite"":""enemy_list_2_9"",""tex"":""Assets/RGTexture/enemy/cellar/enemy_list_2.png""}",60,3,0,0,False,,,,,,"{}",0,0,"[]","[]"
ex_lilIceKnight,Level/2/D/Enemy/e_lilIceKnight/ex_lilIceKnight.prefab,level/2/d,2D,e_lilIceKnight,False,True,"{""spriteAtlas"":""RGTexture/sprite_atlas/cellar.spriteatlasv2"",""sprite"":""enemy_list_2_5"",""tex"":""Assets/RGTexture/enemy/cellar/enemy_list_2.png""}",50,4,0,0,False,,,,,,"{}",0,0,"[]","[]"
ex_lilWorm,Level/2/D/Enemy/e_lilWorm/ex_lilWorm.prefab,level/2/d,2D,e_lilWorm,False,True,"{""spriteAtlas"":""RGTexture/sprite_atlas/cellar.spriteatlasv2"",""sprite"":""enemy_list_2_6"",""tex"":""Assets/RGTexture/enemy/cellar/enemy_list_2.png""}",60,4,0,0,False,,,,,,"{}",0,0,"[]","[]"
ex_minerBoss01,Level/2/D/Enemy/e_minerBoss01/ex_minerBoss01.prefab,level/2/d,2D,e_minerBoss01,False,True,"{""spriteAtlas"":""RGTexture/sprite_atlas/cellar.spriteatlasv2"",""sprite"":""enemy_list_2_7"",""tex"":""Assets/RGTexture/enemy/cellar/enemy_list_2.png""}",60,4,0,0,False,,,,,,"{}",0,0,"[]","[]"
ex_minerBoss02,Level/2/D/Enemy/e_minerBoss02/ex_minerBoss02.prefab,level/2/d,2D,e_minerBoss02,False,True,"{""spriteAtlas"":""RGTexture/sprite_atlas/cellar.spriteatlasv2"",""sprite"":""enemy_list_2_8"",""tex"":""Assets/RGTexture/enemy/cellar/enemy_list_2.png""}",80,4,0,0,False,,,,,,"{}",0,0,"[]","[]"
boss26,Level/2/E/Boss/boss26/boss26.prefab,boss/boss26,2E,boss26,False,False,"{""spriteAtlas"":""RGTexture/sprite_atlas/cellar.spriteatlasv2"",""sprite"":""enemy_list_2_11"",""tex"":""Assets/RGTexture/enemy/cellar/enemy_list_2.png""}",800,5,0,0,True,level/1/a,RGSound/bgm/bgm_2High.mp3,Level/2/E/Boss/boss26/r2_boss9.prefab,weapon_334,,"{""boss01"":10,""boss01_2"":3,""boss02"":10,""boss03"":10,""boss04"":10,""boss15"":10,""boss16"":10,""boss20"":10,""bossnian"":6}",0,1,"[{""item"":{""item"":""material_magic_blue""},""probability"":7.50000048,""guaranteeDrop"":false,""guaranteeDropCount"":0,""conditions"":[]},{""item"":{""item"":""material_magic_green""},""probability"":7.50000048,""guaranteeDrop"":false,""guaranteeDropCount"":0,""conditions"":[]},{""item"":{""item"":""material_magic_purple""},""probability"":7.50000048,""guaranteeDrop"":false,""guaranteeDropCount"":0,""conditions"":[]},{""item"":{""item"":""material_magic_red""},""probability"":7.50000048,""guaranteeDrop"":false,""guaranteeDropCount"":0,""conditions"":[]},{""item"":{""item"":""material_tape_swamp""},""probability"":7.50000048,""guaranteeDrop"":false,""guaranteeDropCount"":0,""conditions"":[]},{""item"":{""item"":""material_tape_boss2""},""probability"":7.50000048,""guaranteeDrop"":false,""guaranteeDropCount"":0,""conditions"":[]},{""item"":{""item"":""material_ancient_weapon_fragment""},""probability"":150.0,""guaranteeDrop"":false,""guaranteeDropCount"":0,""conditions"":[]}]","[]"
e_lilMushroom,Level/2/E/Enemy/e_lilMushroom/e_lilMushroom.prefab,level/2/e,2E,e_lilMushroom,False,False,"{""spriteAtlas"":""RGTexture/sprite_atlas/cellar.spriteatlasv2"",""sprite"":""enemy_list_2_12"",""tex"":""Assets/RGTexture/enemy/cellar/enemy_list_2.png""}",9,3,0,0,False,,,,,,"{}",0,0,"[]","[]"
e_mushroom,Level/2/E/Enemy/e_mushroom/e_mushroom.prefab,level/2/e,2E,e_mushroom,False,False,"{""spriteAtlas"":""RGTexture/sprite_atlas/cellar.spriteatlasv2"",""sprite"":""enemy_list_2_13"",""tex"":""Assets/RGTexture/enemy/cellar/enemy_list_2.png""}",17,1.5,0,0,False,,,,,,"{}",0,0,"[]","[]"
e_swampArtist,Level/2/E/Enemy/e_swampArtist/e_swampArtist.prefab,level/2/e,2E,e_swampArtist,False,False,"{""spriteAtlas"":""RGTexture/sprite_atlas/cellar.spriteatlasv2"",""sprite"":""enemy_list_2_14"",""tex"":""Assets/RGTexture/enemy/cellar/enemy_list_2.png""}",24,5,0,0,False,,,,,,"{}",0,0.5,"[{""item"":{""item"":""material_tape_swamp""},""probability"":0.1,""guaranteeDrop"":false,""guaranteeDropCount"":0,""conditions"":[]},{""item"":{""item"":""material_skin_fragment_law""},""probability"":1.5,""guaranteeDrop"":false,""guaranteeDropCount"":0,""conditions"":[]}]","[]"
e_swampOrc01,Level/2/E/Enemy/e_swampOrc01/e_swampOrc01.prefab,level/2/e,2E,e_swampOrc01,False,False,"{""spriteAtlas"":""RGTexture/sprite_atlas/cellar.spriteatlasv2"",""sprite"":""enemy_list_2_15"",""tex"":""Assets/RGTexture/enemy/cellar/enemy_list_2.png""}",12,4,0,0,False,,,,,,"{}",0,0.5,"[{""item"":{""item"":""material_tape_swamp""},""probability"":0.1,""guaranteeDrop"":false,""guaranteeDropCount"":0,""conditions"":[]},{""item"":{""item"":""material_skin_fragment_law""},""probability"":1.5,""guaranteeDrop"":false,""guaranteeDropCount"":0,""conditions"":[]}]","[]"
e_swampOrc02,Level/2/E/Enemy/e_swampOrc02/e_swampOrc02.prefab,level/2/e,2E,e_swampOrc02,False,False,"{""spriteAtlas"":""RGTexture/sprite_atlas/cellar.spriteatlasv2"",""sprite"":""enemy_list_2_16"",""tex"":""Assets/RGTexture/enemy/cellar/enemy_list_2.png""}",9,5,0,0,False,,,,,,"{}",0,0.5,"[{""item"":{""item"":""material_tape_swamp""},""probability"":0.1,""guaranteeDrop"":false,""guaranteeDropCount"":0,""conditions"":[]},{""item"":{""item"":""material_skin_fragment_law""},""probability"":1.5,""guaranteeDrop"":false,""guaranteeDropCount"":0,""conditions"":[]}]","[]"
e_swampOrc03,Level/2/E/Enemy/e_swampOrc03/e_swampOrc03.prefab,level/2/e,2E,e_swampOrc03,False,False,"{""spriteAtlas"":""RGTexture/sprite_atlas/cellar.spriteatlasv2"",""sprite"":""enemy_list_2_17"",""tex"":""Assets/RGTexture/enemy/cellar/enemy_list_2.png""}",12,4,0,0,False,,,,,,"{}",0,0.5,"[{""item"":{""item"":""material_tape_swamp""},""probability"":0.1,""guaranteeDrop"":false,""guaranteeDropCount"":0,""conditions"":[]},{""item"":{""item"":""material_skin_fragment_law""},""probability"":1.5,""guaranteeDrop"":false,""guaranteeDropCount"":0,""conditions"":[]}]","[]"
e_swampOrc04,Level/2/E/Enemy/e_swampOrc04/e_swampOrc04.prefab,level/2/e,2E,e_swampOrc04,False,False,"{""spriteAtlas"":""RGTexture/sprite_atlas/cellar.spriteatlasv2"",""sprite"":""enemy_list_2_18"",""tex"":""Assets/RGTexture/enemy/cellar/enemy_list_2.png""}",20,4,0,0,False,,,,,,"{}",0,0.5,"[{""item"":{""item"":""material_tape_swamp""},""probability"":0.1,""guaranteeDrop"":false,""guaranteeDropCount"":0,""conditions"":[]},{""item"":{""item"":""material_skin_fragment_law""},""probability"":1.5,""guaranteeDrop"":false,""guaranteeDropCount"":0,""conditions"":[]}]","[]"
e_swampOrc05,Level/2/E/Enemy/e_swampOrc05/e_swampOrc05.prefab,level/2/e,2E,e_swampOrc05,False,False,"{""spriteAtlas"":""RGTexture/sprite_atlas/cellar.spriteatlasv2"",""sprite"":""enemy_list_2_19"",""tex"":""Assets/RGTexture/enemy/cellar/enemy_list_2.png""}",20,4,0,0,False,,,,,,"{}",0,0.5,"[{""item"":{""item"":""material_tape_swamp""},""probability"":0.1,""guaranteeDrop"":false,""guaranteeDropCount"":0,""conditions"":[]},{""item"":{""item"":""material_skin_fragment_law""},""probability"":1.5,""guaranteeDrop"":false,""guaranteeDropCount"":0,""conditions"":[]}]","[]"
e_swampOrc06,Level/2/E/Enemy/e_swampOrc06/e_swampOrc06.prefab,level/2/e,2E,e_swampOrc06,False,False,"{""spriteAtlas"":""RGTexture/sprite_atlas/cellar.spriteatlasv2"",""sprite"":""enemy_list_2_20"",""tex"":""Assets/RGTexture/enemy/cellar/enemy_list_2.png""}",24,5,0,0,False,,,,,,"{}",0,0.5,"[{""item"":{""item"":""material_tape_swamp""},""probability"":0.1,""guaranteeDrop"":false,""guaranteeDropCount"":0,""conditions"":[]},{""item"":{""item"":""material_skin_fragment_law""},""probability"":1.5,""guaranteeDrop"":false,""guaranteeDropCount"":0,""conditions"":[]}]","[]"
e_swampOrc07,Level/2/E/Enemy/e_swampOrc07/e_swampOrc07.prefab,level/2/e,2E,e_swampOrc07,False,False,"{""spriteAtlas"":""RGTexture/sprite_atlas/cellar.spriteatlasv2"",""sprite"":""enemy_list_2_21"",""tex"":""Assets/RGTexture/enemy/cellar/enemy_list_2.png""}",24,4,0,0,False,,,,,,"{}",0,0.5,"[{""item"":{""item"":""material_tape_swamp""},""probability"":0.1,""guaranteeDrop"":false,""guaranteeDropCount"":0,""conditions"":[]},{""item"":{""item"":""material_skin_fragment_law""},""probability"":1.5,""guaranteeDrop"":false,""guaranteeDropCount"":0,""conditions"":[]}]","[]"
e_swampOrc08,Level/2/E/Enemy/e_swampOrc08/e_swampOrc08.prefab,level/2/e,2E,e_swampOrc08,False,False,"{""spriteAtlas"":""RGTexture/sprite_atlas/cellar.spriteatlasv2"",""sprite"":""enemy_list_2_22"",""tex"":""Assets/RGTexture/enemy/cellar/enemy_list_2.png""}",50,3,0,0,False,,,,,,"{}",0,0.5,"[{""item"":{""item"":""material_tape_swamp""},""probability"":0.1,""guaranteeDrop"":false,""guaranteeDropCount"":0,""conditions"":[]},{""item"":{""item"":""material_skin_fragment_law""},""probability"":1.5,""guaranteeDrop"":false,""guaranteeDropCount"":0,""conditions"":[]}]","[]"
e_swampRider01,Level/2/E/Enemy/e_swampRider01/e_swampRider01.prefab,level/2/e,2E,e_swampRider01,False,False,"{""spriteAtlas"":""RGTexture/sprite_atlas/cellar.spriteatlasv2"",""sprite"":""enemy_list_2_23"",""tex"":""Assets/RGTexture/enemy/cellar/enemy_list_2.png""}",31,3,0,0,False,,,,,,"{}",0,0.5,"[{""item"":{""item"":""material_tape_swamp""},""probability"":0.1,""guaranteeDrop"":false,""guaranteeDropCount"":0,""conditions"":[]},{""item"":{""item"":""material_skin_fragment_law""},""probability"":1.5,""guaranteeDrop"":false,""guaranteeDropCount"":0,""conditions"":[]}]","[]"
e_swampRider02,Level/2/E/Enemy/e_swampRider02/e_swampRider02.prefab,level/2/e,2E,e_swampRider02,False,False,"{""spriteAtlas"":""RGTexture/sprite_atlas/cellar.spriteatlasv2"",""sprite"":""enemy_list_2_24"",""tex"":""Assets/RGTexture/enemy/cellar/enemy_list_2.png""}",31,3,0,0,False,,,,,,"{}",0,0.5,"[{""item"":{""item"":""material_tape_swamp""},""probability"":0.1,""guaranteeDrop"":false,""guaranteeDropCount"":0,""conditions"":[]},{""item"":{""item"":""material_skin_fragment_law""},""probability"":1.5,""guaranteeDrop"":false,""guaranteeDropCount"":0,""conditions"":[]}]","[]"
e_swampRider03,Level/2/E/Enemy/e_swampRider03/e_swampRider03.prefab,level/2/e,2E,e_swampRider03,False,False,"{""spriteAtlas"":""RGTexture/sprite_atlas/cellar.spriteatlasv2"",""sprite"":""enemy_list_2_25"",""tex"":""Assets/RGTexture/enemy/cellar/enemy_list_2.png""}",31,3,0,0,False,,,,,,"{}",0,0.5,"[{""item"":{""item"":""material_tape_swamp""},""probability"":0.1,""guaranteeDrop"":false,""guaranteeDropCount"":0,""conditions"":[]},{""item"":{""item"":""material_skin_fragment_law""},""probability"":1.5,""guaranteeDrop"":false,""guaranteeDropCount"":0,""conditions"":[]}]","[]"
ex_lilMushroom,Level/2/E/Enemy/e_lilMushroom/ex_lilMushroom.prefab,level/2/e,2E,e_lilMushroom,False,True,"{""spriteAtlas"":""RGTexture/sprite_atlas/cellar.spriteatlasv2"",""sprite"":""enemy_list_2_12"",""tex"":""Assets/RGTexture/enemy/cellar/enemy_list_2.png""}",50,3,0,0,False,,,,,,"{}",0,0,"[]","[]"
ex_mushroom,Level/2/E/Enemy/e_mushroom/ex_mushroom.prefab,level/2/e,2E,e_mushroom,False,True,"{""spriteAtlas"":""RGTexture/sprite_atlas/cellar.spriteatlasv2"",""sprite"":""enemy_list_2_13"",""tex"":""Assets/RGTexture/enemy/cellar/enemy_list_2.png""}",60,1.5,0,0,False,,,,,,"{}",0,0,"[]","[]"
ex_swampOrc01,Level/2/E/Enemy/e_swampOrc01/ex_swampOrc01.prefab,level/2/e,2E,e_swampOrc01,False,True,"{""spriteAtlas"":""RGTexture/sprite_atlas/cellar.spriteatlasv2"",""sprite"":""enemy_list_2_15"",""tex"":""Assets/RGTexture/enemy/cellar/enemy_list_2.png""}",57,4,0,0,False,,,,,,"{}",0,0.5,"[{""item"":{""item"":""material_tape_swamp""},""probability"":0.2,""guaranteeDrop"":false,""guaranteeDropCount"":0,""conditions"":[]},{""item"":{""item"":""material_skin_fragment_law""},""probability"":3.0,""guaranteeDrop"":false,""guaranteeDropCount"":0,""conditions"":[]}]","[]"
ex_swampOrc02,Level/2/E/Enemy/e_swampOrc02/ex_swampOrc02.prefab,level/2/e,2E,e_swampOrc02,False,True,"{""spriteAtlas"":""RGTexture/sprite_atlas/cellar.spriteatlasv2"",""sprite"":""enemy_list_2_16"",""tex"":""Assets/RGTexture/enemy/cellar/enemy_list_2.png""}",47,5,0,0,False,,,,,,"{}",0,0.5,"[{""item"":{""item"":""material_tape_swamp""},""probability"":0.2,""guaranteeDrop"":false,""guaranteeDropCount"":0,""conditions"":[]},{""item"":{""item"":""material_skin_fragment_law""},""probability"":3.0,""guaranteeDrop"":false,""guaranteeDropCount"":0,""conditions"":[]}]","[]"
ex_swampOrc03,Level/2/E/Enemy/e_swampOrc03/ex_swampOrc03.prefab,level/2/e,2E,e_swampOrc03,False,True,"{""spriteAtlas"":""RGTexture/sprite_atlas/cellar.spriteatlasv2"",""sprite"":""enemy_list_2_17"",""tex"":""Assets/RGTexture/enemy/cellar/enemy_list_2.png""}",41,4,0,0,False,,,,,,"{}",0,0.5,"[{""item"":{""item"":""material_tape_swamp""},""probability"":0.2,""guaranteeDrop"":false,""guaranteeDropCount"":0,""conditions"":[]},{""item"":{""item"":""material_skin_fragment_law""},""probability"":3.0,""guaranteeDrop"":false,""guaranteeDropCount"":0,""conditions"":[]}]","[]"
ex_swampOrc04,Level/2/E/Enemy/e_swampOrc04/ex_swampOrc04.prefab,level/2/e,2E,e_swampOrc04,False,True,"{""spriteAtlas"":""RGTexture/sprite_atlas/cellar.spriteatlasv2"",""sprite"":""enemy_list_2_18"",""tex"":""Assets/RGTexture/enemy/cellar/enemy_list_2.png""}",40,4,0,0,False,,,,,,"{}",0,0.5,"[{""item"":{""item"":""material_tape_swamp""},""probability"":0.2,""guaranteeDrop"":false,""guaranteeDropCount"":0,""conditions"":[]},{""item"":{""item"":""material_skin_fragment_law""},""probability"":3.0,""guaranteeDrop"":false,""guaranteeDropCount"":0,""conditions"":[]}]","[]"
ex_swampOrc05,Level/2/E/Enemy/e_swampOrc05/ex_swampOrc05.prefab,level/2/e,2E,e_swampOrc05,False,True,"{""spriteAtlas"":""RGTexture/sprite_atlas/cellar.spriteatlasv2"",""sprite"":""enemy_list_2_19"",""tex"":""Assets/RGTexture/enemy/cellar/enemy_list_2.png""}",40,4,0,0,False,,,,,,"{}",0,0.5,"[{""item"":{""item"":""material_tape_swamp""},""probability"":0.2,""guaranteeDrop"":false,""guaranteeDropCount"":0,""conditions"":[]},{""item"":{""item"":""material_skin_fragment_law""},""probability"":3.0,""guaranteeDrop"":false,""guaranteeDropCount"":0,""conditions"":[]}]","[]"
ex_swampOrc06,Level/2/E/Enemy/e_swampOrc06/ex_swampOrc06.prefab,level/2/e,2E,e_swampOrc06,False,True,"{""spriteAtlas"":""RGTexture/sprite_atlas/cellar.spriteatlasv2"",""sprite"":""enemy_list_2_20"",""tex"":""Assets/RGTexture/enemy/cellar/enemy_list_2.png""}",50,5,0,0,False,,,,,,"{}",0,0.5,"[{""item"":{""item"":""material_tape_swamp""},""probability"":0.2,""guaranteeDrop"":false,""guaranteeDropCount"":0,""conditions"":[]},{""item"":{""item"":""material_skin_fragment_law""},""probability"":3.0,""guaranteeDrop"":false,""guaranteeDropCount"":0,""conditions"":[]}]","[]"
ex_swampOrc07,Level/2/E/Enemy/e_swampOrc07/ex_swampOrc07.prefab,level/2/e,2E,e_swampOrc07,False,True,"{""spriteAtlas"":""RGTexture/sprite_atlas/cellar.spriteatlasv2"",""sprite"":""enemy_list_2_21"",""tex"":""Assets/RGTexture/enemy/cellar/enemy_list_2.png""}",50,4,0,0,False,,,,,,"{}",0,0.5,"[{""item"":{""item"":""material_tape_swamp""},""probability"":0.2,""guaranteeDrop"":false,""guaranteeDropCount"":0,""conditions"":[]},{""item"":{""item"":""material_skin_fragment_law""},""probability"":3.0,""guaranteeDrop"":false,""guaranteeDropCount"":0,""conditions"":[]}]","[]"
ex_swampOrc08,Level/2/E/Enemy/e_swampOrc08/ex_swampOrc08.prefab,level/2/e,2E,e_swampOrc08,False,True,"{""spriteAtlas"":""RGTexture/sprite_atlas/cellar.spriteatlasv2"",""sprite"":""enemy_list_2_22"",""tex"":""Assets/RGTexture/enemy/cellar/enemy_list_2.png""}",150,3,0,0,False,,,,,,"{}",0,0.5,"[{""item"":{""item"":""material_tape_swamp""},""probability"":0.2,""guaranteeDrop"":false,""guaranteeDropCount"":0,""conditions"":[]},{""item"":{""item"":""material_skin_fragment_law""},""probability"":3.0,""guaranteeDrop"":false,""guaranteeDropCount"":0,""conditions"":[]}]","[]"
ex_swampRider01,Level/2/E/Enemy/e_swampRider01/ex_swampRider01.prefab,level/2/e,2E,e_swampRider01,False,True,"{""spriteAtlas"":""RGTexture/sprite_atlas/cellar.spriteatlasv2"",""sprite"":""enemy_list_2_23"",""tex"":""Assets/RGTexture/enemy/cellar/enemy_list_2.png""}",61,3,0,0,False,,,,,,"{}",0,0.5,"[{""item"":{""item"":""material_tape_swamp""},""probability"":0.2,""guaranteeDrop"":false,""guaranteeDropCount"":0,""conditions"":[]},{""item"":{""item"":""material_skin_fragment_law""},""probability"":3.0,""guaranteeDrop"":false,""guaranteeDropCount"":0,""conditions"":[]}]","[]"
ex_swampRider02,Level/2/E/Enemy/e_swampRider02/ex_swampRider02.prefab,level/2/e,2E,e_swampRider02,False,True,"{""spriteAtlas"":""RGTexture/sprite_atlas/cellar.spriteatlasv2"",""sprite"":""enemy_list_2_24"",""tex"":""Assets/RGTexture/enemy/cellar/enemy_list_2.png""}",61,3,0,0,False,,,,,,"{}",0,0.5,"[{""item"":{""item"":""material_tape_swamp""},""probability"":0.2,""guaranteeDrop"":false,""guaranteeDropCount"":0,""conditions"":[]},{""item"":{""item"":""material_skin_fragment_law""},""probability"":3.0,""guaranteeDrop"":false,""guaranteeDropCount"":0,""conditions"":[]}]","[]"
ex_swampRider03,Level/2/E/Enemy/e_swampRider03/ex_swampRider03.prefab,level/2/e,2E,e_swampRider03,False,True,"{""spriteAtlas"":""RGTexture/sprite_atlas/cellar.spriteatlasv2"",""sprite"":""enemy_list_2_25"",""tex"":""Assets/RGTexture/enemy/cellar/enemy_list_2.png""}",61,3,0,0,False,,,,,,"{}",0,0.5,"[{""item"":{""item"":""material_tape_swamp""},""probability"":0.2,""guaranteeDrop"":false,""guaranteeDropCount"":0,""conditions"":[]},{""item"":{""item"":""material_skin_fragment_law""},""probability"":3.0,""guaranteeDrop"":false,""guaranteeDropCount"":0,""conditions"":[]}]","[]"
swamp_tentacle,Level/2/E/Boss/boss26/swamp_tentacle/swamp_tentacle.prefab,boss/boss26,2E,e_swampTentacle,False,False,"{""spriteAtlas"":""RGTexture/sprite_atlas/cellar.spriteatlasv2"",""sprite"":""enemy_list_2_30"",""tex"":""Assets/RGTexture/enemy/cellar/enemy_list_2.png""}",31,6,0,0,False,,,,,,"{}",0,0,"[]","[]"
boss27,Level/2/F/Boss/Boss27/boss27.prefab,boss/boss27,2F,boss27,False,False,"{""spriteAtlas"":""RGTexture/sprite_atlas/cellar.spriteatlasv2"",""sprite"":""enemy_list_2_26"",""tex"":""Assets/RGTexture/enemy/cellar/enemy_list_2.png""}",600,4,0,0,True,,RGSound/bgm/bgm_2High.mp3,Level/2/F/Boss/Boss27/r2_boss10.prefab,weapon_335,,"{""boss01"":10,""boss01_2"":3,""boss02"":10,""boss03"":10,""boss04"":10,""boss15"":10,""boss16"":10,""boss20"":10,""bossnian"":6}",0,1,"[{""item"":{""item"":""material_cell""},""probability"":100.0,""guaranteeDrop"":false,""guaranteeDropCount"":0,""conditions"":[]},{""item"":{""item"":""material_skill_Paladin_2""},""probability"":55.0,""guaranteeDrop"":false,""guaranteeDropCount"":0,""conditions"":[]},{""item"":{""item"":""material_ancient_weapon_fragment""},""probability"":150.0,""guaranteeDrop"":false,""guaranteeDropCount"":0,""conditions"":[]}]","[]"
boss27_ScarabFire,Level/2/F/Boss/Boss27/summon/boss27_ScarabFire.prefab,boss/boss27,2F,e_relicScarabFire,False,False,"{""spriteAtlas"":""RGTexture/sprite_atlas/cellar.spriteatlasv2"",""sprite"":""enemy_list_2_27"",""tex"":""Assets/RGTexture/enemy/cellar/enemy_list_2.png""}",17,3,0,0,False,,,,,,"{}",0,0,"[]","[]"
boss27_ScarabIce,Level/2/F/Boss/Boss27/summon/boss27_ScarabIce.prefab,boss/boss27,2F,e_relicScarabIce,False,False,"{""spriteAtlas"":""RGTexture/sprite_atlas/cellar.spriteatlasv2"",""sprite"":""enemy_list_2_28"",""tex"":""Assets/RGTexture/enemy/cellar/enemy_list_2.png""}",17,3,0,0,False,,,,,,"{}",0,0,"[]","[]"
boss27_ScarabPoison,Level/2/F/Boss/Boss27/summon/boss27_ScarabPoison.prefab,boss/boss27,2F,e_relicScarabPoison,False,False,"{""spriteAtlas"":""RGTexture/sprite_atlas/cellar.spriteatlasv2"",""sprite"":""enemy_list_2_29"",""tex"":""Assets/RGTexture/enemy/cellar/enemy_list_2.png""}",17,3,0,0,False,,,,,,"{}",0,0,"[]","[]"
e_lilRobberMonkey,Level/2/F/Enemy/e_lilRobberMonkey/e_lilRobberMonkey.prefab,level/2/f,2F,e_lilRobberMonkey,False,False,"{""spriteAtlas"":""RGTexture/sprite_atlas/cellar.spriteatlasv2"",""sprite"":""enemy_list_2_31"",""tex"":""Assets/RGTexture/enemy/cellar/enemy_list_2.png""}",31,4,0,0,False,,,,,,"{}",0,0,"[]","[]"
e_relicScarabFire,Level/2/F/Enemy/e_relicScarabFire/e_relicScarabFire.prefab,level/2/f,2F,e_relicScarabFire,False,False,"{""spriteAtlas"":""RGTexture/sprite_atlas/cellar.spriteatlasv2"",""sprite"":""enemy_list_2_27"",""tex"":""Assets/RGTexture/enemy/cellar/enemy_list_2.png""}",17,3,0,0,False,,,,,,"{}",0,0.5,"[{""item"":{""item"":""material_gear""},""probability"":0.01,""guaranteeDrop"":false,""guaranteeDropCount"":0,""conditions"":[]}]","[]"
e_relicScarabIce,Level/2/F/Enemy/e_relicScarabIce/e_relicScarabIce.prefab,level/2/f,2F,e_relicScarabIce,False,False,"{""spriteAtlas"":""RGTexture/sprite_atlas/cellar.spriteatlasv2"",""sprite"":""enemy_list_2_28"",""tex"":""Assets/RGTexture/enemy/cellar/enemy_list_2.png""}",17,3,0,0,False,,,,,,"{}",0,0,"[]","[]"
e_relicScarabPoison,Level/2/F/Enemy/e_relicScarabPoison/e_relicScarabPoison.prefab,level/2/f,2F,e_relicScarabPoison,False,False,"{""spriteAtlas"":""RGTexture/sprite_atlas/cellar.spriteatlasv2"",""sprite"":""enemy_list_2_29"",""tex"":""Assets/RGTexture/enemy/cellar/enemy_list_2.png""}",17,3,0,0,False,,,,,,"{}",0,0,"[]","[]"
e_relicSkeleton01,Level/2/F/Enemy/e_relicSkeleton01/e_relicSkeleton01.prefab,level/2/f,2F,e_relicSkeleton01,False,False,"{""spriteAtlas"":""RGTexture/sprite_atlas/cellar.spriteatlasv2"",""sprite"":""enemy_list_2_32"",""tex"":""Assets/RGTexture/enemy/cellar/enemy_list_2.png""}",17,6,0,0,False,,,,,,"{}",0,0.5,"[{""item"":{""item"":""material_skin_fragment_flag""},""probability"":1.5,""guaranteeDrop"":false,""guaranteeDropCount"":0,""conditions"":[]}]","[]"
e_relicSkeleton02,Level/2/F/Enemy/e_relicSkeleton02/e_relicSkeleton02.prefab,level/2/f,2F,e_relicSkeleton02,False,False,"{""spriteAtlas"":""RGTexture/sprite_atlas/cellar.spriteatlasv2"",""sprite"":""enemy_list_2_33"",""tex"":""Assets/RGTexture/enemy/cellar/enemy_list_2.png""}",17,6,0,0,False,,,,,,"{}",0,0.5,"[{""item"":{""item"":""material_skin_fragment_flag""},""probability"":1.5,""guaranteeDrop"":false,""guaranteeDropCount"":0,""conditions"":[]}]","[]"
e_relicSkeleton03,Level/2/F/Enemy/e_relicSkeleton03/e_relicSkeleton03.prefab,level/2/f,2F,e_relicSkeleton03,False,False,"{""spriteAtlas"":""RGTexture/sprite_atlas/cellar.spriteatlasv2"",""sprite"":""enemy_list_2_34"",""tex"":""Assets/RGTexture/enemy/cellar/enemy_list_2.png""}",21,6,0,0,False,,,,,,"{}",0,0.5,"[{""item"":{""item"":""material_skin_fragment_flag""},""probability"":1.5,""guaranteeDrop"":false,""guaranteeDropCount"":0,""conditions"":[]}]","[]"
e_relicSkeleton04,Level/2/F/Enemy/e_relicSkeleton04/e_relicSkeleton04.prefab,level/2/f,2F,e_relicSkeleton04,False,False,"{""spriteAtlas"":""RGTexture/sprite_atlas/cellar.spriteatlasv2"",""sprite"":""enemy_list_2_35"",""tex"":""Assets/RGTexture/enemy/cellar/enemy_list_2.png""}",21,6,0,0,False,,,,,,"{}",0,0.5,"[{""item"":{""item"":""material_skin_fragment_flag""},""probability"":1.5,""guaranteeDrop"":false,""guaranteeDropCount"":0,""conditions"":[]}]","[]"
e_relicSkeleton05,Level/2/F/Enemy/e_relicSkeleton05/e_relicSkeleton05.prefab,level/2/f,2F,e_relicSkeleton05,False,False,"{""spriteAtlas"":""RGTexture/sprite_atlas/cellar.spriteatlasv2"",""sprite"":""enemy_list_2_36"",""tex"":""Assets/RGTexture/enemy/cellar/enemy_list_2.png""}",23,6,0,0,False,,,,,,"{}",0,0.5,"[{""item"":{""item"":""material_skin_fragment_flag""},""probability"":1.5,""guaranteeDrop"":false,""guaranteeDropCount"":0,""conditions"":[]}]","[]"
e_robberMonkey,Level/2/F/Enemy/e_robberMonkey/e_robberMonkey.prefab,level/2/f,2F,e_robberMonkey,False,False,"{""spriteAtlas"":""RGTexture/sprite_atlas/cellar.spriteatlasv2"",""sprite"":""enemy_list_2_37"",""tex"":""Assets/RGTexture/enemy/cellar/enemy_list_2.png""}",60,4,0,0,False,,,,,,"{}",0,0,"[]","[]"
ex_lilRobberMonkey,Level/2/F/Enemy/e_lilRobberMonkey/ex_lilRobberMonkey.prefab,level/2/f,2F,e_lilRobberMonkey,False,True,"{""spriteAtlas"":""RGTexture/sprite_atlas/cellar.spriteatlasv2"",""sprite"":""enemy_list_2_31"",""tex"":""Assets/RGTexture/enemy/cellar/enemy_list_2.png""}",51,4,0,0,False,,,,,,"{}",0,0,"[]","[]"
ex_relicScarabFire,Level/2/F/Enemy/e_relicScarabFire/ex_relicScarabFire.prefab,level/2/f,2F,e_relicScarabFire,False,True,"{""spriteAtlas"":""RGTexture/sprite_atlas/cellar.spriteatlasv2"",""sprite"":""enemy_list_2_27"",""tex"":""Assets/RGTexture/enemy/cellar/enemy_list_2.png""}",41,3,0,0,False,,,,,,"{}",0,0,"[]","[]"
ex_relicScarabIce,Level/2/F/Enemy/e_relicScarabIce/ex_relicScarabIce.prefab,level/2/f,2F,e_relicScarabIce,False,True,"{""spriteAtlas"":""RGTexture/sprite_atlas/cellar.spriteatlasv2"",""sprite"":""enemy_list_2_28"",""tex"":""Assets/RGTexture/enemy/cellar/enemy_list_2.png""}",41,3,0,0,False,,,,,,"{}",0,0,"[]","[]"
ex_relicScarabPoison,Level/2/F/Enemy/e_relicScarabPoison/ex_relicScarabPoison.prefab,level/2/f,2F,e_relicScarabPoison,False,True,"{""spriteAtlas"":""RGTexture/sprite_atlas/cellar.spriteatlasv2"",""sprite"":""enemy_list_2_29"",""tex"":""Assets/RGTexture/enemy/cellar/enemy_list_2.png""}",41,3,0,0,False,,,,,,"{}",0,0,"[]","[]"
ex_relicSkeleton01,Level/2/F/Enemy/e_relicSkeleton01/ex_relicSkeleton01.prefab,level/2/f,2F,e_relicSkeleton01,False,True,"{""spriteAtlas"":""RGTexture/sprite_atlas/cellar.spriteatlasv2"",""sprite"":""enemy_list_2_32"",""tex"":""Assets/RGTexture/enemy/cellar/enemy_list_2.png""}",50,6,0,0,False,,,,,,"{}",0,0.5,"[{""item"":{""item"":""material_skin_fragment_flag""},""probability"":3.0,""guaranteeDrop"":false,""guaranteeDropCount"":0,""conditions"":[]}]","[]"
ex_relicSkeleton02,Level/2/F/Enemy/e_relicSkeleton02/ex_relicSkeleton02.prefab,level/2/f,2F,e_relicSkeleton02,False,True,"{""spriteAtlas"":""RGTexture/sprite_atlas/cellar.spriteatlasv2"",""sprite"":""enemy_list_2_33"",""tex"":""Assets/RGTexture/enemy/cellar/enemy_list_2.png""}",50,6,0,0,False,,,,,,"{}",0,0.5,"[{""item"":{""item"":""material_skin_fragment_flag""},""probability"":3.0,""guaranteeDrop"":false,""guaranteeDropCount"":0,""conditions"":[]}]","[]"
ex_relicSkeleton03,Level/2/F/Enemy/e_relicSkeleton03/ex_relicSkeleton03.prefab,level/2/f,2F,e_relicSkeleton03,False,True,"{""spriteAtlas"":""RGTexture/sprite_atlas/cellar.spriteatlasv2"",""sprite"":""enemy_list_2_34"",""tex"":""Assets/RGTexture/enemy/cellar/enemy_list_2.png""}",60,6,0,0,False,,,,,,"{}",0,0.5,"[{""item"":{""item"":""material_skin_fragment_flag""},""probability"":3.0,""guaranteeDrop"":false,""guaranteeDropCount"":0,""conditions"":[]}]","[]"
ex_relicSkeleton04,Level/2/F/Enemy/e_relicSkeleton04/ex_relicSkeleton04.prefab,level/2/f,2F,e_relicSkeleton04,False,True,"{""spriteAtlas"":""RGTexture/sprite_atlas/cellar.spriteatlasv2"",""sprite"":""enemy_list_2_35"",""tex"":""Assets/RGTexture/enemy/cellar/enemy_list_2.png""}",60,6,0,0,False,,,,,,"{}",0,0.5,"[{""item"":{""item"":""material_skin_fragment_flag""},""probability"":3.0,""guaranteeDrop"":false,""guaranteeDropCount"":0,""conditions"":[]}]","[]"
ex_relicSkeleton05,Level/2/F/Enemy/e_relicSkeleton05/ex_relicSkeleton05.prefab,level/2/f,2F,e_relicSkeleton05,False,True,"{""spriteAtlas"":""RGTexture/sprite_atlas/cellar.spriteatlasv2"",""sprite"":""enemy_list_2_36"",""tex"":""Assets/RGTexture/enemy/cellar/enemy_list_2.png""}",65,6,0,0,False,,,,,,"{}",0,0.5,"[{""item"":{""item"":""material_skin_fragment_flag""},""probability"":3.0,""guaranteeDrop"":false,""guaranteeDropCount"":0,""conditions"":[]}]","[]"
ex_robberMonkey,Level/2/F/Enemy/e_robberMonkey/ex_robberMonkey.prefab,level/2/f,2F,e_robberMonkey,False,True,"{""spriteAtlas"":""RGTexture/sprite_atlas/cellar.spriteatlasv2"",""sprite"":""enemy_list_2_37"",""tex"":""Assets/RGTexture/enemy/cellar/enemy_list_2.png""}",150,4,0,0,False,,,,,,"{}",0,0,"[]","[]"
boss_robot_king,Level/2/G/Boss/boss_robot_king/boss_robot_king.prefab,boss/boss_robot_king,2G,boss_robot_king,False,False,"{""spriteAtlas"":""RGTexture/sprite_atlas/cellar.spriteatlasv2"",""sprite"":""enemy_list_3_10"",""tex"":""Assets/RGTexture/enemy/cellar/enemy_list_3.png""}",1200,5,0,0,True,,RGSound/bgm/bgm_2High.mp3,Level/2/G/Boss/boss_robot_king/r2_boss_robot_king.prefab,weapon_359,,"{""boss_robot_queen"":10,""boss01"":10,""boss01_2"":10,""boss02"":10,""boss20"":10,""boss03"":10,""boss04"":20,""boss15"":0,""boss16"":0,""boss24"":0,""boss27"":0,""boss26"":0,""boss_robot_king"":10}",0,0,"[{""item"":{""item"":""material_tape_level_2g""},""probability"":7.5,""guaranteeDrop"":false,""guaranteeDropCount"":0,""conditions"":[]},{""item"":{""item"":""material_iron""},""probability"":150.0,""guaranteeDrop"":false,""guaranteeDropCount"":0,""conditions"":[]},{""item"":{""item"":""plant_heptacolor_seed""},""probability"":50.0,""guaranteeDrop"":false,""guaranteeDropCount"":0,""conditions"":[]},{""item"":{""item"":""material_ancient_weapon_fragment""},""probability"":150.0,""guaranteeDrop"":false,""guaranteeDropCount"":0,""conditions"":[]},{""item"":{""item"":""material_battery""},""probability"":50.0,""guaranteeDrop"":false,""guaranteeDropCount"":0,""conditions"":[]},{""item"":{""item"":""material_gear""},""probability"":50.0,""guaranteeDrop"":false,""guaranteeDropCount"":0,""conditions"":[]},{""item"":{""item"":""material_skill_Warlock_1""},""probability"":25.0,""guaranteeDrop"":false,""guaranteeDropCount"":0,""conditions"":[{""type"":0,""bluePrint"":{""item"":""blueprint_skill_Warlock_1""},""material"":{""item"":""""},""requiredNum"":0,""inverse"":true},{""type"":2,""bluePrint"":{""item"":""""},""material"":{""item"":""material_skill_Warlock_1""},""requiredNum"":8,""inverse"":false}]}]","[]"
boss_robot_king_robot_knight_1,Level/2/G/Boss/boss_robot_king/summon/boss_robot_king_robot_knight_1.prefab,boss/boss_robot_king,2G,e_robot_knight_1,False,False,"{""spriteAtlas"":""RGTexture/sprite_atlas/cellar.spriteatlasv2"",""sprite"":""enemy_list_3_0"",""tex"":""Assets/RGTexture/enemy/cellar/enemy_list_3.png""}",24,3,0,0,False,,,,,,"{}",0,0,"[]","[]"
boss_robot_king_robot_knight_2,Level/2/G/Boss/boss_robot_king/summon/boss_robot_king_robot_knight_2.prefab,boss/boss_robot_king,2G,e_robot_knight_2,False,False,"{""spriteAtlas"":""RGTexture/sprite_atlas/cellar.spriteatlasv2"",""sprite"":""enemy_list_3_1"",""tex"":""Assets/RGTexture/enemy/cellar/enemy_list_3.png""}",20,4,0,0,False,,,,,,"{}",0,0,"[]","[]"
boss_robot_king_robot_knight_3,Level/2/G/Boss/boss_robot_king/summon/boss_robot_king_robot_knight_3.prefab,boss/boss_robot_king,2G,e_robot_knight_3,False,False,"{""spriteAtlas"":""RGTexture/sprite_atlas/cellar.spriteatlasv2"",""sprite"":""enemy_list_3_2"",""tex"":""Assets/RGTexture/enemy/cellar/enemy_list_3.png""}",50,3,0,0,False,,,,,,"{}",0,0,"[]","[]"
boss_robot_king_robot_knight_4,Level/2/G/Boss/boss_robot_king/summon/boss_robot_king_robot_knight_4.prefab,boss/boss_robot_king,2G,e_robot_knight_4,False,False,"{""spriteAtlas"":""RGTexture/sprite_atlas/cellar.spriteatlasv2"",""sprite"":""enemy_list_3_3"",""tex"":""Assets/RGTexture/enemy/cellar/enemy_list_3.png""}",16,3,0,0,False,,,,,,"{}",0,0,"[]","[]"
boss_robot_queen,Level/2/G/Boss/boss_robot_queen/boss_robot_queen.prefab,boss/boss_robot_queen,2G,boss_robot_queen,False,False,"{""spriteAtlas"":""RGTexture/sprite_atlas/cellar.spriteatlasv2"",""sprite"":""enemy_list_3_8"",""tex"":""Assets/RGTexture/enemy/cellar/enemy_list_3.png""}",1000,8,0,0,True,,RGSound/bgm/bgm_2High.mp3,Level/2/G/Boss/boss_robot_queen/r2_boss_robot_queen.prefab,weapon_357,,"{""boss_robot_queen"":10,""boss01"":10,""boss01_2"":10,""boss02"":10,""boss20"":10,""boss03"":10,""boss04"":20,""boss15"":0,""boss16"":0,""boss24"":0,""boss27"":0,""boss26"":0,""boss_robot_king"":10}",0,0,"[{""item"":{""item"":""material_tape_level_2g""},""probability"":7.5,""guaranteeDrop"":false,""guaranteeDropCount"":0,""conditions"":[]},{""item"":{""item"":""material_iron""},""probability"":100.0,""guaranteeDrop"":false,""guaranteeDropCount"":0,""conditions"":[]},{""item"":{""item"":""material_ancient_weapon_fragment""},""probability"":150.0,""guaranteeDrop"":false,""guaranteeDropCount"":0,""conditions"":[]},{""item"":{""item"":""material_battery""},""probability"":50.0,""guaranteeDrop"":false,""guaranteeDropCount"":0,""conditions"":[]},{""item"":{""item"":""material_gear""},""probability"":50.0,""guaranteeDrop"":false,""guaranteeDropCount"":0,""conditions"":[]},{""item"":{""item"":""material_skill_Warlock_1""},""probability"":25.0,""guaranteeDrop"":false,""guaranteeDropCount"":0,""conditions"":[{""type"":0,""bluePrint"":{""item"":""blueprint_skill_Warlock_1""},""material"":{""item"":""""},""requiredNum"":0,""inverse"":true},{""type"":2,""bluePrint"":{""item"":""""},""material"":{""item"":""material_skill_Warlock_1""},""requiredNum"":8,""inverse"":false}]}]","[]"
e_robot_bishop,Level/2/G/Enemy/e_robot_bishop/e_robot_bishop.prefab,level/2/g,2G,e_robot_bishop,False,False,"{""spriteAtlas"":""RGTexture/sprite_atlas/cellar.spriteatlasv2"",""sprite"":""enemy_list_3_6"",""tex"":""Assets/RGTexture/enemy/cellar/enemy_list_3.png""}",20,5,0,0,False,,,,,,"{}",0,0,"[{""item"":{""item"":""material_tape_level_2g""},""probability"":0.05,""guaranteeDrop"":false,""guaranteeDropCount"":0,""conditions"":[]},{""item"":{""item"":""material_gear""},""probability"":2.0,""guaranteeDrop"":false,""guaranteeDropCount"":0,""conditions"":[]},{""item"":{""item"":""material_battery""},""probability"":2.0,""guaranteeDrop"":false,""guaranteeDropCount"":0,""conditions"":[]}]","[]"
e_robot_knight_1,Level/2/G/Enemy/e_robot_knight_1/e_robot_knight_1.prefab,level/2/g,2G,e_robot_knight_1,False,False,"{""spriteAtlas"":""RGTexture/sprite_atlas/cellar.spriteatlasv2"",""sprite"":""enemy_list_3_0"",""tex"":""Assets/RGTexture/enemy/cellar/enemy_list_3.png""}",24,3,0,0,False,,,,,,"{}",0,0,"[{""item"":{""item"":""material_tape_level_2g""},""probability"":0.05,""guaranteeDrop"":false,""guaranteeDropCount"":0,""conditions"":[]},{""item"":{""item"":""material_gear""},""probability"":2.0,""guaranteeDrop"":false,""guaranteeDropCount"":0,""conditions"":[]},{""item"":{""item"":""material_battery""},""probability"":2.0,""guaranteeDrop"":false,""guaranteeDropCount"":0,""conditions"":[]}]","[]"
e_robot_knight_2,Level/2/G/Enemy/e_robot_knight_2/e_robot_knight_2.prefab,level/2/g,2G,e_robot_knight_2,False,False,"{""spriteAtlas"":""RGTexture/sprite_atlas/cellar.spriteatlasv2"",""sprite"":""enemy_list_3_1"",""tex"":""Assets/RGTexture/enemy/cellar/enemy_list_3.png""}",20,4,0,0,False,,,,,,"{}",0,0,"[{""item"":{""item"":""material_tape_level_2g""},""probability"":0.05,""guaranteeDrop"":false,""guaranteeDropCount"":0,""conditions"":[]},{""item"":{""item"":""material_gear""},""probability"":2.0,""guaranteeDrop"":false,""guaranteeDropCount"":0,""conditions"":[]},{""item"":{""item"":""material_battery""},""probability"":2.0,""guaranteeDrop"":false,""guaranteeDropCount"":0,""conditions"":[]}]","[]"
e_robot_knight_3,Level/2/G/Enemy/e_robot_knight_3/e_robot_knight_3.prefab,level/2/g,2G,e_robot_knight_3,False,False,"{""spriteAtlas"":""RGTexture/sprite_atlas/cellar.spriteatlasv2"",""sprite"":""enemy_list_3_2"",""tex"":""Assets/RGTexture/enemy/cellar/enemy_list_3.png""}",50,3,0,0,False,,,,,,"{}",0,0,"[{""item"":{""item"":""material_tape_level_2g""},""probability"":0.05,""guaranteeDrop"":false,""guaranteeDropCount"":0,""conditions"":[]},{""item"":{""item"":""material_gear""},""probability"":2.0,""guaranteeDrop"":false,""guaranteeDropCount"":0,""conditions"":[]},{""item"":{""item"":""material_battery""},""probability"":2.0,""guaranteeDrop"":false,""guaranteeDropCount"":0,""conditions"":[]}]","[]"
e_robot_knight_4,Level/2/G/Enemy/e_robot_knight_4/e_robot_knight_4.prefab,level/2/g,2G,e_robot_knight_4,False,False,"{""spriteAtlas"":""RGTexture/sprite_atlas/cellar.spriteatlasv2"",""sprite"":""enemy_list_3_3"",""tex"":""Assets/RGTexture/enemy/cellar/enemy_list_3.png""}",16,3,0,0,False,,,,,,"{}",0,0,"[{""item"":{""item"":""material_tape_level_2g""},""probability"":0.05,""guaranteeDrop"":false,""guaranteeDropCount"":0,""conditions"":[]},{""item"":{""item"":""material_gear""},""probability"":2.0,""guaranteeDrop"":false,""guaranteeDropCount"":0,""conditions"":[]},{""item"":{""item"":""material_battery""},""probability"":2.0,""guaranteeDrop"":false,""guaranteeDropCount"":0,""conditions"":[]}]","[]"
e_robot_pawn,Level/2/G/Enemy/e_robot_pawn/e_robot_pawn.prefab,level/2/g,2G,e_robot_pawn,False,False,"{""spriteAtlas"":""RGTexture/sprite_atlas/cellar.spriteatlasv2"",""sprite"":""enemy_list_3_4"",""tex"":""Assets/RGTexture/enemy/cellar/enemy_list_3.png""}",12,6,0,0,False,,,,,,"{}",0,0,"[{""item"":{""item"":""material_tape_level_2g""},""probability"":0.05,""guaranteeDrop"":false,""guaranteeDropCount"":0,""conditions"":[]},{""item"":{""item"":""material_gear""},""probability"":2.0,""guaranteeDrop"":false,""guaranteeDropCount"":0,""conditions"":[]},{""item"":{""item"":""material_battery""},""probability"":2.0,""guaranteeDrop"":false,""guaranteeDropCount"":0,""conditions"":[]}]","[]"
e_robot_rook,Level/2/G/Enemy/e_robot_rook/e_robot_rook.prefab,level/2/g,2G,e_robot_rook,False,False,"{""spriteAtlas"":""RGTexture/sprite_atlas/cellar.spriteatlasv2"",""sprite"":""enemy_list_3_5"",""tex"":""Assets/RGTexture/enemy/cellar/enemy_list_3.png""}",16,5,0,0,False,,,,,,"{}",0,0,"[{""item"":{""item"":""material_tape_level_2g""},""probability"":0.05,""guaranteeDrop"":false,""guaranteeDropCount"":0,""conditions"":[]},{""item"":{""item"":""material_gear""},""probability"":2.0,""guaranteeDrop"":false,""guaranteeDropCount"":0,""conditions"":[]},{""item"":{""item"":""material_battery""},""probability"":2.0,""guaranteeDrop"":false,""guaranteeDropCount"":0,""conditions"":[]}]","[]"
electric_box,Level/2/G/LevelObject/Element/Obstacle/electric_box/electric_box.prefab,level/2/g,2G,,True,False,"{}",30,8,0,0,False,,,,,,"{}",0,0,"[]","[]"
ex_robot_bishop,Level/2/G/Enemy/e_robot_bishop/ex_robot_bishop.prefab,level/2/g,2G,e_robot_bishop,False,False,"{""spriteAtlas"":""RGTexture/sprite_atlas/cellar.spriteatlasv2"",""sprite"":""enemy_list_3_6"",""tex"":""Assets/RGTexture/enemy/cellar/enemy_list_3.png""}",40,5,0,0,False,,,,,,"{}",0,0,"[{""item"":{""item"":""material_tape_level_2g""},""probability"":0.1,""guaranteeDrop"":false,""guaranteeDropCount"":0,""conditions"":[]},{""item"":{""item"":""material_gear""},""probability"":2.0,""guaranteeDrop"":false,""guaranteeDropCount"":0,""conditions"":[]},{""item"":{""item"":""material_battery""},""probability"":2.0,""guaranteeDrop"":false,""guaranteeDropCount"":0,""conditions"":[]}]","[]"
ex_robot_knight_1,Level/2/G/Enemy/e_robot_knight_1/ex_robot_knight_1.prefab,level/2/g,2G,e_robot_knight_1,False,True,"{""spriteAtlas"":""RGTexture/sprite_atlas/cellar.spriteatlasv2"",""sprite"":""enemy_list_3_0"",""tex"":""Assets/RGTexture/enemy/cellar/enemy_list_3.png""}",55,3,0,0,False,,,,,,"{}",0,0,"[{""item"":{""item"":""material_tape_level_2g""},""probability"":0.1,""guaranteeDrop"":false,""guaranteeDropCount"":0,""conditions"":[]},{""item"":{""item"":""material_gear""},""probability"":2.0,""guaranteeDrop"":false,""guaranteeDropCount"":0,""conditions"":[]},{""item"":{""item"":""material_battery""},""probability"":2.0,""guaranteeDrop"":false,""guaranteeDropCount"":0,""conditions"":[]}]","[]"
ex_robot_knight_2,Level/2/G/Enemy/e_robot_knight_2/ex_robot_knight_2.prefab,level/2/g,2G,e_robot_knight_2,False,True,"{""spriteAtlas"":""RGTexture/sprite_atlas/cellar.spriteatlasv2"",""sprite"":""enemy_list_3_1"",""tex"":""Assets/RGTexture/enemy/cellar/enemy_list_3.png""}",45,4,0,0,False,,,,,,"{}",0,0,"[{""item"":{""item"":""material_tape_level_2g""},""probability"":0.1,""guaranteeDrop"":false,""guaranteeDropCount"":0,""conditions"":[]},{""item"":{""item"":""material_gear""},""probability"":2.0,""guaranteeDrop"":false,""guaranteeDropCount"":0,""conditions"":[]},{""item"":{""item"":""material_battery""},""probability"":2.0,""guaranteeDrop"":false,""guaranteeDropCount"":0,""conditions"":[]}]","[]"
ex_robot_knight_3,Level/2/G/Enemy/e_robot_knight_3/ex_robot_knight_3.prefab,level/2/g,2G,e_robot_knight_3,False,True,"{""spriteAtlas"":""RGTexture/sprite_atlas/cellar.spriteatlasv2"",""sprite"":""enemy_list_3_2"",""tex"":""Assets/RGTexture/enemy/cellar/enemy_list_3.png""}",120,3,0,0,False,,,,,,"{}",0,0,"[{""item"":{""item"":""material_tape_level_2g""},""probability"":0.1,""guaranteeDrop"":false,""guaranteeDropCount"":0,""conditions"":[]},{""item"":{""item"":""material_gear""},""probability"":2.0,""guaranteeDrop"":false,""guaranteeDropCount"":0,""conditions"":[]},{""item"":{""item"":""material_battery""},""probability"":2.0,""guaranteeDrop"":false,""guaranteeDropCount"":0,""conditions"":[]}]","[]"
ex_robot_knight_4,Level/2/G/Enemy/e_robot_knight_4/ex_robot_knight_4.prefab,level/2/g,2G,e_robot_knight_4,False,True,"{""spriteAtlas"":""RGTexture/sprite_atlas/cellar.spriteatlasv2"",""sprite"":""enemy_list_3_3"",""tex"":""Assets/RGTexture/enemy/cellar/enemy_list_3.png""}",40,3,0,0,False,,,,,,"{}",0,0,"[{""item"":{""item"":""material_tape_level_2g""},""probability"":0.1,""guaranteeDrop"":false,""guaranteeDropCount"":0,""conditions"":[]},{""item"":{""item"":""material_gear""},""probability"":2.0,""guaranteeDrop"":false,""guaranteeDropCount"":0,""conditions"":[]},{""item"":{""item"":""material_battery""},""probability"":2.0,""guaranteeDrop"":false,""guaranteeDropCount"":0,""conditions"":[]}]","[]"
ex_robot_pawn,Level/2/G/Enemy/e_robot_pawn/ex_robot_pawn.prefab,level/2/g,2G,e_robot_pawn,False,True,"{""spriteAtlas"":""RGTexture/sprite_atlas/cellar.spriteatlasv2"",""sprite"":""enemy_list_3_4"",""tex"":""Assets/RGTexture/enemy/cellar/enemy_list_3.png""}",35,6,0,0,False,,,,,,"{}",0,0,"[{""item"":{""item"":""material_tape_level_2g""},""probability"":0.1,""guaranteeDrop"":false,""guaranteeDropCount"":0,""conditions"":[]},{""item"":{""item"":""material_gear""},""probability"":2.0,""guaranteeDrop"":false,""guaranteeDropCount"":0,""conditions"":[]},{""item"":{""item"":""material_battery""},""probability"":2.0,""guaranteeDrop"":false,""guaranteeDropCount"":0,""conditions"":[]}]","[]"
ex_robot_rook,Level/2/G/Enemy/e_robot_rook/ex_robot_rook.prefab,level/2/g,2G,e_robot_rook,False,True,"{""spriteAtlas"":""RGTexture/sprite_atlas/cellar.spriteatlasv2"",""sprite"":""enemy_list_3_5"",""tex"":""Assets/RGTexture/enemy/cellar/enemy_list_3.png""}",45,5,0,0,False,,,,,,"{}",0,0,"[{""item"":{""item"":""material_tape_level_2g""},""probability"":0.0,""guaranteeDrop"":false,""guaranteeDropCount"":0,""conditions"":[]},{""item"":{""item"":""material_gear""},""probability"":2.0,""guaranteeDrop"":false,""guaranteeDropCount"":0,""conditions"":[]},{""item"":{""item"":""material_battery""},""probability"":2.0,""guaranteeDrop"":false,""guaranteeDropCount"":0,""conditions"":[]}]","[]"
robot_queen_tower,Level/2/G/Boss/boss_robot_queen/ElectricTower/robot_queen_tower.prefab,boss/boss_robot_queen,2G,,True,False,"{}",150,8,0,0,False,,,,,,"{}",0,0,"[]","[]"
boss05,Level/3/A/Boss/boss05/boss05.prefab,boss/boss05,3A,boss05,False,False,"{""spriteAtlas"":""RGTexture/sprite_atlas/cellar.spriteatlasv2"",""sprite"":""enemy_list_34"",""tex"":""Assets/RGTexture/enemy/cellar/enemy_list.png""}",800,5,0,0,True,,RGSound/bgm/bgm_3High.mp3,Level/3/A/Boss/boss05/r3_boss1.prefab,weapon_132,,"{""boss05"":10,""boss06"":10,""boss11"":10,""boss12_parent"":10,""boss21"":10,""boss18"":10,""boss28"":10}",0,1,"[{""item"":{""item"":""material_magic_purple""},""probability"":100.0,""guaranteeDrop"":false,""guaranteeDropCount"":0,""conditions"":[]},{""item"":{""item"":""material_cell""},""probability"":200.0,""guaranteeDrop"":false,""guaranteeDropCount"":0,""conditions"":[]},{""item"":{""item"":""plant_mandrake_seed""},""probability"":15.000001,""guaranteeDrop"":false,""guaranteeDropCount"":0,""conditions"":[]},{""item"":{""item"":""material_skill_Druid_1""},""probability"":50.0,""guaranteeDrop"":false,""guaranteeDropCount"":0,""conditions"":[{""type"":0,""bluePrint"":{""item"":""blueprint_skill_Druid_1""},""material"":{""item"":""""},""requiredNum"":0,""inverse"":true},{""type"":2,""bluePrint"":{""item"":""""},""material"":{""item"":""material_skill_Druid_1""},""requiredNum"":8,""inverse"":false}]},{""item"":{""item"":""material_ancient_weapon_fragment""},""probability"":175.0,""guaranteeDrop"":false,""guaranteeDropCount"":0,""conditions"":[]}]","[]"
boss06,Level/3/A/Boss/boss06/boss06.prefab,boss/boss06,3A,boss06,False,False,"{""spriteAtlas"":""RGTexture/sprite_atlas/cellar.spriteatlasv2"",""sprite"":""enemy_list_35"",""tex"":""Assets/RGTexture/enemy/cellar/enemy_list.png""}",800,4,0,0,True,,RGSound/bgm/bgm_3High.mp3,Level/3/A/Boss/boss06/r3_boss2.prefab,weapon_137,,"{""boss05"":10,""boss06"":10,""boss11"":10,""boss12_parent"":10,""boss21"":10,""boss18"":10,""boss28"":10}",0,1,"[{""item"":{""item"":""material_magic_blue""},""probability"":100.0,""guaranteeDrop"":false,""guaranteeDropCount"":0,""conditions"":[]},{""item"":{""item"":""material_battery""},""probability"":50.0,""guaranteeDrop"":false,""guaranteeDropCount"":0,""conditions"":[]},{""item"":{""item"":""material_gear""},""probability"":50.0,""guaranteeDrop"":false,""guaranteeDropCount"":0,""conditions"":[]},{""item"":{""item"":""material_iron""},""probability"":50.0,""guaranteeDrop"":false,""guaranteeDropCount"":0,""conditions"":[]},{""item"":{""item"":""material_fragment_zulan""},""probability"":50.0,""guaranteeDrop"":false,""guaranteeDropCount"":0,""conditions"":[]},{""item"":{""item"":""blueprint_m_mech_4""},""probability"":15.000001,""guaranteeDrop"":false,""guaranteeDropCount"":0,""conditions"":[]},{""item"":{""item"":""material_tape_boss3""},""probability"":7.50000048,""guaranteeDrop"":false,""guaranteeDropCount"":0,""conditions"":[]},{""item"":{""item"":""material_ancient_weapon_fragment""},""probability"":175.0,""guaranteeDrop"":false,""guaranteeDropCount"":0,""conditions"":[]}]","[]"
boss21,Level/3/A/Boss/boss21/boss21.prefab,boss/boss21,3A,boss21,False,False,"{""spriteAtlas"":""RGTexture/sprite_atlas/cellar.spriteatlasv2"",""sprite"":""enemy_list_103"",""tex"":""Assets/RGTexture/enemy/cellar/enemy_list.png""}",1000,4,0,0,True,,RGSound/bgm/bgm_3High.mp3,Level/3/A/Boss/boss21/r3_boss6.prefab,weapon_255,,"{""boss05"":10,""boss06"":10,""boss11"":10,""boss12_parent"":10,""boss21"":10,""boss18"":10,""boss28"":10}",0,0.5,"[{""item"":{""item"":""material_gear""},""probability"":100.0,""guaranteeDrop"":false,""guaranteeDropCount"":0,""conditions"":[]},{""item"":{""item"":""material_magic_black""},""probability"":100.0,""guaranteeDrop"":false,""guaranteeDropCount"":0,""conditions"":[]},{""item"":{""item"":""material_tape_boss3""},""probability"":7.50000048,""guaranteeDrop"":false,""guaranteeDropCount"":0,""conditions"":[]},{""item"":{""item"":""blueprint_m_mech_7""},""probability"":8.0,""guaranteeDrop"":false,""guaranteeDropCount"":0,""conditions"":[]},{""item"":{""item"":""material_ancient_weapon_fragment""},""probability"":150.0,""guaranteeDrop"":false,""guaranteeDropCount"":0,""conditions"":[]}]","[]"
e_alien01,Level/3/A/Enemy/e_alien01/e_alien01.prefab,level/3/a,3A,e_alien01,False,False,"{""spriteAtlas"":""RGTexture/sprite_atlas/cellar.spriteatlasv2"",""sprite"":""enemy_list_18"",""tex"":""Assets/RGTexture/enemy/cellar/enemy_list.png""}",25,5,0,0,False,,,,,,"{}",0,0.5,"[{""item"":{""item"":""material_tape_alien""},""probability"":0.05,""guaranteeDrop"":false,""guaranteeDropCount"":0,""conditions"":[]}]","[]"
e_alien02,Level/3/A/Enemy/e_alien02/e_alien02.prefab,level/3/a,3A,e_alien02,False,False,"{""spriteAtlas"":""RGTexture/sprite_atlas/cellar.spriteatlasv2"",""sprite"":""enemy_list_19"",""tex"":""Assets/RGTexture/enemy/cellar/enemy_list.png""}",25,5,0,0,False,,,,,,"{}",0,0.5,"[{""item"":{""item"":""material_tape_alien""},""probability"":0.05,""guaranteeDrop"":false,""guaranteeDropCount"":0,""conditions"":[]}]","[]"
e_alien03,Level/3/A/Enemy/e_alien03/e_alien03.prefab,level/3/a,3A,e_alien03,False,False,"{""spriteAtlas"":""RGTexture/sprite_atlas/cellar.spriteatlasv2"",""sprite"":""enemy_list_20"",""tex"":""Assets/RGTexture/enemy/cellar/enemy_list.png""}",30,5,0,0,False,,,,,,"{}",0,0.5,"[{""item"":{""item"":""material_tape_alien""},""probability"":0.05,""guaranteeDrop"":false,""guaranteeDropCount"":0,""conditions"":[]}]","[]"
e_creeper,Level/3/A/Enemy/e_creeper/e_creeper.prefab,level/3/a,3A,e_creeper,False,False,"{""spriteAtlas"":""RGTexture/sprite_atlas/cellar.spriteatlasv2"",""sprite"":""enemy_list_26"",""tex"":""Assets/RGTexture/enemy/cellar/enemy_list.png""}",20,4,0,0,False,,,,,,"{}",0,0.5,"[{""item"":{""item"":""material_tape_alien""},""probability"":0.05,""guaranteeDrop"":false,""guaranteeDropCount"":0,""conditions"":[]}]","[]"
e_creeper_fly,Level/3/A/Enemy/e_creeper_fly/e_creeper_fly.prefab,level/3/a,3A,e_creeper_fly,False,False,"{""spriteAtlas"":""RGTexture/sprite_atlas/cellar.spriteatlasv2"",""sprite"":""enemy_list_25"",""tex"":""Assets/RGTexture/enemy/cellar/enemy_list.png""}",20,5,0,0,False,,,,,,"{}",0,0.5,"[{""item"":{""item"":""material_tape_alien""},""probability"":0.05,""guaranteeDrop"":false,""guaranteeDropCount"":0,""conditions"":[]}]","[]"
e_golem01,Level/3/A/Enemy/e_golem01/e_golem01.prefab,level/3/a,3A,e_golem01,False,False,"{""spriteAtlas"":""RGTexture/sprite_atlas/cellar.spriteatlasv2"",""sprite"":""enemy_list_23"",""tex"":""Assets/RGTexture/enemy/cellar/enemy_list.png""}",28,4,0,0,False,,,,,,"{}",0,0.5,"[{""item"":{""item"":""material_tape_alien""},""probability"":0.05,""guaranteeDrop"":false,""guaranteeDropCount"":0,""conditions"":[]}]","[]"
e_golem02,Level/3/A/Enemy/e_golem02/e_golem02.prefab,level/3/a,3A,e_golem02,False,False,"{""spriteAtlas"":""RGTexture/sprite_atlas/cellar.spriteatlasv2"",""sprite"":""enemy_list_22"",""tex"":""Assets/RGTexture/enemy/cellar/enemy_list.png""}",28,4,0,0,False,,,,,,"{}",0,0.5,"[{""item"":{""item"":""material_tape_alien""},""probability"":0.05,""guaranteeDrop"":false,""guaranteeDropCount"":0,""conditions"":[]}]","[]"
e_tentacle,Level/3/A/Enemy/e_tentacle/e_tentacle.prefab,level/3/a,3A,e_tentacle,False,False,"{""spriteAtlas"":""RGTexture/sprite_atlas/cellar.spriteatlasv2"",""sprite"":""enemy_list_29"",""tex"":""Assets/RGTexture/enemy/cellar/enemy_list.png""}",40,6,0,0,False,,,,,,"{}",0,0.5,"[{""item"":{""item"":""material_tape_alien""},""probability"":0.05,""guaranteeDrop"":false,""guaranteeDropCount"":0,""conditions"":[]},{""item"":{""item"":""material_skill_Druid_1""},""probability"":1.0,""guaranteeDrop"":false,""guaranteeDropCount"":0,""conditions"":[{""type"":0,""bluePrint"":{""item"":""blueprint_skill_Druid_1""},""material"":{""item"":""""},""requiredNum"":0,""inverse"":true},{""type"":2,""bluePrint"":{""item"":""""},""material"":{""item"":""material_skill_Druid_1""},""requiredNum"":8,""inverse"":false}]}]","[]"
e_tentacle_temp,Level/3/A/Boss/boss05/e_tentacle_temp/e_tentacle_temp.prefab,boss/boss05,3A,e_tentacle,True,False,"{""spriteAtlas"":""RGTexture/sprite_atlas/cellar.spriteatlasv2"",""sprite"":""enemy_list_29"",""tex"":""Assets/RGTexture/enemy/cellar/enemy_list.png""}",20,6,0,0,False,,,,,,"{}",0,0,"[]","[]"
e_transitionPort,Level/3/A/Enemy/e_transitionPort/e_transitionPort.prefab,level/3/a,3A,e_transitionPort,False,False,"{""spriteAtlas"":""RGTexture/sprite_atlas/cellar.spriteatlasv2"",""sprite"":""e_transitionPort"",""tex"":""Assets/RGTexture/enemy/cellar/e_transitionPort.png""}",30,0,0,0,False,,,,,,"{}",0,0,"[]","[]"
e_ufo,Level/3/A/Enemy/e_ufo/e_ufo.prefab,level/3/a,3A,e_ufo,False,False,"{""spriteAtlas"":""RGTexture/sprite_atlas/cellar.spriteatlasv2"",""sprite"":""enemy_list_21"",""tex"":""Assets/RGTexture/enemy/cellar/enemy_list.png""}",24,5,0,0,False,,,,,,"{}",0,0.5,"[{""item"":{""item"":""material_tape_alien""},""probability"":0.05,""guaranteeDrop"":false,""guaranteeDropCount"":0,""conditions"":[]}]","[]"
e_worm01,Level/3/A/Enemy/e_worm01/e_worm01.prefab,level/3/a,3A,e_worm01,False,False,"{""spriteAtlas"":""RGTexture/sprite_atlas/cellar.spriteatlasv2"",""sprite"":""enemy_list_24"",""tex"":""Assets/RGTexture/enemy/cellar/enemy_list.png""}",12,6,0,0,False,,,,,,"{}",0,0.5,"[{""item"":{""item"":""material_tape_alien""},""probability"":0.05,""guaranteeDrop"":false,""guaranteeDropCount"":0,""conditions"":[]}]","[]"
ex_alien01,Level/3/A/Enemy/e_alien01/ex_alien01.prefab,level/3/a,3A,e_alien01,False,True,"{""spriteAtlas"":""RGTexture/sprite_atlas/cellar.spriteatlasv2"",""sprite"":""enemy_list_18"",""tex"":""Assets/RGTexture/enemy/cellar/enemy_list.png""}",48,5,0,0,False,,,,,,"{}",0,0.5,"[{""item"":{""item"":""material_battery""},""probability"":3.0,""guaranteeDrop"":false,""guaranteeDropCount"":0,""conditions"":[]},{""item"":{""item"":""material_gear""},""probability"":3.0,""guaranteeDrop"":false,""guaranteeDropCount"":0,""conditions"":[]},{""item"":{""item"":""material_tape_alien""},""probability"":0.1,""guaranteeDrop"":false,""guaranteeDropCount"":0,""conditions"":[]}]","[]"
ex_alien02,Level/3/A/Enemy/e_alien02/ex_alien02.prefab,level/3/a,3A,e_alien02,False,True,"{""spriteAtlas"":""RGTexture/sprite_atlas/cellar.spriteatlasv2"",""sprite"":""enemy_list_19"",""tex"":""Assets/RGTexture/enemy/cellar/enemy_list.png""}",48,5,0,0,False,,,,,,"{}",0,0.5,"[{""item"":{""item"":""material_battery""},""probability"":3.0,""guaranteeDrop"":false,""guaranteeDropCount"":0,""conditions"":[]},{""item"":{""item"":""material_gear""},""probability"":3.0,""guaranteeDrop"":false,""guaranteeDropCount"":0,""conditions"":[]},{""item"":{""item"":""material_tape_alien""},""probability"":0.1,""guaranteeDrop"":false,""guaranteeDropCount"":0,""conditions"":[]}]","[]"
ex_alien03,Level/3/A/Enemy/e_alien03/ex_alien03.prefab,level/3/a,3A,e_alien03,False,True,"{""spriteAtlas"":""RGTexture/sprite_atlas/cellar.spriteatlasv2"",""sprite"":""enemy_list_20"",""tex"":""Assets/RGTexture/enemy/cellar/enemy_list.png""}",72,6,0,0,False,,,,,,"{}",0,0.5,"[{""item"":{""item"":""material_battery""},""probability"":6.0,""guaranteeDrop"":false,""guaranteeDropCount"":0,""conditions"":[]},{""item"":{""item"":""material_tape_alien""},""probability"":0.1,""guaranteeDrop"":false,""guaranteeDropCount"":0,""conditions"":[]}]","[]"
ex_creeper,Level/3/A/Enemy/e_creeper/ex_creeper.prefab,level/3/a,3A,e_creeper,False,True,"{""spriteAtlas"":""RGTexture/sprite_atlas/cellar.spriteatlasv2"",""sprite"":""enemy_list_26"",""tex"":""Assets/RGTexture/enemy/cellar/enemy_list.png""}",32,4,0,0,False,,,,,,"{}",0,0.5,"[{""item"":{""item"":""material_cell""},""probability"":6.0,""guaranteeDrop"":false,""guaranteeDropCount"":0,""conditions"":[]},{""item"":{""item"":""material_tape_alien""},""probability"":0.1,""guaranteeDrop"":false,""guaranteeDropCount"":0,""conditions"":[]}]","[]"
ex_creeper_fly,Level/3/A/Enemy/e_creeper_fly/ex_creeper_fly.prefab,level/3/a,3A,e_creeper_fly,False,True,"{""spriteAtlas"":""RGTexture/sprite_atlas/cellar.spriteatlasv2"",""sprite"":""enemy_list_25"",""tex"":""Assets/RGTexture/enemy/cellar/enemy_list.png""}",40,5,0,0,False,,,,,,"{}",0,0.5,"[{""item"":{""item"":""material_cell""},""probability"":6.0,""guaranteeDrop"":false,""guaranteeDropCount"":0,""conditions"":[]},{""item"":{""item"":""material_tape_alien""},""probability"":0.1,""guaranteeDrop"":false,""guaranteeDropCount"":0,""conditions"":[]}]","[]"
ex_golem01,Level/3/A/Enemy/e_golem01/ex_golem01.prefab,level/3/a,3A,e_golem01,False,True,"{""spriteAtlas"":""RGTexture/sprite_atlas/cellar.spriteatlasv2"",""sprite"":""enemy_list_23"",""tex"":""Assets/RGTexture/enemy/cellar/enemy_list.png""}",60,4,0,0,False,,,,,,"{}",0,0.5,"[{""item"":{""item"":""material_gear""},""probability"":6.0,""guaranteeDrop"":false,""guaranteeDropCount"":0,""conditions"":[]},{""item"":{""item"":""material_tape_alien""},""probability"":0.1,""guaranteeDrop"":false,""guaranteeDropCount"":0,""conditions"":[]}]","[]"
ex_golem02,Level/3/A/Enemy/e_golem02/ex_golem02.prefab,level/3/a,3A,e_golem02,False,True,"{""spriteAtlas"":""RGTexture/sprite_atlas/cellar.spriteatlasv2"",""sprite"":""enemy_list_22"",""tex"":""Assets/RGTexture/enemy/cellar/enemy_list.png""}",80,4,0,0,False,,,,,,"{}",0,0.5,"[{""item"":{""item"":""material_iron""},""probability"":6.0,""guaranteeDrop"":false,""guaranteeDropCount"":0,""conditions"":[]},{""item"":{""item"":""material_tape_alien""},""probability"":0.1,""guaranteeDrop"":false,""guaranteeDropCount"":0,""conditions"":[]}]","[]"
ex_tentacle,Level/3/A/Enemy/e_tentacle/ex_tentacle.prefab,level/3/a,3A,e_tentacle,False,True,"{""spriteAtlas"":""RGTexture/sprite_atlas/cellar.spriteatlasv2"",""sprite"":""enemy_list_29"",""tex"":""Assets/RGTexture/enemy/cellar/enemy_list.png""}",80,6,0,0,False,,,,,,"{}",0,0.5,"[{""item"":{""item"":""plant_vine_seed""},""probability"":6.0,""guaranteeDrop"":false,""guaranteeDropCount"":0,""conditions"":[]},{""item"":{""item"":""material_cell""},""probability"":6.0,""guaranteeDrop"":false,""guaranteeDropCount"":0,""conditions"":[]},{""item"":{""item"":""material_tape_alien""},""probability"":0.1,""guaranteeDrop"":false,""guaranteeDropCount"":0,""conditions"":[]},{""item"":{""item"":""material_skill_Druid_1""},""probability"":2.0,""guaranteeDrop"":false,""guaranteeDropCount"":0,""conditions"":[{""type"":0,""bluePrint"":{""item"":""blueprint_skill_Druid_1""},""material"":{""item"":""""},""requiredNum"":0,""inverse"":true},{""type"":2,""bluePrint"":{""item"":""""},""material"":{""item"":""material_skill_Druid_1""},""requiredNum"":8,""inverse"":false}]}]","[]"
ex_transitionPort,Level/3/A/Enemy/e_transitionPort/ex_transitionPort.prefab,level/3/a,3A,e_transitionPort,False,True,"{""spriteAtlas"":""RGTexture/sprite_atlas/cellar.spriteatlasv2"",""sprite"":""e_transitionPort"",""tex"":""Assets/RGTexture/enemy/cellar/e_transitionPort.png""}",60,0,0,0,False,,,,,,"{}",0,0,"[]","[]"
ex_ufo,Level/3/A/Enemy/e_ufo/ex_ufo.prefab,level/3/a,3A,e_ufo,False,True,"{""spriteAtlas"":""RGTexture/sprite_atlas/cellar.spriteatlasv2"",""sprite"":""enemy_list_21"",""tex"":""Assets/RGTexture/enemy/cellar/enemy_list.png""}",40,5,0,0,False,,,,,,"{}",0,0.5,"[{""item"":{""item"":""material_battery""},""probability"":6.0,""guaranteeDrop"":false,""guaranteeDropCount"":0,""conditions"":[]},{""item"":{""item"":""material_tape_alien""},""probability"":0.1,""guaranteeDrop"":false,""guaranteeDropCount"":0,""conditions"":[]}]","[]"
ex_worm01,Level/3/A/Enemy/e_worm01/ex_worm01.prefab,level/3/a,3A,e_worm01,False,True,"{""spriteAtlas"":""RGTexture/sprite_atlas/cellar.spriteatlasv2"",""sprite"":""enemy_list_24"",""tex"":""Assets/RGTexture/enemy/cellar/enemy_list.png""}",50,10,0,0,False,,,,,,"{}",0,0.5,"[{""item"":{""item"":""material_cell""},""probability"":6.0,""guaranteeDrop"":false,""guaranteeDropCount"":0,""conditions"":[]},{""item"":{""item"":""material_tape_alien""},""probability"":0.1,""guaranteeDrop"":false,""guaranteeDropCount"":0,""conditions"":[]}]","[]"
temp_e_alien01,Level/3/A/Boss/boss21/temp_e_alien01/temp_e_alien01.prefab,boss/boss21,3A,temp_e_alien01,True,False,"{}",25,5,0,0,False,,,,,,"{}",0,0,"[]","[]"
temp_e_alien02,Level/3/A/Boss/boss21/temp_e_alien02/temp_e_alien02.prefab,boss/boss21,3A,temp_e_alien01,True,False,"{}",25,5,0,0,False,,,,,,"{}",0,0,"[]","[]"
boss11,Level/3/B/Boss/boss11/boss11.prefab,boss/boss11,3B,boss11,False,False,"{""spriteAtlas"":""RGTexture/sprite_atlas/cellar.spriteatlasv2"",""sprite"":""enemy_list_55"",""tex"":""Assets/RGTexture/enemy/cellar/enemy_list.png""}",800,4,0,0,True,,RGSound/bgm/bgm_3High.mp3,Level/3/B/Boss/boss11/r3_boss3.prefab,weapon_131,,"{""boss05"":10,""boss06"":10,""boss11"":10,""boss12_parent"":10,""boss21"":10,""boss18"":10,""boss28"":10}",0,1,"[{""item"":{""item"":""material_battery""},""probability"":200.0,""guaranteeDrop"":false,""guaranteeDropCount"":0,""conditions"":[]},{""item"":{""item"":""material_magic_green""},""probability"":100.0,""guaranteeDrop"":false,""guaranteeDropCount"":0,""conditions"":[]},{""item"":{""item"":""plant_worm_seed""},""probability"":15.000001,""guaranteeDrop"":false,""guaranteeDropCount"":0,""conditions"":[]},{""item"":{""item"":""material_tape_boss3""},""probability"":7.50000048,""guaranteeDrop"":false,""guaranteeDropCount"":0,""conditions"":[]},{""item"":{""item"":""material_skin_fragment_c14_s6""},""probability"":50.0,""guaranteeDrop"":false,""guaranteeDropCount"":0,""conditions"":[]},{""item"":{""item"":""material_ancient_weapon_fragment""},""probability"":175.0,""guaranteeDrop"":false,""guaranteeDropCount"":0,""conditions"":[]}]","[]"
boss12_1,Level/3/B/Boss/boss12/boss12_1.prefab,boss/boss12,3B,boss12_1,False,False,"{""spriteAtlas"":""RGTexture/sprite_atlas/cellar.spriteatlasv2"",""sprite"":""enemy_list_67"",""tex"":""Assets/RGTexture/enemy/cellar/enemy_list.png""}",500,6,0,0,True,,RGSound/bgm/bgm_3High.mp3,Level/3/B/Boss/boss12/r3_boss4.prefab,weapon_128,,"{""boss05"":10,""boss06"":10,""boss11"":10,""boss12_parent"":10,""boss21"":10,""boss18"":10,""boss28"":10}",0,0.5,"[{""item"":{""item"":""material_cell""},""probability"":200.0,""guaranteeDrop"":false,""guaranteeDropCount"":0,""conditions"":[]},{""item"":{""item"":""material_magic_red""},""probability"":100.0,""guaranteeDrop"":false,""guaranteeDropCount"":0,""conditions"":[]},{""item"":{""item"":""material_skin_fragment_c12_s06""},""probability"":50.0,""guaranteeDrop"":false,""guaranteeDropCount"":0,""conditions"":[]},{""item"":{""item"":""material_skin_fragment_c5_s8""},""probability"":50.0,""guaranteeDrop"":false,""guaranteeDropCount"":0,""conditions"":[]},{""item"":{""item"":""plant_dragon_tree_seed""},""probability"":15.0,""guaranteeDrop"":false,""guaranteeDropCount"":0,""conditions"":[]},{""item"":{""item"":""material_tape_boss3""},""probability"":5.0,""guaranteeDrop"":false,""guaranteeDropCount"":0,""conditions"":[]},{""item"":{""item"":""blueprint_weapon_344""},""probability"":10.0,""guaranteeDrop"":false,""guaranteeDropCount"":0,""conditions"":[]},{""item"":{""item"":""material_ancient_weapon_fragment""},""probability"":175.0,""guaranteeDrop"":false,""guaranteeDropCount"":0,""conditions"":[]}]","[]"
boss12_2,Level/3/B/Boss/boss12/boss12_2.prefab,boss/boss12,3B,boss12_2,False,False,"{""spriteAtlas"":""RGTexture/sprite_atlas/cellar.spriteatlasv2"",""sprite"":""enemy_list_66"",""tex"":""Assets/RGTexture/enemy/cellar/enemy_list.png""}",500,6,0,0,True,,RGSound/bgm/bgm_3High.mp3,Level/3/B/Boss/boss12/r3_boss4.prefab,weapon_128,,"{""boss05"":10,""boss06"":10,""boss11"":10,""boss12_parent"":10,""boss21"":10,""boss18"":10,""boss28"":10}",0,0.5,"[{""item"":{""item"":""material_cell""},""probability"":200.0,""guaranteeDrop"":false,""guaranteeDropCount"":0,""conditions"":[]},{""item"":{""item"":""material_magic_red""},""probability"":100.0,""guaranteeDrop"":false,""guaranteeDropCount"":0,""conditions"":[]},{""item"":{""item"":""material_skin_fragment_c12_s06""},""probability"":50.0,""guaranteeDrop"":false,""guaranteeDropCount"":0,""conditions"":[]},{""item"":{""item"":""material_skin_fragment_c5_s8""},""probability"":50.0,""guaranteeDrop"":false,""guaranteeDropCount"":0,""conditions"":[]},{""item"":{""item"":""plant_dragon_tree_seed""},""probability"":15.0,""guaranteeDrop"":false,""guaranteeDropCount"":0,""conditions"":[]},{""item"":{""item"":""material_tape_boss3""},""probability"":5.0,""guaranteeDrop"":false,""guaranteeDropCount"":0,""conditions"":[]},{""item"":{""item"":""blueprint_weapon_344""},""probability"":10.0,""guaranteeDrop"":false,""guaranteeDropCount"":0,""conditions"":[]},{""item"":{""item"":""material_ancient_weapon_fragment""},""probability"":175.0,""guaranteeDrop"":false,""guaranteeDropCount"":0,""conditions"":[]}]","[]"
boss12_parent,Level/3/B/Boss/boss12/boss12_parent.prefab,boss/boss12,3B,boss12_parent,False,False,"{""spriteAtlas"":""RGTexture/sprite_atlas/cellar.spriteatlasv2"",""sprite"":""enemy_list_84"",""tex"":""Assets/RGTexture/enemy/cellar/enemy_list.png""}",0,0,0,0,True,,RGSound/bgm/bgm_3High.mp3,Level/3/B/Boss/boss12/r3_boss4.prefab,,,"{}",0,0,"[]","[]"
boss18,Level/3/B/Boss/boss18/boss18.prefab,boss/boss18,3B,boss18,False,False,"{""spriteAtlas"":""RGTexture/sprite_atlas/cellar.spriteatlasv2"",""sprite"":""enemy_list_104"",""tex"":""Assets/RGTexture/enemy/cellar/enemy_list.png""}",820,5,0,0,True,,RGSound/bgm/bgm_3High.mp3,Level/3/B/Boss/boss18/r3_boss5.prefab,weapon_254,,"{""boss05"":10,""boss06"":10,""boss11"":10,""boss12_parent"":10,""boss21"":10,""boss18"":10,""boss28"":10}",0,0.5,"[{""item"":{""item"":""material_magic_orange""},""probability"":100.0,""guaranteeDrop"":false,""guaranteeDropCount"":0,""conditions"":[]},{""item"":{""item"":""material_wood""},""probability"":150.0,""guaranteeDrop"":false,""guaranteeDropCount"":0,""conditions"":[]},{""item"":{""item"":""material_skin_fragment_boss18""},""probability"":50.0,""guaranteeDrop"":false,""guaranteeDropCount"":0,""conditions"":[]},{""item"":{""item"":""material_skill_Priest_1""},""probability"":50.0,""guaranteeDrop"":false,""guaranteeDropCount"":0,""conditions"":[{""type"":0,""bluePrint"":{""item"":""blueprint_skill_Priest_1""},""material"":{""item"":""""},""requiredNum"":0,""inverse"":true},{""type"":2,""bluePrint"":{""item"":""""},""material"":{""item"":""material_skill_Priest_1""},""requiredNum"":8,""inverse"":false}]},{""item"":{""item"":""material_ancient_weapon_fragment""},""probability"":175.0,""guaranteeDrop"":false,""guaranteeDropCount"":0,""conditions"":[]}]","[]"
e_fireknight01,Level/3/B/Enemy/e_fireknight01/e_fireknight01.prefab,level/3/b,3B,e_fireknight01,False,False,"{""spriteAtlas"":""RGTexture/sprite_atlas/cellar.spriteatlasv2"",""sprite"":""enemy_list_73"",""tex"":""Assets/RGTexture/enemy/cellar/enemy_list.png""}",36,5,0,0,False,,,,,,"{}",0,0.5,"[{""item"":{""item"":""material_tape_volcano""},""probability"":0.05,""guaranteeDrop"":false,""guaranteeDropCount"":0,""conditions"":[]}]","[]"
e_fireknight02,Level/3/B/Enemy/e_fireknight02/e_fireknight02.prefab,level/3/b,3B,e_fireknight02,False,False,"{""spriteAtlas"":""RGTexture/sprite_atlas/cellar.spriteatlasv2"",""sprite"":""enemy_list_74"",""tex"":""Assets/RGTexture/enemy/cellar/enemy_list.png""}",36,5,0,0,False,,,,,,"{}",0,0.5,"[{""item"":{""item"":""material_tape_volcano""},""probability"":0.05,""guaranteeDrop"":false,""guaranteeDropCount"":0,""conditions"":[]}]","[]"
e_fireknight03,Level/3/B/Enemy/e_fireknight03/e_fireknight03.prefab,level/3/b,3B,e_fireknight03,False,False,"{""spriteAtlas"":""RGTexture/sprite_atlas/cellar.spriteatlasv2"",""sprite"":""enemy_list_54"",""tex"":""Assets/RGTexture/enemy/cellar/enemy_list.png""}",70,4,0,0,False,,,,,,"{}",0,0.5,"[{""item"":{""item"":""material_tape_volcano""},""probability"":0.05,""guaranteeDrop"":false,""guaranteeDropCount"":0,""conditions"":[]}]","[]"
e_lavaHive,Level/3/B/Enemy/e_lavaHive/e_lavaHive.prefab,level/3/b,3B,e_lavaHive,False,False,"{""spriteAtlas"":""RGTexture/sprite_atlas/cellar.spriteatlasv2"",""sprite"":""e_lavaHive"",""tex"":""Assets/RGTexture/enemy/cellar/e_lavaHive.png""}",25,0,0,0,False,,,,,,"{}",0,0.5,"[{""item"":{""item"":""material_tape_volcano""},""probability"":0.05,""guaranteeDrop"":false,""guaranteeDropCount"":0,""conditions"":[]}]","[]"
e_mosquito,Level/3/B/Enemy/e_mosquito/e_mosquito.prefab,level/3/b,3B,e_mosquito,False,False,"{""spriteAtlas"":""RGTexture/sprite_atlas/cellar.spriteatlasv2"",""sprite"":""enemy_list_71"",""tex"":""Assets/RGTexture/enemy/cellar/enemy_list.png""}",18,12,0,0,False,,,,,,"{}",0,0.5,"[{""item"":{""item"":""material_tape_volcano""},""probability"":0.05,""guaranteeDrop"":false,""guaranteeDropCount"":0,""conditions"":[]}]","[]"
e_mummy01,Level/3/B/Enemy/e_mummy01/e_mummy01.prefab,level/3/b,3B,e_mummy01,False,False,"{""spriteAtlas"":""RGTexture/sprite_atlas/cellar.spriteatlasv2"",""sprite"":""enemy_list_78"",""tex"":""Assets/RGTexture/enemy/cellar/enemy_list.png""}",16,4,0,0,False,,,,,,"{}",0,0.5,"[{""item"":{""item"":""material_tape_volcano""},""probability"":0.05,""guaranteeDrop"":false,""guaranteeDropCount"":0,""conditions"":[]}]","[]"
e_mummy02,Level/3/B/Enemy/e_mummy02/e_mummy02.prefab,level/3/b,3B,e_mummy02,False,False,"{""spriteAtlas"":""RGTexture/sprite_atlas/cellar.spriteatlasv2"",""sprite"":""enemy_list_77"",""tex"":""Assets/RGTexture/enemy/cellar/enemy_list.png""}",26,4,0,0,False,,,,,,"{}",0,0.5,"[{""item"":{""item"":""material_tape_volcano""},""probability"":0.05,""guaranteeDrop"":false,""guaranteeDropCount"":0,""conditions"":[]}]","[]"
e_mummy03,Level/3/B/Enemy/e_mummy03/e_mummy03.prefab,level/3/b,3B,e_mummy03,False,False,"{""spriteAtlas"":""RGTexture/sprite_atlas/cellar.spriteatlasv2"",""sprite"":""enemy_list_79"",""tex"":""Assets/RGTexture/enemy/cellar/enemy_list.png""}",10,7,0,0,False,,,,,,"{}",0,0.5,"[{""item"":{""item"":""material_tape_volcano""},""probability"":0.05,""guaranteeDrop"":false,""guaranteeDropCount"":0,""conditions"":[]}]","[]"
e_mummy03_temp,Level/3/B/Boss/boss18/e_mummy03_temp/e_mummy03_temp.prefab,boss/boss18,3B,e_mummy03,True,False,"{""spriteAtlas"":""RGTexture/sprite_atlas/cellar.spriteatlasv2"",""sprite"":""enemy_list_79"",""tex"":""Assets/RGTexture/enemy/cellar/enemy_list.png""}",10,7,0,0,False,,,,,,"{}",0,0,"[]","[]"
e_mummy04,Level/3/B/Enemy/e_mummy04/e_mummy04.prefab,level/3/b,3B,e_mummy04,False,False,"{""spriteAtlas"":""RGTexture/sprite_atlas/cellar.spriteatlasv2"",""sprite"":""enemy_list_76"",""tex"":""Assets/RGTexture/enemy/cellar/enemy_list.png""}",25,3,0,0,False,,,,,,"{}",0,0.5,"[{""item"":{""item"":""material_tape_volcano""},""probability"":0.05,""guaranteeDrop"":false,""guaranteeDropCount"":0,""conditions"":[]},{""item"":{""item"":""material_skill_Priest_1""},""probability"":1.0,""guaranteeDrop"":false,""guaranteeDropCount"":0,""conditions"":[{""type"":0,""bluePrint"":{""item"":""blueprint_skill_Priest_1""},""material"":{""item"":""""},""requiredNum"":0,""inverse"":true},{""type"":2,""bluePrint"":{""item"":""""},""material"":{""item"":""material_skill_Priest_1""},""requiredNum"":8,""inverse"":false}]}]","[]"
e_mummy04_temp,Level/3/B/Boss/boss18/e_mummy04_temp/e_mummy04_temp.prefab,boss/boss18,3B,e_mummy04,True,False,"{""spriteAtlas"":""RGTexture/sprite_atlas/cellar.spriteatlasv2"",""sprite"":""enemy_list_76"",""tex"":""Assets/RGTexture/enemy/cellar/enemy_list.png""}",18,3,0,0,False,,,,,,"{}",0,0,"[]","[]"
e_mummy05,Level/3/B/Enemy/e_mummy05/e_mummy05.prefab,level/3/b,3B,e_mummy05,False,False,"{""spriteAtlas"":""RGTexture/sprite_atlas/cellar.spriteatlasv2"",""sprite"":""enemy_list_75"",""tex"":""Assets/RGTexture/enemy/cellar/enemy_list.png""}",32,4,0,0,False,,,,,,"{}",0,0.5,"[{""item"":{""item"":""material_tape_volcano""},""probability"":0.05,""guaranteeDrop"":false,""guaranteeDropCount"":0,""conditions"":[]}]","[]"
e_mummy05_temp,Level/3/B/Boss/boss18/e_mummy05_temp/e_mummy05_temp.prefab,boss/boss18,3B,e_mummy05,True,False,"{""spriteAtlas"":""RGTexture/sprite_atlas/cellar.spriteatlasv2"",""sprite"":""enemy_list_75"",""tex"":""Assets/RGTexture/enemy/cellar/enemy_list.png""}",15,4,0,0,False,,,,,,"{}",0,0,"[]","[]"
e_spider05,Level/3/B/Enemy/e_spider05/e_spider05.prefab,level/3/b,3B,e_spider05,False,False,"{""spriteAtlas"":""RGTexture/sprite_atlas/cellar.spriteatlasv2"",""sprite"":""enemy_list_72"",""tex"":""Assets/RGTexture/enemy/cellar/enemy_list.png""}",24,6,0,0,False,,,,,,"{}",0,0.5,"[{""item"":{""item"":""material_tape_volcano""},""probability"":0.05,""guaranteeDrop"":false,""guaranteeDropCount"":0,""conditions"":[]}]","[]"
e_tortoise,Level/3/B/Enemy/e_tortoise/e_tortoise.prefab,level/3/b,3B,e_tortoise,False,False,"{""spriteAtlas"":""RGTexture/sprite_atlas/cellar.spriteatlasv2"",""sprite"":""enemy_list_70"",""tex"":""Assets/RGTexture/enemy/cellar/enemy_list.png""}",30,3,0,0,False,,,,,,"{}",0,0.5,"[{""item"":{""item"":""material_tape_volcano""},""probability"":0.05,""guaranteeDrop"":false,""guaranteeDropCount"":0,""conditions"":[]}]","[]"
ex_fireknight01,Level/3/B/Enemy/e_fireknight01/ex_fireknight01.prefab,level/3/b,3B,e_fireknight01,False,True,"{""spriteAtlas"":""RGTexture/sprite_atlas/cellar.spriteatlasv2"",""sprite"":""enemy_list_73"",""tex"":""Assets/RGTexture/enemy/cellar/enemy_list.png""}",80,6,0,0,False,,,,,,"{}",0,0.5,"[{""item"":{""item"":""material_iron""},""probability"":6.0,""guaranteeDrop"":false,""guaranteeDropCount"":0,""conditions"":[]},{""item"":{""item"":""material_tape_volcano""},""probability"":0.1,""guaranteeDrop"":false,""guaranteeDropCount"":0,""conditions"":[]}]","[]"
ex_fireknight02,Level/3/B/Enemy/e_fireknight02/ex_fireknight02.prefab,level/3/b,3B,e_fireknight02,False,True,"{""spriteAtlas"":""RGTexture/sprite_atlas/cellar.spriteatlasv2"",""sprite"":""enemy_list_74"",""tex"":""Assets/RGTexture/enemy/cellar/enemy_list.png""}",80,6,0,0,False,,,,,,"{}",0,0.5,"[{""item"":{""item"":""material_iron""},""probability"":6.0,""guaranteeDrop"":false,""guaranteeDropCount"":0,""conditions"":[]},{""item"":{""item"":""material_tape_volcano""},""probability"":0.1,""guaranteeDrop"":false,""guaranteeDropCount"":0,""conditions"":[]}]","[]"
ex_fireknight03,Level/3/B/Enemy/e_fireknight03/ex_fireknight03.prefab,level/3/b,3B,e_fireknight03,False,True,"{""spriteAtlas"":""RGTexture/sprite_atlas/cellar.spriteatlasv2"",""sprite"":""enemy_list_54"",""tex"":""Assets/RGTexture/enemy/cellar/enemy_list.png""}",160,4,0,0,False,,,,,,"{}",0,0.5,"[{""item"":{""item"":""material_iron""},""probability"":6.0,""guaranteeDrop"":false,""guaranteeDropCount"":0,""conditions"":[]},{""item"":{""item"":""material_tape_volcano""},""probability"":0.1,""guaranteeDrop"":false,""guaranteeDropCount"":0,""conditions"":[]}]","[]"
ex_lavaHive,Level/3/B/Enemy/e_lavaHive/ex_lavaHive.prefab,level/3/b,3B,e_lavaHive,False,True,"{""spriteAtlas"":""RGTexture/sprite_atlas/cellar.spriteatlasv2"",""sprite"":""e_lavaHive"",""tex"":""Assets/RGTexture/enemy/cellar/e_lavaHive.png""}",50,0,0,0,False,,,,,,"{}",0,0,"[]","[]"
ex_mosquito,Level/3/B/Enemy/e_mosquito/ex_mosquito.prefab,level/3/b,3B,e_mosquito,False,True,"{""spriteAtlas"":""RGTexture/sprite_atlas/cellar.spriteatlasv2"",""sprite"":""enemy_list_71"",""tex"":""Assets/RGTexture/enemy/cellar/enemy_list.png""}",40,12,0,0,False,,,,,,"{}",0,0.5,"[{""item"":{""item"":""material_cell""},""probability"":6.0,""guaranteeDrop"":false,""guaranteeDropCount"":0,""conditions"":[]},{""item"":{""item"":""material_tape_volcano""},""probability"":0.1,""guaranteeDrop"":false,""guaranteeDropCount"":0,""conditions"":[]}]","[]"
ex_mummy01,Level/3/B/Enemy/e_mummy01/ex_mummy01.prefab,level/3/b,3B,e_mummy01,False,True,"{""spriteAtlas"":""RGTexture/sprite_atlas/cellar.spriteatlasv2"",""sprite"":""enemy_list_78"",""tex"":""Assets/RGTexture/enemy/cellar/enemy_list.png""}",40,4,0,0,False,,,,,,"{}",0,0.5,"[{""item"":{""item"":""material_gear""},""probability"":6.0,""guaranteeDrop"":false,""guaranteeDropCount"":0,""conditions"":[]},{""item"":{""item"":""material_tape_volcano""},""probability"":0.1,""guaranteeDrop"":false,""guaranteeDropCount"":0,""conditions"":[]}]","[]"
ex_mummy02,Level/3/B/Enemy/e_mummy02/ex_mummy02.prefab,level/3/b,3B,e_mummy02,False,True,"{""spriteAtlas"":""RGTexture/sprite_atlas/cellar.spriteatlasv2"",""sprite"":""enemy_list_77"",""tex"":""Assets/RGTexture/enemy/cellar/enemy_list.png""}",48,4,0,0,False,,,,,,"{}",0,0.5,"[{""item"":{""item"":""material_gear""},""probability"":6.0,""guaranteeDrop"":false,""guaranteeDropCount"":0,""conditions"":[]},{""item"":{""item"":""material_tape_volcano""},""probability"":0.1,""guaranteeDrop"":false,""guaranteeDropCount"":0,""conditions"":[]}]","[]"
ex_mummy03,Level/3/B/Enemy/e_mummy03/ex_mummy03.prefab,level/3/b,3B,e_mummy03,False,True,"{""spriteAtlas"":""RGTexture/sprite_atlas/cellar.spriteatlasv2"",""sprite"":""enemy_list_79"",""tex"":""Assets/RGTexture/enemy/cellar/enemy_list.png""}",30,8,0,0,False,,,,,,"{}",0,0.5,"[{""item"":{""item"":""material_iron""},""probability"":3.0,""guaranteeDrop"":false,""guaranteeDropCount"":0,""conditions"":[]},{""item"":{""item"":""material_wood""},""probability"":3.0,""guaranteeDrop"":false,""guaranteeDropCount"":0,""conditions"":[]},{""item"":{""item"":""material_tape_volcano""},""probability"":0.1,""guaranteeDrop"":false,""guaranteeDropCount"":0,""conditions"":[]}]","[]"
ex_mummy04,Level/3/B/Enemy/e_mummy04/ex_mummy04.prefab,level/3/b,3B,e_mummy04,False,True,"{""spriteAtlas"":""RGTexture/sprite_atlas/cellar.spriteatlasv2"",""sprite"":""enemy_list_76"",""tex"":""Assets/RGTexture/enemy/cellar/enemy_list.png""}",60,3,0,0,False,,,,,,"{}",0,0.5,"[{""item"":{""item"":""material_wood""},""probability"":6.0,""guaranteeDrop"":false,""guaranteeDropCount"":0,""conditions"":[]},{""item"":{""item"":""material_tape_volcano""},""probability"":0.1,""guaranteeDrop"":false,""guaranteeDropCount"":0,""conditions"":[]},{""item"":{""item"":""material_skill_Priest_1""},""probability"":2.0,""guaranteeDrop"":false,""guaranteeDropCount"":0,""conditions"":[{""type"":0,""bluePrint"":{""item"":""blueprint_skill_Priest_1""},""material"":{""item"":""""},""requiredNum"":0,""inverse"":true},{""type"":2,""bluePrint"":{""item"":""""},""material"":{""item"":""material_skill_Priest_1""},""requiredNum"":8,""inverse"":false}]}]","[]"
ex_mummy05,Level/3/B/Enemy/e_mummy05/ex_mummy05.prefab,level/3/b,3B,e_mummy05,False,True,"{""spriteAtlas"":""RGTexture/sprite_atlas/cellar.spriteatlasv2"",""sprite"":""enemy_list_75"",""tex"":""Assets/RGTexture/enemy/cellar/enemy_list.png""}",60,4,0,0,False,,,,,,"{}",0,0.5,"[{""item"":{""item"":""material_gear""},""probability"":6.0,""guaranteeDrop"":false,""guaranteeDropCount"":0,""conditions"":[]},{""item"":{""item"":""material_tape_volcano""},""probability"":0.1,""guaranteeDrop"":false,""guaranteeDropCount"":0,""conditions"":[]}]","[]"
ex_spider05,Level/3/B/Enemy/e_spider05/ex_spider05.prefab,level/3/b,3B,e_spider05,False,True,"{""spriteAtlas"":""RGTexture/sprite_atlas/cellar.spriteatlasv2"",""sprite"":""enemy_list_72"",""tex"":""Assets/RGTexture/enemy/cellar/enemy_list.png""}",48,6,0,0,False,,,,,,"{}",0,0.5,"[{""item"":{""item"":""material_cell""},""probability"":3.0,""guaranteeDrop"":false,""guaranteeDropCount"":0,""conditions"":[]},{""item"":{""item"":""material_wood""},""probability"":30.0000019,""guaranteeDrop"":false,""guaranteeDropCount"":0,""conditions"":[]},{""item"":{""item"":""material_tape_volcano""},""probability"":0.1,""guaranteeDrop"":false,""guaranteeDropCount"":0,""conditions"":[]}]","[]"
ex_tortoise,Level/3/B/Enemy/e_tortoise/ex_tortoise.prefab,level/3/b,3B,e_tortoise,False,True,"{""spriteAtlas"":""RGTexture/sprite_atlas/cellar.spriteatlasv2"",""sprite"":""enemy_list_70"",""tex"":""Assets/RGTexture/enemy/cellar/enemy_list.png""}",60,3,0,0,False,,,,,,"{}",0,0.5,"[{""item"":{""item"":""material_cell""},""probability"":3.0,""guaranteeDrop"":false,""guaranteeDropCount"":0,""conditions"":[]},{""item"":{""item"":""material_wood""},""probability"":30.0000019,""guaranteeDrop"":false,""guaranteeDropCount"":0,""conditions"":[]},{""item"":{""item"":""material_tape_volcano""},""probability"":0.1,""guaranteeDrop"":false,""guaranteeDropCount"":0,""conditions"":[]}]","[]"
temp_tombstone1,Level/3/B/Boss/boss18/temp_tombstone1/temp_tombstone1.prefab,boss/boss18,3B,,True,False,"{}",40,0,0,0,False,,,,,,"{}",0,0,"[]","[]"
temp_tombstone2,Level/3/B/Boss/boss18/temp_tombstone2/temp_tombstone2.prefab,boss/boss18,3B,temp_tombstone2,True,False,"{""spriteAtlas"":""RGTexture/sprite_atlas/bullet.spriteatlasv2"",""sprite"":""bullet3_5"",""tex"":""Assets/RGTexture/bullet/bullet3.png""}",40,0,0,0,False,,,,,,"{}",0,0,"[]","[]"
boss28,Level/3/C/Boss/boss28/boss28.prefab,boss/boss28,3C,boss28,False,False,"{""spriteAtlas"":""RGTexture/sprite_atlas/cellar.spriteatlasv2"",""sprite"":""enemy_list_2_39"",""tex"":""Assets/RGTexture/enemy/cellar/enemy_list_2.png""}",1000,5,0,0,True,,RGSound/bgm/bgm_3High.mp3,Level/3/C/Boss/boss28/r3_boss7.prefab,weapon_354,,"{""boss05"":10,""boss06"":10,""boss11"":10,""boss12_parent"":10,""boss21"":10,""boss18"":10,""boss28"":10}",0,1,"[{""item"":{""item"":""material_magic_blue""},""probability"":7.50000048,""guaranteeDrop"":false,""guaranteeDropCount"":0,""conditions"":[]},{""item"":{""item"":""material_magic_green""},""probability"":7.50000048,""guaranteeDrop"":false,""guaranteeDropCount"":0,""conditions"":[]},{""item"":{""item"":""material_magic_cyan""},""probability"":100.0,""guaranteeDrop"":false,""guaranteeDropCount"":0,""conditions"":[]},{""item"":{""item"":""material_magic_black""},""probability"":7.50000048,""guaranteeDrop"":false,""guaranteeDropCount"":0,""conditions"":[]},{""item"":{""item"":""material_tape_island""},""probability"":7.50000048,""guaranteeDrop"":false,""guaranteeDropCount"":0,""conditions"":[]},{""item"":{""item"":""material_skin_fragment_c7_s12""},""probability"":50.0,""guaranteeDrop"":false,""guaranteeDropCount"":0,""conditions"":[]},{""item"":{""item"":""material_tape_boss3""},""probability"":5.0,""guaranteeDrop"":false,""guaranteeDropCount"":0,""conditions"":[]},{""item"":{""item"":""blueprint_m_mech_6""},""probability"":10.0,""guaranteeDrop"":false,""guaranteeDropCount"":0,""conditions"":[]},{""item"":{""item"":""material_ancient_weapon_fragment""},""probability"":175.0,""guaranteeDrop"":false,""guaranteeDropCount"":0,""conditions"":[]}]","[]"
boss29,Level/3/C/Boss/boss29/boss29.prefab,boss/boss29,3C,boss29,False,False,"{""spriteAtlas"":""RGTexture/sprite_atlas/cellar.spriteatlasv2"",""sprite"":""boss29"",""tex"":""Assets/RGTexture/enemy/cellar/boss29.png""}",2000,5,0,0,True,,RGSound/bgm/bgm_3High.mp3,Level/3/C/Boss/boss29/r3_boss8.prefab,weapon_355,,"{""boss05"":10,""boss06"":10,""boss11"":10,""boss12_parent"":10,""boss21"":10,""boss18"":10,""boss28"":10}",0,1,"[{""item"":{""item"":""material_magic_blue""},""probability"":7.50000048,""guaranteeDrop"":false,""guaranteeDropCount"":0,""conditions"":[]},{""item"":{""item"":""material_magic_green""},""probability"":7.50000048,""guaranteeDrop"":false,""guaranteeDropCount"":0,""conditions"":[]},{""item"":{""item"":""material_magic_cyan""},""probability"":100.0,""guaranteeDrop"":false,""guaranteeDropCount"":0,""conditions"":[]},{""item"":{""item"":""material_magic_black""},""probability"":7.50000048,""guaranteeDrop"":false,""guaranteeDropCount"":0,""conditions"":[]},{""item"":{""item"":""material_tape_island""},""probability"":7.50000048,""guaranteeDrop"":false,""guaranteeDropCount"":0,""conditions"":[]},{""item"":{""item"":""material_skin_fragment_c7_s12""},""probability"":50.0,""guaranteeDrop"":false,""guaranteeDropCount"":0,""conditions"":[]},{""item"":{""item"":""material_tape_boss3""},""probability"":5.0,""guaranteeDrop"":false,""guaranteeDropCount"":0,""conditions"":[]},{""item"":{""item"":""blueprint_m_mech_6""},""probability"":10.0,""guaranteeDrop"":false,""guaranteeDropCount"":0,""conditions"":[]},{""item"":{""item"":""material_ancient_weapon_fragment""},""probability"":175.0,""guaranteeDrop"":false,""guaranteeDropCount"":0,""conditions"":[]}]","[]"
e_bomber_man,Level/3/C/Enemy/e_bomber_man/e_bomber_man.prefab,level/3/c,3C,e_bomber_man,False,False,"{""spriteAtlas"":""RGTexture/sprite_atlas/cellar.spriteatlasv2"",""sprite"":""e_bomber_man"",""tex"":""Assets/RGTexture/enemy/cellar/e_bomber_man.png""}",30,7,0,0,False,,,,,,"{}",0,0.5,"[]","[]"
e_crab_ufo,Level/3/C/Enemy/e_crab_ufo/e_crab_ufo.prefab,level/3/c,3C,e_crab_ufo,False,False,"{""spriteAtlas"":""RGTexture/sprite_atlas/cellar.spriteatlasv2"",""sprite"":""enemy_list_2_47"",""tex"":""Assets/RGTexture/enemy/cellar/enemy_list_2.png""}",20,3,0,0,False,,,,,,"{}",0,0.5,"[{""item"":{""item"":""material_gear""},""probability"":3.0,""guaranteeDrop"":false,""guaranteeDropCount"":0,""conditions"":[]},{""item"":{""item"":""material_tape_island""},""probability"":0.05,""guaranteeDrop"":false,""guaranteeDropCount"":0,""conditions"":[]}]","[]"
e_owl_metal,Level/3/C/Enemy/e_owl_metal/e_owl_metal.prefab,level/3/c,3C,e_owl_metal,False,False,"{""spriteAtlas"":""RGTexture/sprite_atlas/cellar.spriteatlasv2"",""sprite"":""enemy_list_2_48"",""tex"":""Assets/RGTexture/enemy/cellar/enemy_list_2.png""}",15,3,0,0,False,,,,,,"{}",0,0.5,"[{""item"":{""item"":""material_battery""},""probability"":3.0,""guaranteeDrop"":false,""guaranteeDropCount"":0,""conditions"":[]},{""item"":{""item"":""material_tape_island""},""probability"":0.05,""guaranteeDrop"":false,""guaranteeDropCount"":0,""conditions"":[]}]","[]"
e_pirate_blade,Level/3/C/Enemy/e_pirate_blade/e_pirate_blade.prefab,level/3/c,3C,e_pirate_blade,False,False,"{""spriteAtlas"":""RGTexture/sprite_atlas/cellar.spriteatlasv2"",""sprite"":""enemy_list_2_42"",""tex"":""Assets/RGTexture/enemy/cellar/enemy_list_2.png""}",24,5,0,0,False,,,,,,"{}",0,0.5,"[{""item"":{""item"":""material_iron""},""probability"":3.0,""guaranteeDrop"":false,""guaranteeDropCount"":0,""conditions"":[]},{""item"":{""item"":""material_tape_island""},""probability"":0.05,""guaranteeDrop"":false,""guaranteeDropCount"":0,""conditions"":[]}]","[]"
e_pirate_dancer,Level/3/C/Enemy/e_pirate_dancer/e_pirate_dancer.prefab,level/3/c,3C,e_pirate_dancer,False,False,"{""spriteAtlas"":""RGTexture/sprite_atlas/cellar.spriteatlasv2"",""sprite"":""enemy_list_2_45"",""tex"":""Assets/RGTexture/enemy/cellar/enemy_list_2.png""}",20,3,0,0,False,,,,,,"{}",0,0.5,"[{""item"":{""item"":""material_tape_island""},""probability"":0.05,""guaranteeDrop"":false,""guaranteeDropCount"":0,""conditions"":[]}]","[]"
e_pirate_dive,Level/3/C/Enemy/e_pirate_dive/e_pirate_dive.prefab,level/3/c,3C,e_pirate_dive,False,False,"{""spriteAtlas"":""RGTexture/sprite_atlas/cellar.spriteatlasv2"",""sprite"":""enemy_list_2_41"",""tex"":""Assets/RGTexture/enemy/cellar/enemy_list_2.png""}",20,3,0,0,False,,,,,,"{}",0,0.5,"[]","[]"
e_pirate_fat,Level/3/C/Enemy/e_pirate_fat/e_pirate_fat.prefab,level/3/c,3C,e_pirate_fat,False,False,"{""spriteAtlas"":""RGTexture/sprite_atlas/cellar.spriteatlasv2"",""sprite"":""enemy_list_2_40"",""tex"":""Assets/RGTexture/enemy/cellar/enemy_list_2.png""}",60,5,0,0,False,,,,,,"{}",0,0.5,"[{""item"":{""item"":""material_cell""},""probability"":1.0,""guaranteeDrop"":false,""guaranteeDropCount"":0,""conditions"":[]},{""item"":{""item"":""material_tape_island""},""probability"":0.05,""guaranteeDrop"":false,""guaranteeDropCount"":0,""conditions"":[]}]","[]"
e_pirate_fat_reinforcement,Level/3/C/Enemy/e_pirate_fat_reinforcement/e_pirate_fat_reinforcement.prefab,level/3/c,3C,e_pirate_fat,False,False,"{""spriteAtlas"":""RGTexture/sprite_atlas/cellar.spriteatlasv2"",""sprite"":""enemy_list_2_40"",""tex"":""Assets/RGTexture/enemy/cellar/enemy_list_2.png""}",45,3,0,0,False,,,,,,"{}",0,0,"[]","[]"
e_pirate_fat_reinforcement_boss29,Level/3/C/Enemy/e_pirate_fat_reinforcement_boss29/e_pirate_fat_reinforcement_boss29.prefab,level/3/c,3C,e_pirate_fat,False,False,"{""spriteAtlas"":""RGTexture/sprite_atlas/cellar.spriteatlasv2"",""sprite"":""enemy_list_2_40"",""tex"":""Assets/RGTexture/enemy/cellar/enemy_list_2.png""}",60,3,0,0,False,,,,,,"{}",0,0,"[]","[]"
e_pirate_gun,Level/3/C/Enemy/e_pirate_gun/e_pirate_gun.prefab,level/3/c,3C,e_pirate_gun,False,False,"{""spriteAtlas"":""RGTexture/sprite_atlas/cellar.spriteatlasv2"",""sprite"":""enemy_list_2_44"",""tex"":""Assets/RGTexture/enemy/cellar/enemy_list_2.png""}",26,3,0,0,False,,,,,,"{}",0,0.5,"[{""item"":{""item"":""material_tape_island""},""probability"":0.05,""guaranteeDrop"":false,""guaranteeDropCount"":0,""conditions"":[]}]","[]"
e_pirate_punch,Level/3/C/Enemy/e_pirate_punch/e_pirate_punch.prefab,level/3/c,3C,e_pirate_punch,False,False,"{""spriteAtlas"":""RGTexture/sprite_atlas/cellar.spriteatlasv2"",""sprite"":""enemy_list_2_46"",""tex"":""Assets/RGTexture/enemy/cellar/enemy_list_2.png""}",40,5,0,0,False,,,,,,"{}",0,0.5,"[{""item"":{""item"":""material_tape_island""},""probability"":0.05,""guaranteeDrop"":false,""guaranteeDropCount"":0,""conditions"":[]},{""item"":{""item"":""material_battery""},""probability"":3.0,""guaranteeDrop"":false,""guaranteeDropCount"":0,""conditions"":[]}]","[]"
e_pirate_shotgun,Level/3/C/Enemy/e_pirate_shotgun/e_pirate_shotgun.prefab,level/3/c,3C,e_pirate_shotgun,False,False,"{""spriteAtlas"":""RGTexture/sprite_atlas/cellar.spriteatlasv2"",""sprite"":""enemy_list_2_43"",""tex"":""Assets/RGTexture/enemy/cellar/enemy_list_2.png""}",30,3,0,0,False,,,,,,"{}",0,0.5,"[{""item"":{""item"":""material_tape_island""},""probability"":0.05,""guaranteeDrop"":false,""guaranteeDropCount"":0,""conditions"":[]},{""item"":{""item"":""material_iron""},""probability"":3.0,""guaranteeDrop"":false,""guaranteeDropCount"":0,""conditions"":[]}]","[]"
ex_bomber_man,Level/3/C/Enemy/e_bomber_man/ex_bomber_man.prefab,level/3/c,3C,e_bomber_man,False,True,"{""spriteAtlas"":""RGTexture/sprite_atlas/cellar.spriteatlasv2"",""sprite"":""e_bomber_man"",""tex"":""Assets/RGTexture/enemy/cellar/e_bomber_man.png""}",40,7,0,0,False,,,,,,"{}",0,0.5,"[]","[]"
ex_crab_ufo,Level/3/C/Enemy/e_crab_ufo/ex_crab_ufo.prefab,level/3/c,3C,e_crab_ufo,False,True,"{""spriteAtlas"":""RGTexture/sprite_atlas/cellar.spriteatlasv2"",""sprite"":""enemy_list_2_47"",""tex"":""Assets/RGTexture/enemy/cellar/enemy_list_2.png""}",50,3,0,0,False,,,,,,"{}",0,0.5,"[{""item"":{""item"":""material_gear""},""probability"":6.0,""guaranteeDrop"":false,""guaranteeDropCount"":0,""conditions"":[]},{""item"":{""item"":""material_tape_island""},""probability"":0.1,""guaranteeDrop"":false,""guaranteeDropCount"":0,""conditions"":[]}]","[]"
ex_owl_metal,Level/3/C/Enemy/e_owl_metal/ex_owl_metal.prefab,level/3/c,3C,e_owl_metal,False,True,"{""spriteAtlas"":""RGTexture/sprite_atlas/cellar.spriteatlasv2"",""sprite"":""enemy_list_2_48"",""tex"":""Assets/RGTexture/enemy/cellar/enemy_list_2.png""}",40,3,0,0,False,,,,,,"{}",0,0.5,"[{""item"":{""item"":""material_battery""},""probability"":6.0,""guaranteeDrop"":false,""guaranteeDropCount"":0,""conditions"":[]},{""item"":{""item"":""material_tape_island""},""probability"":0.1,""guaranteeDrop"":false,""guaranteeDropCount"":0,""conditions"":[]}]","[]"
ex_pirate_blade,Level/3/C/Enemy/e_pirate_blade/ex_pirate_blade.prefab,level/3/c,3C,e_pirate_blade,False,True,"{""spriteAtlas"":""RGTexture/sprite_atlas/cellar.spriteatlasv2"",""sprite"":""enemy_list_2_42"",""tex"":""Assets/RGTexture/enemy/cellar/enemy_list_2.png""}",52,6,0,0,False,,,,,,"{}",0,0.5,"[{""item"":{""item"":""material_iron""},""probability"":6.0,""guaranteeDrop"":false,""guaranteeDropCount"":0,""conditions"":[]},{""item"":{""item"":""material_tape_island""},""probability"":0.1,""guaranteeDrop"":false,""guaranteeDropCount"":0,""conditions"":[]}]","[]"
ex_pirate_dancer,Level/3/C/Enemy/e_pirate_dancer/ex_pirate_dancer.prefab,level/3/c,3C,e_pirate_dancer,False,True,"{""spriteAtlas"":""RGTexture/sprite_atlas/cellar.spriteatlasv2"",""sprite"":""enemy_list_2_45"",""tex"":""Assets/RGTexture/enemy/cellar/enemy_list_2.png""}",40,3,0,0,False,,,,,,"{}",0,0.5,"[{""item"":{""item"":""material_gear""},""probability"":6.0,""guaranteeDrop"":false,""guaranteeDropCount"":0,""conditions"":[]},{""item"":{""item"":""material_tape_island""},""probability"":0.1,""guaranteeDrop"":false,""guaranteeDropCount"":0,""conditions"":[]}]","[]"
ex_pirate_dive,Level/3/C/Enemy/e_pirate_dive/ex_pirate_dive.prefab,level/3/c,3C,e_pirate_dive,False,True,"{""spriteAtlas"":""RGTexture/sprite_atlas/cellar.spriteatlasv2"",""sprite"":""enemy_list_2_41"",""tex"":""Assets/RGTexture/enemy/cellar/enemy_list_2.png""}",34,3,0,0,False,,,,,,"{}",0,0.5,"[]","[]"
ex_pirate_fat,Level/3/C/Enemy/e_pirate_fat/ex_pirate_fat.prefab,level/3/c,3C,e_pirate_fat,False,True,"{""spriteAtlas"":""RGTexture/sprite_atlas/cellar.spriteatlasv2"",""sprite"":""enemy_list_2_40"",""tex"":""Assets/RGTexture/enemy/cellar/enemy_list_2.png""}",150,5,0,0,False,,,,,,"{}",0,0.5,"[{""item"":{""item"":""material_cell""},""probability"":6.0,""guaranteeDrop"":false,""guaranteeDropCount"":0,""conditions"":[]},{""item"":{""item"":""material_tape_island""},""probability"":0.1,""guaranteeDrop"":false,""guaranteeDropCount"":0,""conditions"":[]}]","[]"
ex_pirate_fat_reinforcement,Level/3/C/Enemy/e_pirate_fat_reinforcement/ex_pirate_fat_reinforcement.prefab,level/3/c,3C,e_pirate_fat,False,True,"{""spriteAtlas"":""RGTexture/sprite_atlas/cellar.spriteatlasv2"",""sprite"":""enemy_list_2_40"",""tex"":""Assets/RGTexture/enemy/cellar/enemy_list_2.png""}",60,3,0,0,False,,,,,,"{}",0,0,"[]","[]"
ex_pirate_fat_reinforcement_boss29,Level/3/C/Enemy/e_pirate_fat_reinforcement_boss29/ex_pirate_fat_reinforcement_boss29.prefab,level/3/c,3C,e_pirate_fat,False,True,"{""spriteAtlas"":""RGTexture/sprite_atlas/cellar.spriteatlasv2"",""sprite"":""enemy_list_2_40"",""tex"":""Assets/RGTexture/enemy/cellar/enemy_list_2.png""}",80,5,0,0,False,,,,,,"{}",0,0.5,"[{""item"":{""item"":""material_cell""},""probability"":6.0,""guaranteeDrop"":false,""guaranteeDropCount"":0,""conditions"":[]},{""item"":{""item"":""material_tape_island""},""probability"":0.1,""guaranteeDrop"":false,""guaranteeDropCount"":0,""conditions"":[]}]","[]"
ex_pirate_gun,Level/3/C/Enemy/e_pirate_gun/ex_pirate_gun.prefab,level/3/c,3C,e_pirate_gun,False,True,"{""spriteAtlas"":""RGTexture/sprite_atlas/cellar.spriteatlasv2"",""sprite"":""enemy_list_2_44"",""tex"":""Assets/RGTexture/enemy/cellar/enemy_list_2.png""}",52,3,0,0,False,,,,,,"{}",0,0.5,"[{""item"":{""item"":""material_iron""},""probability"":6.0,""guaranteeDrop"":false,""guaranteeDropCount"":0,""conditions"":[]},{""item"":{""item"":""material_tape_island""},""probability"":0.1,""guaranteeDrop"":false,""guaranteeDropCount"":0,""conditions"":[]}]","[]"
ex_pirate_punch,Level/3/C/Enemy/e_pirate_punch/ex_pirate_punch.prefab,level/3/c,3C,e_pirate_punch,False,True,"{""spriteAtlas"":""RGTexture/sprite_atlas/cellar.spriteatlasv2"",""sprite"":""enemy_list_2_46"",""tex"":""Assets/RGTexture/enemy/cellar/enemy_list_2.png""}",80,5,0,0,False,,,,,,"{}",0,0.5,"[{""item"":{""item"":""material_gear""},""probability"":6.0,""guaranteeDrop"":false,""guaranteeDropCount"":0,""conditions"":[]},{""item"":{""item"":""material_tape_island""},""probability"":0.1,""guaranteeDrop"":false,""guaranteeDropCount"":0,""conditions"":[]}]","[]"
ex_pirate_shotgun,Level/3/C/Enemy/e_pirate_shotgun/ex_pirate_shotgun.prefab,level/3/c,3C,e_pirate_shotgun,False,True,"{""spriteAtlas"":""RGTexture/sprite_atlas/cellar.spriteatlasv2"",""sprite"":""enemy_list_2_43"",""tex"":""Assets/RGTexture/enemy/cellar/enemy_list_2.png""}",72,3,0,0,False,,,,,,"{}",0,0.5,"[{""item"":{""item"":""material_iron""},""probability"":6.0,""guaranteeDrop"":false,""guaranteeDropCount"":0,""conditions"":[]},{""item"":{""item"":""material_tape_island""},""probability"":0.1,""guaranteeDrop"":false,""guaranteeDropCount"":0,""conditions"":[]}]","[]"
boss_monolith_lower,Level/4/A/Boss/boss_monolith_lower/boss_monolith_lower.prefab,boss/boss_monolith_lower,4A,boss_monolith_lower,False,False,"{""spriteAtlas"":""RGTexture/sprite_atlas/cellar.spriteatlasv2"",""sprite"":""enemy_list_3_7"",""tex"":""Assets/RGTexture/enemy/cellar/enemy_list_3.png""}",800,2000,0,0,True,,RGSound/bgm/boss_stone_man.mp3,Level/4/A/Boss/boss_monolith_lower/r4_boss1_lower.prefab,weapon_363,,"{}",0,0,"[]","[{""probability"":100.0,""randomOrder"":false,""Drops"":[{""item"":{""item"":""material_magic_black""},""probability"":14.0,""guaranteeDrop"":false,""guaranteeDropCount"":0,""conditions"":[]},{""item"":{""item"":""material_magic_blue""},""probability"":14.0,""guaranteeDrop"":false,""guaranteeDropCount"":0,""conditions"":[]},{""item"":{""item"":""material_magic_cyan""},""probability"":14.0,""guaranteeDrop"":false,""guaranteeDropCount"":0,""conditions"":[]},{""item"":{""item"":""material_magic_green""},""probability"":14.0,""guaranteeDrop"":false,""guaranteeDropCount"":0,""conditions"":[]},{""item"":{""item"":""material_magic_orange""},""probability"":14.0,""guaranteeDrop"":false,""guaranteeDropCount"":0,""conditions"":[]},{""item"":{""item"":""material_magic_purple""},""probability"":14.0,""guaranteeDrop"":false,""guaranteeDropCount"":0,""conditions"":[]},{""item"":{""item"":""material_magic_red""},""probability"":14.0,""guaranteeDrop"":false,""guaranteeDropCount"":0,""conditions"":[]}]},{""probability"":100.0,""randomOrder"":false,""Drops"":[{""item"":{""item"":""material_magic_black""},""probability"":14.0,""guaranteeDrop"":false,""guaranteeDropCount"":0,""conditions"":[]},{""item"":{""item"":""material_magic_blue""},""probability"":14.0,""guaranteeDrop"":false,""guaranteeDropCount"":0,""conditions"":[]},{""item"":{""item"":""material_magic_cyan""},""probability"":14.0,""guaranteeDrop"":false,""guaranteeDropCount"":0,""conditions"":[]},{""item"":{""item"":""material_magic_green""},""probability"":14.0,""guaranteeDrop"":false,""guaranteeDropCount"":0,""conditions"":[]},{""item"":{""item"":""material_magic_orange""},""probability"":14.0,""guaranteeDrop"":false,""guaranteeDropCount"":0,""conditions"":[]},{""item"":{""item"":""material_magic_purple""},""probability"":14.0,""guaranteeDrop"":false,""guaranteeDropCount"":0,""conditions"":[]},{""item"":{""item"":""material_magic_red""},""probability"":14.0,""guaranteeDrop"":false,""guaranteeDropCount"":0,""conditions"":[]}]},{""probability"":50.0,""randomOrder"":false,""Drops"":[{""item"":{""item"":""material_magic_black""},""probability"":14.0,""guaranteeDrop"":false,""guaranteeDropCount"":0,""conditions"":[]},{""item"":{""item"":""material_magic_blue""},""probability"":14.0,""guaranteeDrop"":false,""guaranteeDropCount"":0,""conditions"":[]},{""item"":{""item"":""material_magic_cyan""},""probability"":14.0,""guaranteeDrop"":false,""guaranteeDropCount"":0,""conditions"":[]},{""item"":{""item"":""material_magic_green""},""probability"":14.0,""guaranteeDrop"":false,""guaranteeDropCount"":0,""conditions"":[]},{""item"":{""item"":""material_magic_orange""},""probability"":14.0,""guaranteeDrop"":false,""guaranteeDropCount"":0,""conditions"":[]},{""item"":{""item"":""material_magic_purple""},""probability"":14.0,""guaranteeDrop"":false,""guaranteeDropCount"":0,""conditions"":[]},{""item"":{""item"":""material_magic_red""},""probability"":14.0,""guaranteeDrop"":false,""guaranteeDropCount"":0,""conditions"":[]}]}]"
boss_stone_dragon,Level/4/A/Boss/boss_stone_dragon/boss_stone_dragon.prefab,boss/boss_stone_dragon,4A,boss_stone_dragon,False,False,"{""spriteAtlas"":""RGTexture/sprite_atlas/cellar.spriteatlasv2"",""sprite"":""enemy_list_3_18"",""tex"":""Assets/RGTexture/enemy/cellar/enemy_list_3.png""}",1200,6,0.5,0,True,,RGSound/bgm/boss_stone_man.mp3,Level/4/A/Boss/boss_stone_dragon/r4_boss3.prefab,weapon_382,,"{""boss06"":10,""boss11"":10,""boss12_parent"":10,""boss21"":10,""boss18"":10,""boss_monolith_lower"":10}",0,0,"[{""item"":{""item"":""material_wood""},""probability"":150.0,""guaranteeDrop"":false,""guaranteeDropCount"":0,""conditions"":[]},{""item"":{""item"":""material_fertilize""},""probability"":100.0,""guaranteeDrop"":false,""guaranteeDropCount"":0,""conditions"":[]},{""item"":{""item"":""material_tape_level_4g""},""probability"":20.0,""guaranteeDrop"":false,""guaranteeDropCount"":0,""conditions"":[]},{""item"":{""item"":""material_tape_boss4""},""probability"":7.5,""guaranteeDrop"":false,""guaranteeDropCount"":0,""conditions"":[]}]","[{""probability"":100.0,""randomOrder"":false,""Drops"":[{""item"":{""item"":""material_magic_black""},""probability"":14.0,""guaranteeDrop"":false,""guaranteeDropCount"":0,""conditions"":[]},{""item"":{""item"":""material_magic_blue""},""probability"":14.0,""guaranteeDrop"":false,""guaranteeDropCount"":0,""conditions"":[]},{""item"":{""item"":""material_magic_cyan""},""probability"":14.0,""guaranteeDrop"":false,""guaranteeDropCount"":0,""conditions"":[]},{""item"":{""item"":""material_magic_green""},""probability"":14.0,""guaranteeDrop"":false,""guaranteeDropCount"":0,""conditions"":[]},{""item"":{""item"":""material_magic_orange""},""probability"":14.0,""guaranteeDrop"":false,""guaranteeDropCount"":0,""conditions"":[]},{""item"":{""item"":""material_magic_purple""},""probability"":14.0,""guaranteeDrop"":false,""guaranteeDropCount"":0,""conditions"":[]},{""item"":{""item"":""material_magic_red""},""probability"":14.0,""guaranteeDrop"":false,""guaranteeDropCount"":0,""conditions"":[]}]},{""probability"":50.0,""randomOrder"":false,""Drops"":[{""item"":{""item"":""material_magic_black""},""probability"":14.0,""guaranteeDrop"":false,""guaranteeDropCount"":0,""conditions"":[]},{""item"":{""item"":""material_magic_blue""},""probability"":14.0,""guaranteeDrop"":false,""guaranteeDropCount"":0,""conditions"":[]},{""item"":{""item"":""material_magic_cyan""},""probability"":14.0,""guaranteeDrop"":false,""guaranteeDropCount"":0,""conditions"":[]},{""item"":{""item"":""material_magic_green""},""probability"":14.0,""guaranteeDrop"":false,""guaranteeDropCount"":0,""conditions"":[]},{""item"":{""item"":""material_magic_orange""},""probability"":14.0,""guaranteeDrop"":false,""guaranteeDropCount"":0,""conditions"":[]},{""item"":{""item"":""material_magic_purple""},""probability"":14.0,""guaranteeDrop"":false,""guaranteeDropCount"":0,""conditions"":[]},{""item"":{""item"":""material_magic_red""},""probability"":14.0,""guaranteeDrop"":false,""guaranteeDropCount"":0,""conditions"":[]}]}]"
boss_stone_man,Level/4/A/Boss/boss_stone_man/boss_stone_man.prefab,boss/boss_stone_man,4A,boss_stone_man,False,False,"{""spriteAtlas"":""RGTexture/sprite_atlas/cellar.spriteatlasv2"",""sprite"":""enemy_list_3_9"",""tex"":""Assets/RGTexture/enemy/cellar/enemy_list_3.png""}",1200,8,0,0,True,,RGSound/bgm/boss_stone_man.mp3,Level/4/A/Boss/boss_stone_man/r4_boss1.prefab,,,"{""boss05"":10,""boss06"":10,""boss11"":10,""boss12_parent"":10,""boss21"":10,""boss18"":10,""boss28"":10}",0,0,"[{""item"":{""item"":""material_skin_fragment_c13_s19""},""probability"":50.0,""guaranteeDrop"":false,""guaranteeDropCount"":0,""conditions"":[]},{""item"":{""item"":""material_iron""},""probability"":150.0,""guaranteeDrop"":false,""guaranteeDropCount"":0,""conditions"":[]},{""item"":{""item"":""material_gear""},""probability"":175.0,""guaranteeDrop"":false,""guaranteeDropCount"":0,""conditions"":[]},{""item"":{""item"":""material_tape_level_4g""},""probability"":20.0,""guaranteeDrop"":false,""guaranteeDropCount"":0,""conditions"":[]},{""item"":{""item"":""material_tape_boss4""},""probability"":7.5,""guaranteeDrop"":false,""guaranteeDropCount"":0,""conditions"":[]}]","[{""probability"":100.0,""randomOrder"":false,""Drops"":[{""item"":{""item"":""material_magic_black""},""probability"":14.0,""guaranteeDrop"":false,""guaranteeDropCount"":0,""conditions"":[]},{""item"":{""item"":""material_magic_blue""},""probability"":14.0,""guaranteeDrop"":false,""guaranteeDropCount"":0,""conditions"":[]},{""item"":{""item"":""material_magic_cyan""},""probability"":14.0,""guaranteeDrop"":false,""guaranteeDropCount"":0,""conditions"":[]},{""item"":{""item"":""material_magic_green""},""probability"":14.0,""guaranteeDrop"":false,""guaranteeDropCount"":0,""conditions"":[]},{""item"":{""item"":""material_magic_orange""},""probability"":14.0,""guaranteeDrop"":false,""guaranteeDropCount"":0,""conditions"":[]},{""item"":{""item"":""material_magic_purple""},""probability"":14.0,""guaranteeDrop"":false,""guaranteeDropCount"":0,""conditions"":[]},{""item"":{""item"":""material_magic_red""},""probability"":14.0,""guaranteeDrop"":false,""guaranteeDropCount"":0,""conditions"":[]}]},{""probability"":50.0,""randomOrder"":false,""Drops"":[{""item"":{""item"":""material_magic_black""},""probability"":14.0,""guaranteeDrop"":false,""guaranteeDropCount"":0,""conditions"":[]},{""item"":{""item"":""material_magic_blue""},""probability"":14.0,""guaranteeDrop"":false,""guaranteeDropCount"":0,""conditions"":[]},{""item"":{""item"":""material_magic_cyan""},""probability"":14.0,""guaranteeDrop"":false,""guaranteeDropCount"":0,""conditions"":[]},{""item"":{""item"":""material_magic_green""},""probability"":14.0,""guaranteeDrop"":false,""guaranteeDropCount"":0,""conditions"":[]},{""item"":{""item"":""material_magic_orange""},""probability"":14.0,""guaranteeDrop"":false,""guaranteeDropCount"":0,""conditions"":[]},{""item"":{""item"":""material_magic_purple""},""probability"":14.0,""guaranteeDrop"":false,""guaranteeDropCount"":0,""conditions"":[]},{""item"":{""item"":""material_magic_red""},""probability"":14.0,""guaranteeDrop"":false,""guaranteeDropCount"":0,""conditions"":[]}]}]"
boss_warlord,Level/4/A/Boss/boss_warlord/boss_warlord.prefab,boss/boss_warlord,4A,boss_warlord,False,False,"{""spriteAtlas"":""RGTexture/sprite_atlas/cellar.spriteatlasv2"",""sprite"":""boss_warlord"",""tex"":""Assets/RGTexture/enemy/cellar/boss_warlord.png""}",999999,6,0.5,0,True,,RGSound/bgm/boss_stone_man.mp3,Level/4/A/Boss/boss_warlord/r4_boss2.prefab,weapon_388,,"{""boss05"":10,""boss06"":10,""boss11"":10,""boss12_parent"":10,""boss21"":10,""boss18"":10}",0,0,"[{""item"":{""item"":""material_cell""},""probability"":150.0,""guaranteeDrop"":false,""guaranteeDropCount"":0,""conditions"":[]},{""item"":{""item"":""material_battery""},""probability"":175.0,""guaranteeDrop"":false,""guaranteeDropCount"":0,""conditions"":[]},{""item"":{""item"":""material_tape_level_4g""},""probability"":20.0,""guaranteeDrop"":false,""guaranteeDropCount"":0,""conditions"":[]},{""item"":{""item"":""material_tape_boss4""},""probability"":7.5,""guaranteeDrop"":false,""guaranteeDropCount"":0,""conditions"":[]},{""item"":{""item"":""material_skin_fragment_c29_s4""},""probability"":50.0,""guaranteeDrop"":false,""guaranteeDropCount"":0,""conditions"":[]}]","[{""probability"":100.0,""randomOrder"":false,""Drops"":[{""item"":{""item"":""material_magic_black""},""probability"":14.0,""guaranteeDrop"":false,""guaranteeDropCount"":0,""conditions"":[]},{""item"":{""item"":""material_magic_blue""},""probability"":14.0,""guaranteeDrop"":false,""guaranteeDropCount"":0,""conditions"":[]},{""item"":{""item"":""material_magic_cyan""},""probability"":14.0,""guaranteeDrop"":false,""guaranteeDropCount"":0,""conditions"":[]},{""item"":{""item"":""material_magic_green""},""probability"":14.0,""guaranteeDrop"":false,""guaranteeDropCount"":0,""conditions"":[]},{""item"":{""item"":""material_magic_orange""},""probability"":14.0,""guaranteeDrop"":false,""guaranteeDropCount"":0,""conditions"":[]},{""item"":{""item"":""material_magic_purple""},""probability"":14.0,""guaranteeDrop"":false,""guaranteeDropCount"":0,""conditions"":[]},{""item"":{""item"":""material_magic_red""},""probability"":14.0,""guaranteeDrop"":false,""guaranteeDropCount"":0,""conditions"":[]}]},{""probability"":50.0,""randomOrder"":false,""Drops"":[{""item"":{""item"":""material_magic_black""},""probability"":14.0,""guaranteeDrop"":false,""guaranteeDropCount"":0,""conditions"":[]},{""item"":{""item"":""material_magic_blue""},""probability"":14.0,""guaranteeDrop"":false,""guaranteeDropCount"":0,""conditions"":[]},{""item"":{""item"":""material_magic_cyan""},""probability"":14.0,""guaranteeDrop"":false,""guaranteeDropCount"":0,""conditions"":[]},{""item"":{""item"":""material_magic_green""},""probability"":14.0,""guaranteeDrop"":false,""guaranteeDropCount"":0,""conditions"":[]},{""item"":{""item"":""material_magic_orange""},""probability"":14.0,""guaranteeDrop"":false,""guaranteeDropCount"":0,""conditions"":[]},{""item"":{""item"":""material_magic_purple""},""probability"":14.0,""guaranteeDrop"":false,""guaranteeDropCount"":0,""conditions"":[]},{""item"":{""item"":""material_magic_red""},""probability"":14.0,""guaranteeDrop"":false,""guaranteeDropCount"":0,""conditions"":[]}]}]"
boss_warlord_chariot,Level/4/A/Boss/boss_warlord/boss_warlord_chariot.prefab,boss/boss_warlord,4A,boss_warlord_chariot,True,False,"{}",100,7,0.5,0,False,,,,,,"{}",0,0,"[]","[]"
boss_warlord_eagle,Level/4/A/Boss/boss_warlord/boss_warlord_eagle.prefab,boss/boss_warlord,4A,boss_warlord_eagle,False,True,"{}",32,8,0.5,0,False,,,,,,"{}",0,0,"[]","[]"
boss_warlord_horse,Level/4/A/Boss/boss_warlord/boss_warlord_horse.prefab,boss/boss_warlord,4A,boss_warlord_horse,True,False,"{}",64,9,0.5,0,False,,,,,,"{}",0,0,"[]","[]"
boss_warlord_ox,Level/4/A/Boss/boss_warlord/boss_warlord_ox.prefab,boss/boss_warlord,4A,boss_warlord_ox,True,False,"{}",150,6,0.5,0,False,,,,,,"{}",0,0,"[]","[]"
dragon_priests,Level/4/A/Boss/boss_stone_dragon/dragon_priests/dragon_priests.prefab,boss/boss_stone_dragon,4A,,False,False,"{}",99999,0,0,0,False,,,,,,"{}",0,0,"[]","[]"
e_origin_stone,Level/4/A/Enemy/e_origin_stone/e_origin_stone.prefab,level/4/a,4A,e_origin_stone,False,False,"{""spriteAtlas"":""RGTexture/sprite_atlas/cellar.spriteatlasv2"",""sprite"":""enemy_list_3_17"",""tex"":""Assets/RGTexture/enemy/cellar/enemy_list_3.png""}",16,0,0.5,0,False,,,,,,"{}",0,0,"[]","[]"
e_stone_chariot,Level/4/A/Enemy/e_stone_chariot/e_stone_chariot.prefab,level/4/a,4A,e_stone_chariot,False,False,"{""spriteAtlas"":""RGTexture/sprite_atlas/cellar.spriteatlasv2"",""sprite"":""enemy_list_3_16"",""tex"":""Assets/RGTexture/enemy/cellar/enemy_list_3.png""}",100,7,0,0,False,,,,,,"{}",0,0,"[{""item"":{""item"":""material_iron""},""probability"":5.0,""guaranteeDrop"":false,""guaranteeDropCount"":0,""conditions"":[]},{""item"":{""item"":""material_gear""},""probability"":8.0,""guaranteeDrop"":false,""guaranteeDropCount"":0,""conditions"":[]}]","[]"
e_stone_dog,Level/4/A/Enemy/e_stone_dog/e_stone_dog.prefab,level/4/a,4A,e_stone_dog,False,False,"{""spriteAtlas"":""RGTexture/sprite_atlas/cellar.spriteatlasv2"",""sprite"":""enemy_list_3_14"",""tex"":""Assets/RGTexture/enemy/cellar/enemy_list_3.png""}",24,6,0,0,False,,,,,,"{}",0,0,"[{""item"":{""item"":""material_battery""},""probability"":3.0,""guaranteeDrop"":false,""guaranteeDropCount"":0,""conditions"":[]}]","[]"
e_stone_eagle,Level/4/A/Enemy/e_stone_eagle/e_stone_eagle.prefab,level/4/a,4A,e_stone_eagle,False,False,"{""spriteAtlas"":""RGTexture/sprite_atlas/cellar.spriteatlasv2"",""sprite"":""enemy_list_3_11"",""tex"":""Assets/RGTexture/enemy/cellar/enemy_list_3.png""}",16,8,0,0,False,,,,,,"{}",0,0,"[]","[]"
e_stone_horse,Level/4/A/Enemy/e_stone_horse/e_stone_horse.prefab,level/4/a,4A,e_stone_horse,False,False,"{""spriteAtlas"":""RGTexture/sprite_atlas/cellar.spriteatlasv2"",""sprite"":""enemy_list_3_15"",""tex"":""Assets/RGTexture/enemy/cellar/enemy_list_3.png""}",64,9,0,0,False,,,,,,"{}",0,0,"[{""item"":{""item"":""plant_lotus_seed""},""probability"":3.0,""guaranteeDrop"":false,""guaranteeDropCount"":0,""conditions"":[]},{""item"":{""item"":""material_battery""},""probability"":3.0,""guaranteeDrop"":false,""guaranteeDropCount"":0,""conditions"":[]}]","[]"
e_stone_man,Level/4/A/Enemy/e_stone_man/e_stone_man.prefab,level/4/a,4A,e_stone_man,False,False,"{""spriteAtlas"":""RGTexture/sprite_atlas/cellar.spriteatlasv2"",""sprite"":""enemy_list_3_13"",""tex"":""Assets/RGTexture/enemy/cellar/enemy_list_3.png""}",16,6,0,0,False,,,,,,"{}",0,0,"[{""item"":{""item"":""material_cell""},""probability"":6.0,""guaranteeDrop"":false,""guaranteeDropCount"":0,""conditions"":[]}]","[]"
e_stone_ox,Level/4/A/Enemy/e_stone_ox/e_stone_ox.prefab,level/4/a,4A,e_stone_ox,False,False,"{""spriteAtlas"":""RGTexture/sprite_atlas/cellar.spriteatlasv2"",""sprite"":""enemy_list_3_12"",""tex"":""Assets/RGTexture/enemy/cellar/enemy_list_3.png""}",150,6,0,0,False,,,,,,"{}",0,0,"[{""item"":{""item"":""material_iron""},""probability"":5.0,""guaranteeDrop"":false,""guaranteeDropCount"":0,""conditions"":[]},{""item"":{""item"":""material_gear""},""probability"":5.0,""guaranteeDrop"":false,""guaranteeDropCount"":0,""conditions"":[]},{""item"":{""item"":""plant_lotus_seed""},""probability"":3.0,""guaranteeDrop"":false,""guaranteeDropCount"":0,""conditions"":[]}]","[]"
enemy_hit_trigger,Level/4/A/Boss/boss_stone_dragon/dragon/enemy_hit_trigger.prefab,boss/boss_stone_dragon,4A,,False,False,"{}",99999,0,0,0,False,,,,,,"{}",0,0,"[]","[]"
ex_origin_stone,Level/4/A/Enemy/e_origin_stone/ex_origin_stone.prefab,level/4/a,4A,ex_origin_stone,False,True,"{}",16,0,0.5,0,False,,,,,,"{}",0,0,"[]","[]"
ex_stone_chariot,Level/4/A/Enemy/e_stone_chariot/ex_stone_chariot.prefab,level/4/a,4A,ex_stone_chariot,False,True,"{}",125,8,0.5,0,False,,,,,,"{}",0,0,"[{""item"":{""item"":""material_iron""},""probability"":5.0,""guaranteeDrop"":false,""guaranteeDropCount"":0,""conditions"":[]},{""item"":{""item"":""material_gear""},""probability"":8.0,""guaranteeDrop"":false,""guaranteeDropCount"":0,""conditions"":[]}]","[]"
ex_stone_dog,Level/4/A/Enemy/e_stone_dog/ex_stone_dog.prefab,level/4/a,4A,ex_stone_dog,False,True,"{}",48,6,0.5,0,False,,,,,,"{}",0,0,"[{""item"":{""item"":""material_battery""},""probability"":3.0,""guaranteeDrop"":false,""guaranteeDropCount"":0,""conditions"":[]}]","[]"
ex_stone_eagle,Level/4/A/Enemy/e_stone_eagle/ex_stone_eagle.prefab,level/4/a,4A,ex_stone_eagle,False,True,"{}",32,8,0.5,0,False,,,,,,"{}",0,0,"[]","[]"
ex_stone_horse,Level/4/A/Enemy/e_stone_horse/ex_stone_horse.prefab,level/4/a,4A,ex_stone_horse,False,True,"{}",96,9,0.5,0,False,,,,,,"{}",0,0,"[{""item"":{""item"":""plant_lotus_seed""},""probability"":3.0,""guaranteeDrop"":false,""guaranteeDropCount"":0,""conditions"":[]},{""item"":{""item"":""material_battery""},""probability"":3.0,""guaranteeDrop"":false,""guaranteeDropCount"":0,""conditions"":[]}]","[]"
ex_stone_man,Level/4/A/Enemy/e_stone_man/ex_stone_man.prefab,level/4/a,4A,ex_stone_man,False,True,"{}",32,6,0.5,0,False,,,,,,"{}",0,0,"[{""item"":{""item"":""material_cell""},""probability"":6.0,""guaranteeDrop"":false,""guaranteeDropCount"":0,""conditions"":[]}]","[]"
ex_stone_ox,Level/4/A/Enemy/e_stone_ox/ex_stone_ox.prefab,level/4/a,4A,ex_stone_ox,False,True,"{}",175,7,0.5,0,False,,,,,,"{}",0,0,"[{""item"":{""item"":""material_iron""},""probability"":5.0,""guaranteeDrop"":false,""guaranteeDropCount"":0,""conditions"":[]},{""item"":{""item"":""material_gear""},""probability"":5.0,""guaranteeDrop"":false,""guaranteeDropCount"":0,""conditions"":[]},{""item"":{""item"":""plant_lotus_seed""},""probability"":3.0,""guaranteeDrop"":false,""guaranteeDropCount"":0,""conditions"":[]}]","[]"
boss_dongzhuo,Level/4/B/Boss/boss_dongzhuo/boss_dongzhuo.prefab,boss/boss_dongzhuo,4B,boss_dongzhuo,False,False,"{""spriteAtlas"":""RGTexture/sprite_atlas/cellar.spriteatlasv2"",""sprite"":""boss_dongzhuo"",""tex"":""Assets/RGTexture/enemy/cellar/boss_dongzhuo.png""}",2000,6,0.5,0,True,,RGSound/bgm/bgm_4B_AncientBattlefield_boss_dongzhuo.mp3,Level/4/B/Boss/boss_dongzhuo/r4_boss4.prefab,weapon_384,,"{""boss_lijue"":10,""boss_huaxiong"":10}",0,0,"[{""item"":{""item"":""material_cell""},""probability"":150.0,""guaranteeDrop"":false,""guaranteeDropCount"":0,""conditions"":[]},{""item"":{""item"":""material_wood""},""probability"":175.0,""guaranteeDrop"":false,""guaranteeDropCount"":0,""conditions"":[]}]","[{""probability"":100.0,""randomOrder"":false,""Drops"":[{""item"":{""item"":""material_magic_black""},""probability"":14.0,""guaranteeDrop"":false,""guaranteeDropCount"":0,""conditions"":[]},{""item"":{""item"":""material_magic_blue""},""probability"":14.0,""guaranteeDrop"":false,""guaranteeDropCount"":0,""conditions"":[]},{""item"":{""item"":""material_magic_cyan""},""probability"":14.0,""guaranteeDrop"":false,""guaranteeDropCount"":0,""conditions"":[]},{""item"":{""item"":""material_magic_green""},""probability"":14.0,""guaranteeDrop"":false,""guaranteeDropCount"":0,""conditions"":[]},{""item"":{""item"":""material_magic_orange""},""probability"":14.0,""guaranteeDrop"":false,""guaranteeDropCount"":0,""conditions"":[]},{""item"":{""item"":""material_magic_purple""},""probability"":14.0,""guaranteeDrop"":false,""guaranteeDropCount"":0,""conditions"":[]},{""item"":{""item"":""material_magic_red""},""probability"":14.0,""guaranteeDrop"":false,""guaranteeDropCount"":0,""conditions"":[]}]},{""probability"":50.0,""randomOrder"":false,""Drops"":[{""item"":{""item"":""material_magic_black""},""probability"":14.0,""guaranteeDrop"":false,""guaranteeDropCount"":0,""conditions"":[]},{""item"":{""item"":""material_magic_blue""},""probability"":14.0,""guaranteeDrop"":false,""guaranteeDropCount"":0,""conditions"":[]},{""item"":{""item"":""material_magic_cyan""},""probability"":14.0,""guaranteeDrop"":false,""guaranteeDropCount"":0,""conditions"":[]},{""item"":{""item"":""material_magic_green""},""probability"":14.0,""guaranteeDrop"":false,""guaranteeDropCount"":0,""conditions"":[]},{""item"":{""item"":""material_magic_orange""},""probability"":14.0,""guaranteeDrop"":false,""guaranteeDropCount"":0,""conditions"":[]},{""item"":{""item"":""material_magic_purple""},""probability"":14.0,""guaranteeDrop"":false,""guaranteeDropCount"":0,""conditions"":[]},{""item"":{""item"":""material_magic_red""},""probability"":14.0,""guaranteeDrop"":false,""guaranteeDropCount"":0,""conditions"":[]}]}]"
boss_dongzhuo_barrel,Level/4/B/Boss/boss_dongzhuo/prefab/boss_dongzhuo_barrel.prefab,boss/boss_dongzhuo,4B,boss_dongzhuo_barrel,True,False,"{}",20,0,0,0,False,,,,,,"{}",0,0,"[]","[]"
boss_dongzhuo_girl_0,Level/4/B/Boss/boss_dongzhuo/prefab/boss_dongzhuo_girl_0.prefab,boss/boss_dongzhuo,4B,boss_dongzhuo_girl_0,True,False,"{}",20,0,0,0,False,,,,,,"{}",0,0,"[]","[]"
boss_dongzhuo_girl_1,Level/4/B/Boss/boss_dongzhuo/prefab/boss_dongzhuo_girl_1.prefab,boss/boss_dongzhuo,4B,boss_dongzhuo_girl_1,True,False,"{}",20,0,0,0,False,,,,,,"{}",0,0,"[]","[]"
boss_dongzhuo_shield_guard,Level/4/B/Boss/boss_dongzhuo/prefab/boss_dongzhuo_shield_guard.prefab,boss/boss_dongzhuo,4B,boss_dongzhuo_shield_guard,True,False,"{}",20,0,0,0,False,,,,,,"{}",0,0,"[]","[]"
boss_huaxiong,Level/4/B/Boss/boss_huaxiong/boss_huaxiong.prefab,boss/boss_huaxiong,4B,boss_huaxiong,False,False,"{""spriteAtlas"":""RGTexture/sprite_atlas/cellar.spriteatlasv2"",""sprite"":""boss_huaxiong"",""tex"":""Assets/RGTexture/enemy/cellar/boss_huaxiong.png""}",1000,6,0.5,0,True,,RGSound/bgm/bgm_4B_AncientBattlefield_boss_b18.mp3,Level/4/B/Boss/boss_huaxiong/r4_boss4_lower.prefab,,,"{""boss_lijue"":10}",0,0,"[]","[{""probability"":100.0,""randomOrder"":false,""Drops"":[{""item"":{""item"":""material_magic_black""},""probability"":14.0,""guaranteeDrop"":false,""guaranteeDropCount"":0,""conditions"":[]},{""item"":{""item"":""material_magic_blue""},""probability"":14.0,""guaranteeDrop"":false,""guaranteeDropCount"":0,""conditions"":[]},{""item"":{""item"":""material_magic_cyan""},""probability"":14.0,""guaranteeDrop"":false,""guaranteeDropCount"":0,""conditions"":[]},{""item"":{""item"":""material_magic_green""},""probability"":14.0,""guaranteeDrop"":false,""guaranteeDropCount"":0,""conditions"":[]},{""item"":{""item"":""material_magic_orange""},""probability"":14.0,""guaranteeDrop"":false,""guaranteeDropCount"":0,""conditions"":[]},{""item"":{""item"":""material_magic_purple""},""probability"":14.0,""guaranteeDrop"":false,""guaranteeDropCount"":0,""conditions"":[]},{""item"":{""item"":""material_magic_red""},""probability"":14.0,""guaranteeDrop"":false,""guaranteeDropCount"":0,""conditions"":[]}]},{""probability"":100.0,""randomOrder"":false,""Drops"":[{""item"":{""item"":""material_magic_black""},""probability"":14.0,""guaranteeDrop"":false,""guaranteeDropCount"":0,""conditions"":[]},{""item"":{""item"":""material_magic_blue""},""probability"":14.0,""guaranteeDrop"":false,""guaranteeDropCount"":0,""conditions"":[]},{""item"":{""item"":""material_magic_cyan""},""probability"":14.0,""guaranteeDrop"":false,""guaranteeDropCount"":0,""conditions"":[]},{""item"":{""item"":""material_magic_green""},""probability"":14.0,""guaranteeDrop"":false,""guaranteeDropCount"":0,""conditions"":[]},{""item"":{""item"":""material_magic_orange""},""probability"":14.0,""guaranteeDrop"":false,""guaranteeDropCount"":0,""conditions"":[]},{""item"":{""item"":""material_magic_purple""},""probability"":14.0,""guaranteeDrop"":false,""guaranteeDropCount"":0,""conditions"":[]},{""item"":{""item"":""material_magic_red""},""probability"":14.0,""guaranteeDrop"":false,""guaranteeDropCount"":0,""conditions"":[]}]},{""probability"":50.0,""randomOrder"":false,""Drops"":[{""item"":{""item"":""material_magic_black""},""probability"":14.0,""guaranteeDrop"":false,""guaranteeDropCount"":0,""conditions"":[]},{""item"":{""item"":""material_magic_blue""},""probability"":14.0,""guaranteeDrop"":false,""guaranteeDropCount"":0,""conditions"":[]},{""item"":{""item"":""material_magic_cyan""},""probability"":14.0,""guaranteeDrop"":false,""guaranteeDropCount"":0,""conditions"":[]},{""item"":{""item"":""material_magic_green""},""probability"":14.0,""guaranteeDrop"":false,""guaranteeDropCount"":0,""conditions"":[]},{""item"":{""item"":""material_magic_orange""},""probability"":14.0,""guaranteeDrop"":false,""guaranteeDropCount"":0,""conditions"":[]},{""item"":{""item"":""material_magic_purple""},""probability"":14.0,""guaranteeDrop"":false,""guaranteeDropCount"":0,""conditions"":[]},{""item"":{""item"":""material_magic_red""},""probability"":14.0,""guaranteeDrop"":false,""guaranteeDropCount"":0,""conditions"":[]}]}]"
boss_lijue,Level/4/B/Boss/boss_lijue/boss_lijue.prefab,boss/boss_lijue,4B,boss_lijue,False,False,"{""spriteAtlas"":""RGTexture/sprite_atlas/cellar.spriteatlasv2"",""sprite"":""boss_lijue"",""tex"":""Assets/RGTexture/enemy/cellar/boss_lijue.png""}",1000,5,0,0,True,,RGSound/bgm/bgm_4B_AncientBattlefield_boss_b18.mp3,Level/4/B/Boss/boss_lijue/r4_boss5_lower.prefab,,,"{""boss_huaxiong"":10}",0,0,"[]","[{""probability"":100.0,""randomOrder"":false,""Drops"":[{""item"":{""item"":""material_magic_black""},""probability"":14.0,""guaranteeDrop"":false,""guaranteeDropCount"":0,""conditions"":[]},{""item"":{""item"":""material_magic_blue""},""probability"":14.0,""guaranteeDrop"":false,""guaranteeDropCount"":0,""conditions"":[]},{""item"":{""item"":""material_magic_cyan""},""probability"":14.0,""guaranteeDrop"":false,""guaranteeDropCount"":0,""conditions"":[]},{""item"":{""item"":""material_magic_green""},""probability"":14.0,""guaranteeDrop"":false,""guaranteeDropCount"":0,""conditions"":[]},{""item"":{""item"":""material_magic_orange""},""probability"":14.0,""guaranteeDrop"":false,""guaranteeDropCount"":0,""conditions"":[]},{""item"":{""item"":""material_magic_purple""},""probability"":14.0,""guaranteeDrop"":false,""guaranteeDropCount"":0,""conditions"":[]},{""item"":{""item"":""material_magic_red""},""probability"":14.0,""guaranteeDrop"":false,""guaranteeDropCount"":0,""conditions"":[]}]},{""probability"":100.0,""randomOrder"":false,""Drops"":[{""item"":{""item"":""material_magic_black""},""probability"":14.0,""guaranteeDrop"":false,""guaranteeDropCount"":0,""conditions"":[]},{""item"":{""item"":""material_magic_blue""},""probability"":14.0,""guaranteeDrop"":false,""guaranteeDropCount"":0,""conditions"":[]},{""item"":{""item"":""material_magic_cyan""},""probability"":14.0,""guaranteeDrop"":false,""guaranteeDropCount"":0,""conditions"":[]},{""item"":{""item"":""material_magic_green""},""probability"":14.0,""guaranteeDrop"":false,""guaranteeDropCount"":0,""conditions"":[]},{""item"":{""item"":""material_magic_orange""},""probability"":14.0,""guaranteeDrop"":false,""guaranteeDropCount"":0,""conditions"":[]},{""item"":{""item"":""material_magic_purple""},""probability"":14.0,""guaranteeDrop"":false,""guaranteeDropCount"":0,""conditions"":[]},{""item"":{""item"":""material_magic_red""},""probability"":14.0,""guaranteeDrop"":false,""guaranteeDropCount"":0,""conditions"":[]}]},{""probability"":50.0,""randomOrder"":false,""Drops"":[{""item"":{""item"":""material_magic_black""},""probability"":14.0,""guaranteeDrop"":false,""guaranteeDropCount"":0,""conditions"":[]},{""item"":{""item"":""material_magic_blue""},""probability"":14.0,""guaranteeDrop"":false,""guaranteeDropCount"":0,""conditions"":[]},{""item"":{""item"":""material_magic_cyan""},""probability"":14.0,""guaranteeDrop"":false,""guaranteeDropCount"":0,""conditions"":[]},{""item"":{""item"":""material_magic_green""},""probability"":14.0,""guaranteeDrop"":false,""guaranteeDropCount"":0,""conditions"":[]},{""item"":{""item"":""material_magic_orange""},""probability"":14.0,""guaranteeDrop"":false,""guaranteeDropCount"":0,""conditions"":[]},{""item"":{""item"":""material_magic_purple""},""probability"":14.0,""guaranteeDrop"":false,""guaranteeDropCount"":0,""conditions"":[]},{""item"":{""item"":""material_magic_red""},""probability"":14.0,""guaranteeDrop"":false,""guaranteeDropCount"":0,""conditions"":[]}]}]"
boss_lvbu,Level/4/B/Boss/boss_lvbu/boss_lvbu.prefab,boss/boss_lvbu,4B,boss_lvbu,False,False,"{""spriteAtlas"":""RGTexture/sprite_atlas/cellar.spriteatlasv2"",""sprite"":""boss_lvbu"",""tex"":""Assets/RGTexture/enemy/cellar/boss_lvbu.png""}",2000,6,0.5,0,True,,RGSound/bgm/bgm_4B_AncientBattlefield_boss_lvbu.mp3,Level/4/B/Boss/boss_lvbu/r4_boss5.prefab,,,"{""boss_lijue"":10,""boss_huaxiong"":10}",0,0,"[{""item"":{""item"":""material_battery""},""probability"":150.0,""guaranteeDrop"":false,""guaranteeDropCount"":0,""conditions"":[]},{""item"":{""item"":""material_gear""},""probability"":175.0,""guaranteeDrop"":false,""guaranteeDropCount"":0,""conditions"":[]},{""item"":{""item"":""blueprint_weapon_385""},""probability"":20.0,""guaranteeDrop"":true,""guaranteeDropCount"":5,""conditions"":[]}]","[{""probability"":100.0,""randomOrder"":false,""Drops"":[{""item"":{""item"":""material_magic_black""},""probability"":14.0,""guaranteeDrop"":false,""guaranteeDropCount"":0,""conditions"":[]},{""item"":{""item"":""material_magic_blue""},""probability"":14.0,""guaranteeDrop"":false,""guaranteeDropCount"":0,""conditions"":[]},{""item"":{""item"":""material_magic_cyan""},""probability"":14.0,""guaranteeDrop"":false,""guaranteeDropCount"":0,""conditions"":[]},{""item"":{""item"":""material_magic_green""},""probability"":14.0,""guaranteeDrop"":false,""guaranteeDropCount"":0,""conditions"":[]},{""item"":{""item"":""material_magic_orange""},""probability"":14.0,""guaranteeDrop"":false,""guaranteeDropCount"":0,""conditions"":[]},{""item"":{""item"":""material_magic_purple""},""probability"":14.0,""guaranteeDrop"":false,""guaranteeDropCount"":0,""conditions"":[]},{""item"":{""item"":""material_magic_red""},""probability"":14.0,""guaranteeDrop"":false,""guaranteeDropCount"":0,""conditions"":[]}]},{""probability"":50.0,""randomOrder"":false,""Drops"":[{""item"":{""item"":""material_magic_black""},""probability"":14.0,""guaranteeDrop"":false,""guaranteeDropCount"":0,""conditions"":[]},{""item"":{""item"":""material_magic_blue""},""probability"":14.0,""guaranteeDrop"":false,""guaranteeDropCount"":0,""conditions"":[]},{""item"":{""item"":""material_magic_cyan""},""probability"":14.0,""guaranteeDrop"":false,""guaranteeDropCount"":0,""conditions"":[]},{""item"":{""item"":""material_magic_green""},""probability"":14.0,""guaranteeDrop"":false,""guaranteeDropCount"":0,""conditions"":[]},{""item"":{""item"":""material_magic_orange""},""probability"":14.0,""guaranteeDrop"":false,""guaranteeDropCount"":0,""conditions"":[]},{""item"":{""item"":""material_magic_purple""},""probability"":14.0,""guaranteeDrop"":false,""guaranteeDropCount"":0,""conditions"":[]},{""item"":{""item"":""material_magic_red""},""probability"":14.0,""guaranteeDrop"":false,""guaranteeDropCount"":0,""conditions"":[]}]}]"
e_mob0,Level/4/B/Enemy/e_mob0/e_mob0.prefab,level/4/b,4B,e_mob0,False,False,"{""spriteAtlas"":""RGTexture/sprite_atlas/cellar.spriteatlasv2"",""sprite"":""e_mob0"",""tex"":""Assets/RGTexture/enemy/cellar/e_mob0.png""}",16,6,0.5,0,False,,,,,,"{}",0,0,"[]","[]"
e_mob1,Level/4/B/Enemy/e_mob1/e_mob1.prefab,level/4/b,4B,e_mob1,False,False,"{""spriteAtlas"":""RGTexture/sprite_atlas/cellar.spriteatlasv2"",""sprite"":""e_mob1"",""tex"":""Assets/RGTexture/enemy/cellar/e_mob1.png""}",16,6,0.5,0,False,,,,,,"{}",0,0,"[]","[]"
e_mob2,Level/4/B/Enemy/e_mob2/e_mob2.prefab,level/4/b,4B,e_mob2,False,False,"{""spriteAtlas"":""RGTexture/sprite_atlas/cellar.spriteatlasv2"",""sprite"":""e_mob2"",""tex"":""Assets/RGTexture/enemy/cellar/e_mob2.png""}",16,6,0.5,0,False,,,,,,"{}",0,0,"[{""item"":{""item"":""material_cell""},""probability"":5.0,""guaranteeDrop"":false,""guaranteeDropCount"":0,""conditions"":[]},{""item"":{""item"":""material_iron""},""probability"":5.0,""guaranteeDrop"":false,""guaranteeDropCount"":0,""conditions"":[]}]","[]"
e_mob3,Level/4/B/Enemy/e_mob3/e_mob3.prefab,level/4/b,4B,e_mob3,False,False,"{""spriteAtlas"":""RGTexture/sprite_atlas/cellar.spriteatlasv2"",""sprite"":""e_mob3"",""tex"":""Assets/RGTexture/enemy/cellar/e_mob3.png""}",16,6,0.5,0,False,,,,,,"{}",0,0,"[{""item"":{""item"":""material_wood""},""probability"":6.0,""guaranteeDrop"":false,""guaranteeDropCount"":0,""conditions"":[]}]","[]"
e_mob4,Level/4/B/Enemy/e_mob4/e_mob4.prefab,level/4/b,4B,e_mob4,False,False,"{""spriteAtlas"":""RGTexture/sprite_atlas/cellar.spriteatlasv2"",""sprite"":""e_mob4"",""tex"":""Assets/RGTexture/enemy/cellar/e_mob4.png""}",16,6,0.5,0,False,,,,,,"{}",0,0,"[{""item"":{""item"":""material_battery""},""probability"":6.0,""guaranteeDrop"":false,""guaranteeDropCount"":0,""conditions"":[]}]","[]"
e_mob5,Level/4/B/Enemy/e_mob5/e_mob5.prefab,level/4/b,4B,e_mob5,False,False,"{""spriteAtlas"":""RGTexture/sprite_atlas/cellar.spriteatlasv2"",""sprite"":""e_mob5"",""tex"":""Assets/RGTexture/enemy/cellar/e_mob5.png""}",16,6,0.5,0,False,,,,,,"{}",0,0,"[{""item"":{""item"":""material_wood""},""probability"":6.0,""guaranteeDrop"":false,""guaranteeDropCount"":0,""conditions"":[]}]","[]"
ex_mob0,Level/4/B/Enemy/e_mob0/ex_mob0.prefab,level/4/b,4B,ex_mob0,False,False,"{}",16,6,0.5,0,False,,,,,,"{}",0,0,"[]","[]"
ex_mob1,Level/4/B/Enemy/e_mob1/ex_mob1.prefab,level/4/b,4B,ex_mob1,False,False,"{}",16,6,0.5,0,False,,,,,,"{}",0,0,"[]","[]"
ex_mob2,Level/4/B/Enemy/e_mob2/ex_mob2.prefab,level/4/b,4B,ex_mob2,False,False,"{}",16,6,0.5,0,False,,,,,,"{}",0,0,"[]","[]"
ex_mob3,Level/4/B/Enemy/e_mob3/ex_mob3.prefab,level/4/b,4B,ex_mob3,False,False,"{}",16,6,0.5,0,False,,,,,,"{}",0,0,"[]","[]"
ex_mob4,Level/4/B/Enemy/e_mob4/ex_mob4.prefab,level/4/b,4B,ex_mob4,False,False,"{}",16,6,0.5,0,False,,,,,,"{}",0,0,"[]","[]"
ex_mob5,Level/4/B/Enemy/e_mob5/ex_mob5.prefab,level/4/b,4B,ex_mob5,False,False,"{}",16,6,0.5,0,False,,,,,,"{}",0,0,"[]","[]"
boss_abyssal_submariner,Level/4/C/Boss/boss_abyssal_submariner/boss_abyssal_submariner.prefab,boss/boss_abyssal_submariner,4C,boss_abyssal_submariner,False,False,"{""spriteAtlas"":""RGTexture/sprite_atlas/cellar.spriteatlasv2"",""sprite"":""enemy_list_3_19"",""tex"":""Assets/RGTexture/enemy/cellar/enemy_list_3.png""}",2300,5,0,0,True,,RGSound/bgm/bgm_4c_Seabed_boss_abyssalSubmariner.mp3,Level/4/C/Boss/boss_abyssal_submariner/r4_boss_abyssal_submariner.prefab,weapon_389,,"{""boss_robot_queen"":10,""boss01"":10,""boss01_2"":10,""boss02"":10,""boss20"":10,""boss03"":10,""boss04"":20,""boss15"":0,""boss16"":0,""boss24"":0,""boss27"":0,""boss26"":0,""boss_robot_king"":10}",0,0,"[{""item"":{""item"":""material_iron""},""probability"":150.0,""guaranteeDrop"":false,""guaranteeDropCount"":0,""conditions"":[]},{""item"":{""item"":""material_gear""},""probability"":175.0,""guaranteeDrop"":false,""guaranteeDropCount"":0,""conditions"":[]},{""item"":{""item"":""material_skin_fragment_c3_s23""},""probability"":50.0,""guaranteeDrop"":true,""guaranteeDropCount"":2,""conditions"":[]}]","[{""probability"":100.0,""randomOrder"":false,""Drops"":[{""item"":{""item"":""material_magic_black""},""probability"":14.0,""guaranteeDrop"":false,""guaranteeDropCount"":0,""conditions"":[]},{""item"":{""item"":""material_magic_blue""},""probability"":14.0,""guaranteeDrop"":false,""guaranteeDropCount"":0,""conditions"":[]},{""item"":{""item"":""material_magic_cyan""},""probability"":14.0,""guaranteeDrop"":false,""guaranteeDropCount"":0,""conditions"":[]},{""item"":{""item"":""material_magic_green""},""probability"":14.0,""guaranteeDrop"":false,""guaranteeDropCount"":0,""conditions"":[]},{""item"":{""item"":""material_magic_orange""},""probability"":14.0,""guaranteeDrop"":false,""guaranteeDropCount"":0,""conditions"":[]},{""item"":{""item"":""material_magic_purple""},""probability"":14.0,""guaranteeDrop"":false,""guaranteeDropCount"":0,""conditions"":[]},{""item"":{""item"":""material_magic_red""},""probability"":14.0,""guaranteeDrop"":false,""guaranteeDropCount"":0,""conditions"":[]}]},{""probability"":50.0,""randomOrder"":false,""Drops"":[{""item"":{""item"":""material_magic_black""},""probability"":14.0,""guaranteeDrop"":false,""guaranteeDropCount"":0,""conditions"":[]},{""item"":{""item"":""material_magic_blue""},""probability"":14.0,""guaranteeDrop"":false,""guaranteeDropCount"":0,""conditions"":[]},{""item"":{""item"":""material_magic_cyan""},""probability"":14.0,""guaranteeDrop"":false,""guaranteeDropCount"":0,""conditions"":[]},{""item"":{""item"":""material_magic_green""},""probability"":14.0,""guaranteeDrop"":false,""guaranteeDropCount"":0,""conditions"":[]},{""item"":{""item"":""material_magic_orange""},""probability"":14.0,""guaranteeDrop"":false,""guaranteeDropCount"":0,""conditions"":[]},{""item"":{""item"":""material_magic_purple""},""probability"":14.0,""guaranteeDrop"":false,""guaranteeDropCount"":0,""conditions"":[]},{""item"":{""item"":""material_magic_red""},""probability"":14.0,""guaranteeDrop"":false,""guaranteeDropCount"":0,""conditions"":[]}]}]"
boss_abyssal_submariner_mob0,Level/4/C/Boss/boss_abyssal_submariner/summon/boss_abyssal_submariner_mob0.prefab,boss/boss_abyssal_submariner,4C,e_seabed_mob0,False,False,"{""spriteAtlas"":""RGTexture/sprite_atlas/cellar.spriteatlasv2"",""sprite"":""e_seabed_mob0"",""tex"":""Assets/RGTexture/enemy/cellar/e_seabed_mob0.png""}",16,6,0.5,0,False,,,,,,"{}",0,0,"[]","[]"
boss_abyssal_submariner_mob1,Level/4/C/Boss/boss_abyssal_submariner/summon/boss_abyssal_submariner_mob1.prefab,boss/boss_abyssal_submariner,4C,e_seabed_mob1,False,False,"{""spriteAtlas"":""RGTexture/sprite_atlas/cellar.spriteatlasv2"",""sprite"":""e_seabed_mob1"",""tex"":""Assets/RGTexture/enemy/cellar/e_seabed_mob1.png""}",16,6,0.5,0,False,,,,,,"{}",0,0,"[]","[]"
e_seabed_mob0,Level/4/C/Enemy/e_seabed_mob0/e_seabed_mob0.prefab,level/4/c,4C,e_seabed_mob0,False,False,"{""spriteAtlas"":""RGTexture/sprite_atlas/cellar.spriteatlasv2"",""sprite"":""e_seabed_mob0"",""tex"":""Assets/RGTexture/enemy/cellar/e_seabed_mob0.png""}",16,6,0.5,0,False,,,,,,"{}",0,0,"[]","[]"
e_seabed_mob1,Level/4/C/Enemy/e_seabed_mob1/e_seabed_mob1.prefab,level/4/c,4C,e_seabed_mob1,False,False,"{""spriteAtlas"":""RGTexture/sprite_atlas/cellar.spriteatlasv2"",""sprite"":""e_seabed_mob1"",""tex"":""Assets/RGTexture/enemy/cellar/e_seabed_mob1.png""}",16,6,0.5,0,False,,,,,,"{}",0,0,"[{""item"":{""item"":""material_wood""},""probability"":3.0,""guaranteeDrop"":false,""guaranteeDropCount"":0,""conditions"":[]}]","[]"
e_seabed_mob2,Level/4/C/Enemy/e_seabed_mob2/e_seabed_mob2.prefab,level/4/c,4C,e_seabed_mob2,False,False,"{""spriteAtlas"":""RGTexture/sprite_atlas/cellar.spriteatlasv2"",""sprite"":""e_seabed_mob2"",""tex"":""Assets/RGTexture/enemy/cellar/e_seabed_mob2.png""}",16,6,0.5,0,False,,,,,,"{}",0,0,"[{""item"":{""item"":""material_iron""},""probability"":3.0,""guaranteeDrop"":false,""guaranteeDropCount"":0,""conditions"":[]}]","[]"
e_seabed_mob3,Level/4/C/Enemy/e_seabed_mob3/e_seabed_mob3.prefab,level/4/c,4C,e_seabed_mob3,False,False,"{""spriteAtlas"":""RGTexture/sprite_atlas/cellar.spriteatlasv2"",""sprite"":""e_seabed_mob3"",""tex"":""Assets/RGTexture/enemy/cellar/e_seabed_mob3.png""}",16,6,0.5,0,False,,,,,,"{}",0,0,"[{""item"":{""item"":""material_cell""},""probability"":6.0,""guaranteeDrop"":false,""guaranteeDropCount"":0,""conditions"":[]}]","[]"
e_seabed_mob4,Level/4/C/Enemy/e_seabed_mob4/e_seabed_mob4.prefab,level/4/c,4C,e_seabed_mob4,False,False,"{""spriteAtlas"":""RGTexture/sprite_atlas/cellar.spriteatlasv2"",""sprite"":""e_seabed_mob4"",""tex"":""Assets/RGTexture/enemy/cellar/e_seabed_mob4.png""}",16,6,0.5,0,False,,,,,,"{}",0,0,"[{""item"":{""item"":""material_cell""},""probability"":6.0,""guaranteeDrop"":false,""guaranteeDropCount"":0,""conditions"":[]}]","[]"
e_seabed_mob5,Level/4/C/Enemy/e_seabed_mob5/e_seabed_mob5.prefab,level/4/c,4C,e_seabed_mob5,False,False,"{""spriteAtlas"":""RGTexture/sprite_atlas/cellar.spriteatlasv2"",""sprite"":""e_seabed_mob5"",""tex"":""Assets/RGTexture/enemy/cellar/e_seabed_mob5.png""}",16,6,0.5,0,False,,,,,,"{}",0,0,"[{""item"":{""item"":""material_cell""},""probability"":6.0,""guaranteeDrop"":false,""guaranteeDropCount"":0,""conditions"":[]}]","[]"
ex_seabed_mob0,Level/4/C/Enemy/e_seabed_mob0/ex_seabed_mob0.prefab,level/4/c,4C,ex_seabed_mob0,False,False,"{}",16,6,0.5,0,False,,,,,,"{}",0,0,"[]","[]"
ex_seabed_mob1,Level/4/C/Enemy/e_seabed_mob1/ex_seabed_mob1.prefab,level/4/c,4C,ex_seabed_mob1,False,False,"{}",16,6,0.5,0,False,,,,,,"{}",0,0,"[]","[]"
ex_seabed_mob2,Level/4/C/Enemy/e_seabed_mob2/ex_seabed_mob2.prefab,level/4/c,4C,ex_seabed_mob2,False,False,"{}",16,6,0.5,0,False,,,,,,"{}",0,0,"[]","[]"
ex_seabed_mob3,Level/4/C/Enemy/e_seabed_mob3/ex_seabed_mob3.prefab,level/4/c,4C,ex_seabed_mob3,False,False,"{}",16,6,0.5,0,False,,,,,,"{}",0,0,"[]","[]"
ex_seabed_mob4,Level/4/C/Enemy/e_seabed_mob4/ex_seabed_mob4.prefab,level/4/c,4C,ex_seabed_mob4,False,False,"{}",16,6,0.5,0,False,,,,,,"{}",0,0,"[]","[]"
ex_seabed_mob5,Level/4/C/Enemy/e_seabed_mob5/ex_seabed_mob5.prefab,level/4/c,4C,ex_seabed_mob5,False,False,"{}",16,6,0.5,0,False,,,,,,"{}",0,0,"[]","[]"
boss_mist_witch,RGPrefab/Enemy/aram/boss_mist_witch.prefab,aram/enemy,,boss_mist_witch,False,False,"{}",0,0,0,0,True,,,,,,"{}",0,0,"[]","[]"
boss_noc_walker,RGPrefab/Enemy/aram/boss_noc_walker.prefab,aram/enemy,,boss_noc_walker,False,False,"{}",0,0,0,0,True,,,,,,"{}",0,0,"[]","[]"
boss_treant_king,RGPrefab/Enemy/aram/boss_treant_king.prefab,aram/enemy,,boss_treant_king,False,False,"{}",0,0,0,0,True,,,,,,"{}",0,0,"[]","[]"
boss_werewolf,RGPrefab/Enemy/aram/boss_werewolf.prefab,aram/enemy,,boss_werewolf,False,False,"{}",1000,7,0,0,True,,,,,,"{}",0,0,"[]","[]"
e_aram_alien01,RGPrefab/Enemy/aram/e_aram_alien01.prefab,aram/enemy,,e_aram_alien01,False,False,"{}",25,5,0,0,False,,,,,,"{}",0,0,"[]","[]"
e_aram_alien02,RGPrefab/Enemy/aram/e_aram_alien02.prefab,aram/enemy,,e_aram_alien02,False,False,"{}",25,5,0,0,False,,,,,,"{}",0,0,"[]","[]"
e_aram_alien03,RGPrefab/Enemy/aram/e_aram_alien03.prefab,aram/enemy,,e_aram_alien03,False,False,"{}",30,5,0,0,False,,,,,,"{}",0,0,"[]","[]"
e_aram_boar01,RGPrefab/Enemy/aram/e_aram_boar01.prefab,aram/enemy,,e_aram_boar01,False,False,"{}",8,3,0,0,False,,,,,,"{}",0,0,"[]","[]"
e_aram_boar02,RGPrefab/Enemy/aram/e_aram_boar02.prefab,aram/enemy,,e_aram_boar02,False,False,"{}",10,3,0,0,False,,,,,,"{}",0,0,"[]","[]"
e_aram_bomber_man,RGPrefab/Enemy/aram/e_aram_bomber_man.prefab,aram/enemy,,e_bomber_man,False,False,"{}",30,7,0,0,False,,,,,,"{}",0,0,"[]","[]"
e_aram_fireknight02,RGPrefab/Enemy/aram/e_aram_fireknight02.prefab,aram/enemy,,e_aram_fireknight02,False,False,"{}",36,5,0,0,False,,,,,,"{}",0,0,"[]","[]"
e_aram_fireknight03,RGPrefab/Enemy/aram/e_aram_fireknight03.prefab,aram/enemy,,e_aram_fireknight03,False,False,"{}",70,4,0,0,False,,,,,,"{}",0,0,"[]","[]"
e_aram_golem01,RGPrefab/Enemy/aram/e_aram_golem01.prefab,aram/enemy,,e_aram_golem01,False,False,"{}",28,4,0,0,False,,,,,,"{}",0,0,"[]","[]"
e_aram_golem02,RGPrefab/Enemy/aram/e_aram_golem02.prefab,aram/enemy,,e_aram_golem02,False,False,"{}",28,4,0,0,False,,,,,,"{}",0,0,"[]","[]"
e_aram_monkey02,RGPrefab/Enemy/aram/e_aram_monkey02.prefab,aram/enemy,,e_aram_monkey02,False,False,"{}",9,8,0,0,False,,,,,,"{}",0,0,"[]","[]"
e_aram_monkey03,RGPrefab/Enemy/aram/e_aram_monkey03.prefab,aram/enemy,,e_aram_monkey03,False,False,"{}",14,6,0,0,False,,,,,,"{}",0,0,"[]","[]"
e_aram_monkey04,RGPrefab/Enemy/aram/e_aram_monkey04.prefab,aram/enemy,,e_aram_monkey04,False,False,"{}",14,6,0,0,False,,,,,,"{}",0,0,"[]","[]"
e_aram_orc01,RGPrefab/Enemy/aram/e_aram_orc01.prefab,aram/enemy,,e_aram_orc01,False,False,"{}",8,4,0,0,False,,,,,,"{}",0,0,"[]","[]"
e_aram_orc02,RGPrefab/Enemy/aram/e_aram_orc02.prefab,aram/enemy,,e_aram_orc02,False,False,"{}",8,5,0,0,False,,,,,,"{}",0,0,"[]","[]"
e_aram_snow_monster,RGPrefab/Enemy/aram/e_aram_snow_monster.prefab,aram/enemy,,e_aram_snow_monster,False,False,"{}",18,8,0,0,False,,,,,,"{}",0,0,"[]","[]"
e_aram_succulent,RGPrefab/Enemy/aram/e_aram_succulent.prefab,aram/enemy,,e_aram_succulent,False,False,"{}",8,4,0,0,False,,,,,,"{}",0,0,"[]","[]"
e_aram_swampArtist,RGPrefab/Enemy/aram/e_aram_swampArtist.prefab,aram/enemy,,e_aram_swampArtist,False,False,"{}",24,5,0,0,False,,,,,,"{}",0,0,"[]","[]"
e_aram_swampOrc02,RGPrefab/Enemy/aram/e_aram_swampOrc02.prefab,aram/enemy,,e_aram_swampOrc02,False,False,"{}",9,5,0,0,False,,,,,,"{}",0,0,"[]","[]"
e_aram_swampOrc07,RGPrefab/Enemy/aram/e_aram_swampOrc07.prefab,aram/enemy,,e_aram_swampOrc07,False,False,"{}",24,4,0,0,False,,,,,,"{}",0,0,"[]","[]"
e_aram_swampOrc08,RGPrefab/Enemy/aram/e_aram_swampOrc08.prefab,aram/enemy,,e_aram_swampOrc08,False,False,"{}",50,3,0,0,False,,,,,,"{}",0,0,"[]","[]"
e_aram_swampRider01,RGPrefab/Enemy/aram/e_aram_swampRider01.prefab,aram/enemy,,e_aram_swampRider01,False,False,"{}",31,3,0,0,False,,,,,,"{}",0,0,"[]","[]"
e_aram_swampRider02,RGPrefab/Enemy/aram/e_aram_swampRider02.prefab,aram/enemy,,e_aram_swampRider02,False,False,"{}",31,3,0,0,False,,,,,,"{}",0,0,"[]","[]"
e_aram_swampRider03,RGPrefab/Enemy/aram/e_aram_swampRider03.prefab,aram/enemy,,e_aram_swampRider03,False,False,"{}",31,3,0,0,False,,,,,,"{}",0,0,"[]","[]"
e_aram_swampTentacle,RGPrefab/Enemy/aram/e_aram_swampTentacle.prefab,aram/enemy,,e_aram_swampTentacle,False,False,"{}",31,6,0,0,False,,,,,,"{}",0,0,"[]","[]"
e_aram_teethee,RGPrefab/Enemy/aram/e_aram_teethee.prefab,aram/enemy,,e_aram_teethee,False,False,"{}",20,7,0,0,False,,,,,,"{}",0,0,"[]","[]"
e_aram_transitionPort,RGPrefab/Enemy/aram/e_aram_transitionPort.prefab,aram/enemy,,e_aram_transitionPort,False,False,"{}",30,0,0,0,False,,,,,,"{}",0,0,"[]","[]"
e_aram_worm01,RGPrefab/Enemy/aram/e_aram_worm01.prefab,aram/enemy,,e_aram_worm01,False,False,"{}",12,6,0,0,False,,,,,,"{}",0,0,"[]","[]"
e_aram_yaoqi_witch,RGPrefab/Enemy/aram/e_aram_yaoqi_witch.prefab,aram/enemy,,e_aram_yaoqi_witch,False,False,"{}",20,5,0,0,False,,,,,,"{}",0,0,"[]","[]"
ex_aram_alien01,RGPrefab/Enemy/aram/ex_aram_alien01.prefab,aram/enemy,,e_aram_alien01,False,True,"{}",25,5,0,0,False,,,,,,"{}",0,0,"[]","[]"
ex_aram_alien02,RGPrefab/Enemy/aram/ex_aram_alien02.prefab,aram/enemy,,e_aram_alien02,False,True,"{}",25,5,0,0,False,,,,,,"{}",0,0,"[]","[]"
ex_aram_alien03,RGPrefab/Enemy/aram/ex_aram_alien03.prefab,aram/enemy,,e_aram_alien03,False,True,"{}",30,5,0,0,False,,,,,,"{}",0,0,"[]","[]"
ex_aram_boar01,RGPrefab/Enemy/aram/ex_aram_boar01.prefab,aram/enemy,,e_aram_boar01,False,True,"{}",8,3,0,0,False,,,,,,"{}",0,0,"[]","[]"
ex_aram_boar02,RGPrefab/Enemy/aram/ex_aram_boar02.prefab,aram/enemy,,e_aram_boar02,False,True,"{}",10,3,0,0,False,,,,,,"{}",0,0,"[]","[]"
ex_aram_bomber_man,RGPrefab/Enemy/aram/ex_aram_bomber_man.prefab,aram/enemy,,e_bomber_man,False,True,"{}",30,7,0,0,False,,,,,,"{}",0,0,"[]","[]"
ex_aram_fireknight02,RGPrefab/Enemy/aram/ex_aram_fireknight02.prefab,aram/enemy,,e_aram_fireknight02,False,True,"{}",36,5,0,0,False,,,,,,"{}",0,0,"[]","[]"
ex_aram_fireknight03,RGPrefab/Enemy/aram/ex_aram_fireknight03.prefab,aram/enemy,,e_aram_fireknight03,False,True,"{}",70,4,0,0,False,,,,,,"{}",0,0,"[]","[]"
ex_aram_golem01,RGPrefab/Enemy/aram/ex_aram_golem01.prefab,aram/enemy,,e_aram_golem01,False,True,"{}",28,4,0,0,False,,,,,,"{}",0,0,"[]","[]"
ex_aram_golem02,RGPrefab/Enemy/aram/ex_aram_golem02.prefab,aram/enemy,,e_aram_golem02,False,True,"{}",28,4,0,0,False,,,,,,"{}",0,0,"[]","[]"
ex_aram_monkey02,RGPrefab/Enemy/aram/ex_aram_monkey02.prefab,aram/enemy,,e_aram_monkey02,False,True,"{}",9,8,0,0,False,,,,,,"{}",0,0,"[]","[]"
ex_aram_monkey03,RGPrefab/Enemy/aram/ex_aram_monkey03.prefab,aram/enemy,,e_aram_monkey03,False,True,"{}",14,6,0,0,False,,,,,,"{}",0,0,"[]","[]"
ex_aram_monkey04,RGPrefab/Enemy/aram/ex_aram_monkey04.prefab,aram/enemy,,e_aram_monkey04,False,True,"{}",14,6,0,0,False,,,,,,"{}",0,0,"[]","[]"
ex_aram_orc01,RGPrefab/Enemy/aram/ex_aram_orc01.prefab,aram/enemy,,e_aram_orc01,False,True,"{}",8,4,0,0,False,,,,,,"{}",0,0,"[]","[]"
ex_aram_orc02,RGPrefab/Enemy/aram/ex_aram_orc02.prefab,aram/enemy,,e_aram_orc02,False,True,"{}",8,5,0,0,False,,,,,,"{}",0,0,"[]","[]"
ex_aram_snow_monster,RGPrefab/Enemy/aram/ex_aram_snow_monster.prefab,aram/enemy,,e_aram_snow_monster,False,True,"{}",18,8,0,0,False,,,,,,"{}",0,0,"[]","[]"
ex_aram_succulent,RGPrefab/Enemy/aram/ex_aram_succulent.prefab,aram/enemy,,e_aram_succulent,False,True,"{}",8,4,0,0,False,,,,,,"{}",0,0,"[]","[]"
ex_aram_swampArtist,RGPrefab/Enemy/aram/ex_aram_swampArtist.prefab,aram/enemy,,e_aram_swampArtist,False,True,"{}",24,5,0,0,False,,,,,,"{}",0,0,"[]","[]"
ex_aram_swampOrc02,RGPrefab/Enemy/aram/ex_aram_swampOrc02.prefab,aram/enemy,,e_swampOrc02,False,True,"{}",9,5,0,0,False,,,,,,"{}",0,0,"[]","[]"
ex_aram_swampOrc07,RGPrefab/Enemy/aram/ex_aram_swampOrc07.prefab,aram/enemy,,e_aram_swampOrc07,False,True,"{}",24,4,0,0,False,,,,,,"{}",0,0,"[]","[]"
ex_aram_swampOrc08,RGPrefab/Enemy/aram/ex_aram_swampOrc08.prefab,aram/enemy,,e_aram_swampOrc08,False,True,"{}",50,3,0,0,False,,,,,,"{}",0,0,"[]","[]"
ex_aram_swampRider01,RGPrefab/Enemy/aram/ex_aram_swampRider01.prefab,aram/enemy,,e_aram_swampRider01,False,True,"{}",31,3,0,0,False,,,,,,"{}",0,0,"[]","[]"
ex_aram_swampRider02,RGPrefab/Enemy/aram/ex_aram_swampRider02.prefab,aram/enemy,,e_aram_swampRider02,False,True,"{}",31,3,0,0,False,,,,,,"{}",0,0,"[]","[]"
ex_aram_swampRider03,RGPrefab/Enemy/aram/ex_aram_swampRider03.prefab,aram/enemy,,e_aram_swampRider03,False,True,"{}",31,3,0,0,False,,,,,,"{}",0,0,"[]","[]"
ex_aram_swampTentacle,RGPrefab/Enemy/aram/ex_aram_swampTentacle.prefab,aram/enemy,,e_aram_swampTentacle,False,True,"{}",31,6,0,0,False,,,,,,"{}",0,0,"[]","[]"
ex_aram_teethee,RGPrefab/Enemy/aram/ex_aram_teethee.prefab,aram/enemy,,e_aram_teethee,False,False,"{}",40,7,0,0,False,,,,,,"{}",0,0,"[]","[]"
ex_aram_transitionPort,RGPrefab/Enemy/aram/ex_aram_transitionPort.prefab,aram/enemy,,e_aram_transitionPort,False,True,"{}",30,0,0,0,False,,,,,,"{}",0,0,"[]","[]"
ex_aram_worm01,RGPrefab/Enemy/aram/ex_aram_worm01.prefab,aram/enemy,,e_aram_worm01,False,True,"{}",12,6,0,0,False,,,,,,"{}",0,0,"[]","[]"
ex_aram_yaoqi_witch,RGPrefab/Enemy/aram/ex_aram_yaoqi_witch.prefab,aram/enemy,,e_aram_yaoqi_witch,False,False,"{}",40,5,0,0,False,,,,,,"{}",0,0,"[]","[]"
boss_bossrush_final,Level/bossrush/Boss/boss_bossrush_final/boss_bossrush_final.prefab,levelobjects,,boss_bossrush_final,False,False,"{""spriteAtlas"":""RGTexture/sprite_atlas/cellar.spriteatlasv2"",""sprite"":""enemy_list_2_56"",""tex"":""Assets/RGTexture/enemy/cellar/enemy_list_2.png""}",1500,5,0,0,True,,,Level/bossrush/Boss/boss_bossrush_final/r3_bossrush_final.prefab,,,"{}",0,1,"[{""item"":{""item"":""material_magic_blue""},""probability"":10.0,""guaranteeDrop"":false,""guaranteeDropCount"":0,""conditions"":[]},{""item"":{""item"":""material_magic_green""},""probability"":10.0,""guaranteeDrop"":false,""guaranteeDropCount"":0,""conditions"":[]},{""item"":{""item"":""material_magic_cyan""},""probability"":10.0,""guaranteeDrop"":false,""guaranteeDropCount"":0,""conditions"":[]},{""item"":{""item"":""material_magic_black""},""probability"":10.0,""guaranteeDrop"":false,""guaranteeDropCount"":0,""conditions"":[]},{""item"":{""item"":""blueprint_weapon_bossrushfinal""},""probability"":17.0,""guaranteeDrop"":false,""guaranteeDropCount"":0,""conditions"":[]}]","[]"
boss_bossrush_final_badass,Level/bossrush/Boss/boss_bossrush_final_badass/boss_bossrush_final_badass.prefab,levelobjects,,boss_bossrush_final_badass,False,False,"{""spriteAtlas"":""RGTexture/sprite_atlas/cellar.spriteatlasv2"",""sprite"":""enemy_list_2_55"",""tex"":""Assets/RGTexture/enemy/cellar/enemy_list_2.png""}",2500,7,0,0,True,,,Level/bossrush/Boss/boss_bossrush_final_badass/r3_bossrush_final_badass.prefab,,,"{}",0,1,"[{""item"":{""item"":""material_magic_blue""},""probability"":10.0,""guaranteeDrop"":false,""guaranteeDropCount"":0,""conditions"":[]},{""item"":{""item"":""material_magic_green""},""probability"":10.0,""guaranteeDrop"":false,""guaranteeDropCount"":0,""conditions"":[]},{""item"":{""item"":""material_magic_cyan""},""probability"":10.0,""guaranteeDrop"":false,""guaranteeDropCount"":0,""conditions"":[]},{""item"":{""item"":""material_magic_black""},""probability"":10.0,""guaranteeDrop"":false,""guaranteeDropCount"":0,""conditions"":[]}]","[{""probability"":22.0,""randomOrder"":true,""Drops"":[{""item"":{""item"":""blueprint_weapon_bossrushfinalA""},""probability"":100.0,""guaranteeDrop"":false,""guaranteeDropCount"":0,""conditions"":[{""type"":1,""bluePrint"":{""item"":""blueprint_weapon_bossrushfinalA""},""material"":{""item"":""""},""requiredNum"":0,""inverse"":true}]},{""item"":{""item"":""blueprint_weapon_bossrushfinalB""},""probability"":100.0,""guaranteeDrop"":false,""guaranteeDropCount"":0,""conditions"":[{""type"":1,""bluePrint"":{""item"":""blueprint_weapon_bossrushfinalB""},""material"":{""item"":""""},""requiredNum"":0,""inverse"":true}]}]}]"
e_bossrush_minion_a,Level/bossrush/Boss/boss_bossrush_final/e_bossrush_minion_a.prefab,levelobjects,,e_bossrush_minion_a,False,False,"{}",300,5,0,0,False,,,,,,"{}",0,0,"[]","[]"
e_bossrush_minion_b,Level/bossrush/Boss/boss_bossrush_final/e_bossrush_minion_b.prefab,levelobjects,,e_bossrush_minion_b,False,False,"{}",300,5,0,0,False,,,,,,"{}",0,0,"[]","[]"
e_bossrush_minion_c,Level/bossrush/Boss/boss_bossrush_final/e_bossrush_minion_c.prefab,levelobjects,,e_bossrush_minion_c,False,False,"{}",300,5,0,0,False,,,,,,"{}",0,0,"[]","[]"
e_bossrush_minion_d,Level/bossrush/Boss/boss_bossrush_final/e_bossrush_minion_d.prefab,levelobjects,,e_bossrusn_minion_d,False,False,"{}",300,5,0,0,False,,,,,,"{}",0,0,"[]","[]"
boss14_garden_old,Activities/Christmas/Prefabs/boss14_garden_old.prefab,activity/christmas,,boss14,False,False,"{""spriteAtlas"":""RGTexture/sprite_atlas/cellar.spriteatlasv2"",""sprite"":""enemy_list_82"",""tex"":""Assets/RGTexture/enemy/cellar/enemy_list.png""}",425,3,0,0,True,,,,,,"{}",0,0,"[]","[]"
boss14_garden,Activities/Christmas2024/Prefabs/boss14_garden.prefab,activity/christmas2024,,boss14,False,False,"{""spriteAtlas"":""RGTexture/sprite_atlas/cellar.spriteatlasv2"",""sprite"":""enemy_list_82"",""tex"":""Assets/RGTexture/enemy/cellar/enemy_list.png""}",425,3,0,0,True,,,,,,"{}",0,0,"[]","[]"
alien_carrier_root,Level/defence/alien_carrier_root.prefab,defence,,bossdefence,False,False,"{""spriteAtlas"":""RGTexture/sprite_atlas/cellar.spriteatlasv2"",""sprite"":""alien_carrier_root"",""tex"":""Assets/RGTexture/enemy/cellar/alien_carrier_root.png""}",0,0,0,0,True,,,,,,"{}",0,0,"[]","[]"
boss21_1,Level/defence/boss21_1.prefab,defence,,boss21,False,False,"{""spriteAtlas"":""RGTexture/sprite_atlas/cellar.spriteatlasv2"",""sprite"":""enemy_list_103"",""tex"":""Assets/RGTexture/enemy/cellar/enemy_list.png""}",1000,6,0,0,True,,,,weapon_255,,"{}",0,0,"[]","[]"
boss_airbender,Level/defence/boss_airbender.prefab,defence,,boss_airbender,False,False,"{}",800,6,0,0,True,,RGSound/bgm/bgm_3High.mp3,,,,"{}",0,0,"[]","[]"
defence_plot_boss,Level/defence/defence_plot_boss.prefab,defence,,,False,False,"{}",999999,9,0,0,False,,,,,,"{}",0,0,"[]","[]"
psionic_launcher,Level/defence/psionic_launcher.prefab,defence,,,False,False,"{}",800,0,0,0,False,,,,,,"{}",0,0,"[]","[]"
boss_void,Level/difficulty/Boss/boss_void/boss_void.prefab,level/difficulty,,boss_void,False,False,"{""spriteAtlas"":""RGTexture/sprite_atlas/cellar.spriteatlasv2"",""sprite"":""boss_void"",""tex"":""Assets/RGTexture/enemy/cellar/boss_void.png""}",0,0,0,0,True,,RGSound/bgm/bgm_difficulty_boss_void.mp3,,,,"{}",0,0,"[{""item"":{""item"":""material_tape_boss_void""},""probability"":7.5,""guaranteeDrop"":false,""guaranteeDropCount"":0,""conditions"":[]}]","[]"
boss_void_origin,Level/difficulty/Boss/boss_void_origin/boss_void_origin.prefab,level/difficulty,,boss_void_origin,False,False,"{""spriteAtlas"":""RGTexture/sprite_atlas/cellar.spriteatlasv2"",""sprite"":""boss_void_origin_ui"",""tex"":""Assets/RGTexture/enemy/cellar/boss_void_origin_ui.png""}",2000,6,0.5,0,True,,RGSound/bgm/bgm_difficulty_boss_void_origin.mp3,Level/difficulty/Boss/boss_void_origin/r_boss_void_origin.prefab,,,"{}",0,0,"[{""item"":{""item"":""material_magic_blue""},""probability"":100.0,""guaranteeDrop"":false,""guaranteeDropCount"":0,""conditions"":[]},{""item"":{""item"":""material_magic_green""},""probability"":100.0,""guaranteeDrop"":false,""guaranteeDropCount"":0,""conditions"":[]},{""item"":{""item"":""material_magic_cyan""},""probability"":100.0,""guaranteeDrop"":false,""guaranteeDropCount"":0,""conditions"":[]},{""item"":{""item"":""material_magic_black""},""probability"":100.0,""guaranteeDrop"":false,""guaranteeDropCount"":0,""conditions"":[]},{""item"":{""item"":""material_magic_purple""},""probability"":100.0,""guaranteeDrop"":false,""guaranteeDropCount"":0,""conditions"":[]},{""item"":{""item"":""material_magic_red""},""probability"":100.0,""guaranteeDrop"":false,""guaranteeDropCount"":0,""conditions"":[]},{""item"":{""item"":""material_tape_boss_void_origin""},""probability"":25.0,""guaranteeDrop"":false,""guaranteeDropCount"":0,""conditions"":[]},{""item"":{""item"":""blueprint_weapon_boss_void_origin""},""probability"":15.0,""guaranteeDrop"":false,""guaranteeDropCount"":0,""conditions"":[]}]","[]"
e_summoner_hand,Level/difficulty/Enemy/e_void_summoner/e_summoner_hand/e_summoner_hand.prefab,level/difficulty,,e_summoner_hand,False,False,"{""spriteAtlas"":""RGTexture/sprite_atlas/cellar.spriteatlasv2"",""sprite"":""e_summoner_hand"",""tex"":""Assets/RGTexture/enemy/cellar/e_summoner_hand.png""}",12,4,0,0,False,,,,,,"{}",0,0,"[]","[]"
e_void_assassin,Level/difficulty/Enemy/e_void_assassin/e_void_assassin.prefab,level/difficulty,,e_void_assassin,False,False,"{""spriteAtlas"":""RGTexture/sprite_atlas/cellar.spriteatlasv2"",""sprite"":""e_void_assassin"",""tex"":""Assets/RGTexture/enemy/cellar/e_void_assassin.png""}",0,0,0,0,False,,,,,,"{}",0,0,"[]","[]"
e_void_beadsmonk,Level/difficulty/Enemy/e_void_beadsmonk/e_void_beadsmonk.prefab,level/difficulty,,e_void_beadsmonk,False,False,"{""spriteAtlas"":""RGTexture/sprite_atlas/cellar.spriteatlasv2"",""sprite"":""e_void_beadsmonk"",""tex"":""Assets/RGTexture/enemy/cellar/e_void_beadsmonk.png""}",0,0,0,0,False,,,,,,"{}",0,0,"[]","[]"
e_void_blood,Level/difficulty/Enemy/e_void_blood/e_void_blood.prefab,level/difficulty,,e_void_blood,False,False,"{""spriteAtlas"":""RGTexture/sprite_atlas/cellar.spriteatlasv2"",""sprite"":""e_void_blood"",""tex"":""Assets/RGTexture/enemy/cellar/e_void_blood.png""}",0,0,0,0,False,,,,,,"{}",0,0,"[]","[]"
e_void_guard,Level/difficulty/Enemy/e_void_guard/e_void_guard.prefab,level/difficulty,,e_void_guard,False,False,"{""spriteAtlas"":""RGTexture/sprite_atlas/cellar.spriteatlasv2"",""sprite"":""e_void_guard"",""tex"":""Assets/RGTexture/enemy/cellar/e_void_guard.png""}",0,0,0,0,False,,,,,,"{}",0,0,"[]","[]"
e_void_imperial,Level/difficulty/Enemy/e_void_imperial/e_void_imperial.prefab,level/difficulty,,e_void_imperial,False,False,"{""spriteAtlas"":""RGTexture/sprite_atlas/cellar.spriteatlasv2"",""sprite"":""e_void_imperial"",""tex"":""Assets/RGTexture/enemy/cellar/e_void_imperial.png""}",0,0,0,0,False,,,,,,"{}",0,0,"[]","[]"
e_void_killer,Level/difficulty/Enemy/e_void_killer/e_void_killer.prefab,level/difficulty,,e_void_killer,False,False,"{""spriteAtlas"":""RGTexture/sprite_atlas/cellar.spriteatlasv2"",""sprite"":""e_void_killer"",""tex"":""Assets/RGTexture/enemy/cellar/e_void_killer.png""}",0,0,0,0,False,,,,,,"{}",0,0,"[]","[]"
e_void_mage,Level/difficulty/Enemy/e_void_mage/e_void_mage.prefab,level/difficulty,,e_void_mage,False,False,"{""spriteAtlas"":""RGTexture/sprite_atlas/cellar.spriteatlasv2"",""sprite"":""e_void_mage"",""tex"":""Assets/RGTexture/enemy/cellar/e_void_mage.png""}",0,0,0,0,False,,,,,,"{}",0,0,"[]","[]"
e_void_priest,Level/difficulty/Enemy/e_void_priest/e_void_priest.prefab,level/difficulty,,e_void_priest,False,False,"{""spriteAtlas"":""RGTexture/sprite_atlas/cellar.spriteatlasv2"",""sprite"":""e_void_priest"",""tex"":""Assets/RGTexture/enemy/cellar/e_void_priest.png""}",0,0,0,0,False,,,,,,"{}",0,0,"[]","[]"
e_void_sentinel,Level/difficulty/Enemy/e_void_sentinel/e_void_sentinel.prefab,level/difficulty,,e_void_sentinel,False,False,"{""spriteAtlas"":""RGTexture/sprite_atlas/cellar.spriteatlasv2"",""sprite"":""e_void_sentinel"",""tex"":""Assets/RGTexture/enemy/cellar/e_void_sentinel.png""}",0,0,0,0,False,,,,,,"{}",0,0,"[]","[]"
e_void_staffmonk,Level/difficulty/Enemy/e_void_staffmonk/e_void_staffmonk.prefab,level/difficulty,,e_void_staffmonk,False,False,"{""spriteAtlas"":""RGTexture/sprite_atlas/cellar.spriteatlasv2"",""sprite"":""e_void_staffmonk"",""tex"":""Assets/RGTexture/enemy/cellar/e_void_staffmonk.png""}",0,0,0,0,False,,,,,,"{}",0,0,"[]","[]"
e_void_summoner,Level/difficulty/Enemy/e_void_summoner/e_void_summoner.prefab,level/difficulty,,e_void_summoner,False,False,"{""spriteAtlas"":""RGTexture/sprite_atlas/cellar.spriteatlasv2"",""sprite"":""e_void_summoner"",""tex"":""Assets/RGTexture/enemy/cellar/e_void_summoner.png""}",0,0,0,0,False,,,,,,"{}",0,0,"[]","[]"
e_void_thief,Level/difficulty/Enemy/e_void_thief/e_void_thief.prefab,level/difficulty,,e_void_thief,False,False,"{""spriteAtlas"":""RGTexture/sprite_atlas/cellar.spriteatlasv2"",""sprite"":""e_void_thief"",""tex"":""Assets/RGTexture/enemy/cellar/e_void_thief.png""}",0,0,0,0,False,,,,,,"{}",0,0,"[]","[]"
e_void_totem,Level/difficulty/LevelObject/Other/void_totem/e_void_totem.prefab,level/difficulty,,e_void_totem,False,False,"{}",0,0,0,0,False,,,,,,"{}",0,0,"[]","[]"
boss13_fire,Activities/Fire/Prefabs/boss13_fire/boss13_fire.prefab,activity/fire,,boss13_fire,False,False,"{}",400,5,0,0,True,,Activities/Fire/Prefabs/boss13_fire/bgm_1High.mp3,,weapon_175,,"{}",0,0,"[{""item"":{""item"":""material_wood""},""probability"":50.0,""guaranteeDrop"":false,""guaranteeDropCount"":0,""conditions"":[]},{""item"":{""item"":""plant_carrot_seed""},""probability"":50.0,""guaranteeDrop"":false,""guaranteeDropCount"":0,""conditions"":[]},{""item"":{""item"":""material_tape_ice""},""probability"":30.0,""guaranteeDrop"":false,""guaranteeDropCount"":0,""conditions"":[]},{""item"":{""item"":""material_tape_boss1""},""probability"":7.5,""guaranteeDrop"":false,""guaranteeDropCount"":0,""conditions"":[]},{""item"":{""item"":""material_ancient_weapon_fragment""},""probability"":150.0,""guaranteeDrop"":false,""guaranteeDropCount"":0,""conditions"":[]},{""item"":{""item"":""material_skill_Warlock_1""},""probability"":15.0,""guaranteeDrop"":false,""guaranteeDropCount"":0,""conditions"":[{""type"":0,""bluePrint"":{""item"":""blueprint_skill_Warlock_1""},""material"":{""item"":""""},""requiredNum"":0,""inverse"":true},{""type"":2,""bluePrint"":{""item"":""""},""material"":{""item"":""material_skill_Warlock_1""},""requiredNum"":8,""inverse"":false}]}]","[]"
boss14_garden_fire,Activities/Fire/Prefabs/boss14_garden_fire.prefab,activity/fire,,boss14,False,False,"{}",425,5,0,0,True,,,,,,"{}",0,0,"[]","[]"
e_snowman_temp_fire,Activities/Fire/Prefabs/boss13_fire/e_snowman_temp_fire.prefab,activity/fire,,e_snowman_temp_fire,True,False,"{}",0,0,0,0,False,,,,,,"{}",0,0,"[]","[]"
ghost,Activities/Halloween/Prefabs/ghost.prefab,activity/halloween,,,False,False,"{}",30,15,0,0,False,,,,,,"{}",0,0,"[]","[]"
mecha2_boss06,Activities/Mecha2/Prefabs/Enemy/mecha2_boss06.prefab,activity/mecha2,,boss06,False,False,"{}",0,0,0,0,True,,,,,,"{}",0,0,"[]","[]"
boss_ditto,Level/others/boss_ditto/boss_ditto.prefab,levelobjects,,boss_ditto,False,False,"{}",600,0,0,0,True,,RGSound/bgm/bgm_2High.mp3,,,,"{}",0,0,"[]","[]"
boss_fel_lord,Level/others/boss_fel_lord/boss_fel_lord.prefab,levelobjects,,boss_fel_lord,False,False,"{""spriteAtlas"":""RGTexture/sprite_atlas/enemy/boss_rush.spriteatlasv2"",""sprite"":""fel_lord_image"",""tex"":""Assets/RGTexture/enemy/bossrush_final/fel_lord_image.png""}",5,5,0,0,True,,,Level/others/boss_fel_lord/r3_boss_fel_lord.prefab,,,"{}",0,0,"[{""item"":{""item"":""material_magic_blue""},""probability"":20.0,""guaranteeDrop"":false,""guaranteeDropCount"":0,""conditions"":[]},{""item"":{""item"":""material_magic_orange""},""probability"":20.0,""guaranteeDrop"":false,""guaranteeDropCount"":0,""conditions"":[]},{""item"":{""item"":""material_magic_red""},""probability"":20.0,""guaranteeDrop"":false,""guaranteeDropCount"":0,""conditions"":[]},{""item"":{""item"":""material_magic_black""},""probability"":20.0,""guaranteeDrop"":false,""guaranteeDropCount"":0,""conditions"":[]}]","[{""probability"":100.0,""randomOrder"":true,""Drops"":[{""item"":{""item"":""plant_rainbow_grass_seed""},""probability"":50.0,""guaranteeDrop"":false,""guaranteeDropCount"":0,""conditions"":[]},{""item"":{""item"":""plant_roselle_seed""},""probability"":50.0,""guaranteeDrop"":false,""guaranteeDropCount"":0,""conditions"":[]},{""item"":{""item"":""plant_lavender_seed""},""probability"":50.0,""guaranteeDrop"":false,""guaranteeDropCount"":0,""conditions"":[]},{""item"":{""item"":""blueprint_weapon_fel_fabric""},""probability"":35.0,""guaranteeDrop"":false,""guaranteeDropCount"":0,""conditions"":[{""type"":1,""bluePrint"":{""item"":""blueprint_weapon_fel_fabric""},""material"":{""item"":""""},""requiredNum"":0,""inverse"":true}]}]}]"
boss_tutorial,Level/others/boss_tutorial/boss_tutorial.prefab,levelobjects,,boss30,False,False,"{""spriteAtlas"":""RGTexture/sprite_atlas/cellar.spriteatlasv2"",""sprite"":""boss30"",""tex"":""Assets/RGTexture/enemy/cellar/boss30.png""}",1200,3,0,0,True,,,,,,"{}",0,0,"[]","[]"
boss_tvproducer,Level/others/boss_tvproducer/boss_tvproducer.prefab,troop2,,boss_tvproducer,False,False,"{}",600,5,1,0,True,,,,,,"{}",0,0,"[]","[]"
bossnian,Level/others/bossnian/bossnian.prefab,levelobjects,,bossnian,False,False,"{""spriteAtlas"":""RGTexture/sprite_atlas/cellar.spriteatlasv2"",""sprite"":""nian"",""tex"":""Assets/RGTexture/enemy/cellar/nian.png""}",600,5,0,0,True,,RGSound/bgm/bgm_2High.mp3,Level/others/bossnian/r2_bossnian.prefab,weapon_boss_year_beast,,"{""boss01"":10,""boss01_2"":3,""boss02"":10,""boss03"":10,""boss04"":10,""boss15"":10,""boss16"":10,""boss20"":10,""bossnian"":6}",0,0.5,"[{""item"":{""item"":""material_cell""},""probability"":150.0,""guaranteeDrop"":false,""guaranteeDropCount"":0,""conditions"":[]},{""item"":{""item"":""blueprint_m_mech_5""},""probability"":15.000001,""guaranteeDrop"":false,""guaranteeDropCount"":0,""conditions"":[]},{""item"":{""item"":""material_tape_hall_cny""},""probability"":20.0,""guaranteeDrop"":false,""guaranteeDropCount"":0,""conditions"":[]}]","[]"
bossxi,Level/others/bossxi/bossxi.prefab,levelobjects,,bossxi,False,False,"{""spriteAtlas"":""RGTexture/sprite_atlas/cellar.spriteatlasv2"",""sprite"":""xi"",""tex"":""Assets/RGTexture/enemy/cellar/xi.png""}",600,5,0,0,True,,RGSound/bgm/bgm_2High.mp3,Level/others/bossxi/r2_bossxi.prefab,weapon_boss_year_beast,,"{""boss01"":10,""boss01_2"":3,""boss02"":10,""boss03"":10,""boss04"":10,""boss15"":10,""boss16"":10,""boss20"":10,""bossxi"":6}",0,0,"[{""item"":{""item"":""material_cell""},""probability"":150.0,""guaranteeDrop"":false,""guaranteeDropCount"":0,""conditions"":[]},{""item"":{""item"":""plant_firecracker_seed""},""probability"":100.0,""guaranteeDrop"":false,""guaranteeDropCount"":0,""conditions"":[]},{""item"":{""item"":""blueprint_m_mech_5""},""probability"":15.000001,""guaranteeDrop"":false,""guaranteeDropCount"":0,""conditions"":[]},{""item"":{""item"":""material_tape_hall_cny""},""probability"":20.0,""guaranteeDrop"":false,""guaranteeDropCount"":0,""conditions"":[]},{""item"":{""item"":""material_skin_fragment_c25_s4""},""probability"":100.0,""guaranteeDrop"":false,""guaranteeDropCount"":0,""conditions"":[]}]","[]"
box_dummy,Level/others/box_dummy.prefab,sandbox,,,True,False,"{}",999999,0,0,0,False,,,,,,"{}",0,0,"[]","[]"
e_battery01,Level/others/e_battery01.prefab,levelcommon,,e_battery01,False,False,"{""spriteAtlas"":""RGTexture/sprite_atlas/cellar.spriteatlasv2"",""sprite"":""enemy_list_7"",""tex"":""Assets/RGTexture/enemy/cellar/enemy_list.png""}",15,0,0,0,False,,,,,,"{}",0,0.5,"[{""item"":{""item"":""material_gear""},""probability"":2.5,""guaranteeDrop"":false,""guaranteeDropCount"":0,""conditions"":[]},{""item"":{""item"":""material_battery""},""probability"":2.5,""guaranteeDrop"":false,""guaranteeDropCount"":0,""conditions"":[]}]","[]"
e_chest1,Level/others/e_chest1.prefab,levelcommon,,e_chest1,False,False,"{""spriteAtlas"":""RGTexture/sprite_atlas/cellar.spriteatlasv2"",""sprite"":""enemy_list_69"",""tex"":""Assets/RGTexture/enemy/cellar/enemy_list.png""}",30,6,0,0,False,,,,,,"{}",0,0,"[]","[]"
e_chest2,Level/others/e_chest2.prefab,levelcommon,,e_chest2,False,False,"{""spriteAtlas"":""RGTexture/sprite_atlas/cellar.spriteatlasv2"",""sprite"":""enemy_list_68"",""tex"":""Assets/RGTexture/enemy/cellar/enemy_list.png""}",40,6,0,0,False,,,,,,"{}",0,0,"[]","[]"
e_mummy01_sheep_temp,Level/others/e_mummy01_sheep_temp.prefab,levelobjects,,e_mummy01,True,False,"{""spriteAtlas"":""RGTexture/sprite_atlas/cellar.spriteatlasv2"",""sprite"":""enemy_list_78"",""tex"":""Assets/RGTexture/enemy/cellar/enemy_list.png""}",8,4,0,0,False,,,,,,"{}",0,0.5,"[{""item"":{""item"":""material_tape_volcano""},""probability"":0.05,""guaranteeDrop"":false,""guaranteeDropCount"":0,""conditions"":[]}]","[]"
e_sheep_box_temp,Level/others/e_sheep_box_temp.prefab,levelobjects,,,True,False,"{}",12,8,0,0,False,,,,,,"{}",0,0,"[]","[]"
e_sheep_temp,Level/others/e_sheep_temp.prefab,levelobjects,,,True,False,"{}",8,8,0,0,False,,,,,,"{}",0,0,"[]","[]"
e_swampTentacle,Level/others/e_swampTentacle/e_swampTentacle.prefab,levelcommon,,e_swampTentacle,False,False,"{""spriteAtlas"":""RGTexture/sprite_atlas/cellar.spriteatlasv2"",""sprite"":""enemy_list_2_30"",""tex"":""Assets/RGTexture/enemy/cellar/enemy_list_2.png""}",31,6,0,0,False,,,,,,"{}",0,0.5,"[{""item"":{""item"":""material_tape_swamp""},""probability"":0.05,""guaranteeDrop"":false,""guaranteeDropCount"":0,""conditions"":[]},{""item"":{""item"":""material_skill_Druid_1""},""probability"":1.0,""guaranteeDrop"":false,""guaranteeDropCount"":0,""conditions"":[{""type"":0,""bluePrint"":{""item"":""blueprint_skill_Druid_1""},""material"":{""item"":""""},""requiredNum"":0,""inverse"":true},{""type"":2,""bluePrint"":{""item"":""""},""material"":{""item"":""material_skill_Druid_1""},""requiredNum"":8,""inverse"":false}]}]","[]"
e_swampTentacle_fishing,Level/others/e_swampTentacle_fishing.prefab,common,,e_swampTentacle_fishing,False,False,"{}",31,6,0,0,False,,,,,,"{}",0,0.5,"[{""item"":{""item"":""material_cell""},""probability"":100.0,""guaranteeDrop"":false,""guaranteeDropCount"":0,""conditions"":[]}]","[]"
ex_battery01,Level/others/ex_battery01.prefab,levelcommon,,e_battery01,False,True,"{""spriteAtlas"":""RGTexture/sprite_atlas/cellar.spriteatlasv2"",""sprite"":""enemy_list_7"",""tex"":""Assets/RGTexture/enemy/cellar/enemy_list.png""}",60,0,0,0,False,,,,,,"{}",0,0.5,"[{""item"":{""item"":""material_battery""},""probability"":6.0,""guaranteeDrop"":false,""guaranteeDropCount"":0,""conditions"":[]}]","[]"
ex_mummy01_sheep_temp,Level/others/ex_mummy01_sheep_temp.prefab,levelobjects,,e_mummy01,True,True,"{""spriteAtlas"":""RGTexture/sprite_atlas/cellar.spriteatlasv2"",""sprite"":""enemy_list_78"",""tex"":""Assets/RGTexture/enemy/cellar/enemy_list.png""}",10,4,0,0,False,,,,,,"{}",0,0.5,"[{""item"":{""item"":""material_gear""},""probability"":6.0,""guaranteeDrop"":false,""guaranteeDropCount"":0,""conditions"":[]},{""item"":{""item"":""material_tape_volcano""},""probability"":0.1,""guaranteeDrop"":false,""guaranteeDropCount"":0,""conditions"":[]}]","[]"
ex_swampTentacle,Level/others/e_swampTentacle/ex_swampTentacle.prefab,levelcommon,,e_swampTentacle,False,True,"{""spriteAtlas"":""RGTexture/sprite_atlas/cellar.spriteatlasv2"",""sprite"":""enemy_list_2_30"",""tex"":""Assets/RGTexture/enemy/cellar/enemy_list_2.png""}",60,6,0,0,False,,,,,,"{}",0,0.5,"[{""item"":{""item"":""material_tape_swamp""},""probability"":0.1,""guaranteeDrop"":false,""guaranteeDropCount"":0,""conditions"":[]},{""item"":{""item"":""material_skill_Druid_1""},""probability"":2.0,""guaranteeDrop"":false,""guaranteeDropCount"":0,""conditions"":[{""type"":0,""bluePrint"":{""item"":""blueprint_skill_Druid_1""},""material"":{""item"":""""},""requiredNum"":0,""inverse"":true},{""type"":2,""bluePrint"":{""item"":""""},""material"":{""item"":""material_skill_Druid_1""},""requiredNum"":8,""inverse"":false}]}]","[]"
ex_swampTentacle_fishing,Level/others/ex_swampTentacle_fishing.prefab,common,,e_swampTentacle_fishing,False,True,"{}",60,6,0,0,False,,,,,,"{}",0,0.5,"[{""item"":{""item"":""material_cell""},""probability"":150.0,""guaranteeDrop"":false,""guaranteeDropCount"":0,""conditions"":[]}]","[]"
fel_lord_clone1,Level/others/boss_fel_lord/fel_lord_clone1.prefab,levelobjects,,,False,False,"{}",5,6.5,0,0,False,,,,,,"{}",0,0,"[]","[]"
fel_lord_clone2,Level/others/boss_fel_lord/fel_lord_clone2.prefab,levelobjects,,,False,False,"{}",5,8,0,0,False,,,,,,"{}",0,0,"[]","[]"
mineral_crystal,Level/others/mineral_crystal.prefab,levelcommon,,mineral_crystal,False,False,"{""spriteAtlas"":""RGTexture/sprite_atlas/cellar.spriteatlasv2"",""sprite"":""enemy_list_57"",""tex"":""Assets/RGTexture/enemy/cellar/enemy_list.png""}",40,0,0,0,False,,,,,,"{}",0,0,"[]","[]"
mineral_gold,Level/others/mineral_gold.prefab,levelcommon,,mineral_gold,False,False,"{""spriteAtlas"":""RGTexture/sprite_atlas/cellar.spriteatlasv2"",""sprite"":""enemy_list_56"",""tex"":""Assets/RGTexture/enemy/cellar/enemy_list.png""}",40,0,0,0,False,,,,,,"{}",0,0,"[]","[]"
mineral_gold_special,Level/others/mineral_gold_special.prefab,levelcommon,,mineral_gold,False,False,"{""spriteAtlas"":""RGTexture/sprite_atlas/cellar.spriteatlasv2"",""sprite"":""enemy_list_56"",""tex"":""Assets/RGTexture/enemy/cellar/enemy_list.png""}",40,0,0,0,False,,,,,,"{}",0,0,"[]","[]"
monster_aircraft,Level/others/monster_aircraft.prefab,levelobjects,,,False,False,"{}",5,5,0,0,False,,,,,,"{}",0,0,"[]","[]"
moving_coin,Level/others/moving_coin.prefab,common,,,False,False,"{}",5,7,0,0,False,,,,,,"{}",0,0,"[]","[]"
npc_07_mad,Level/others/npc_07_mad.prefab,levelcommon,,e_npc_07,False,False,"{}",55,6,0.5,5,False,,,,,,"{}",0,0,"[]","[]"
shield_enemy,Level/others/shield_enemy.prefab,common,,,False,False,"{}",1,0,0,0,False,,,,,,"{}",0,0,"[]","[]"
stake,Level/others/stake.prefab,common,,stake,False,False,"{}",40,0,0,0,False,,,,,,"{}",0,0,"[]","[]"
tvproducer_clone0,Level/others/boss_tvproducer/tvproducer_clone0.prefab,troop2,,tvproducer_clone1,False,False,"{}",600,5,1,0,False,,,,,,"{}",0,0,"[]","[]"
tvproducer_clone1,Level/others/boss_tvproducer/tvproducer_clone1.prefab,troop2,,tvproducer_clone0,False,False,"{}",600,5,1,0,False,,,,,,"{}",0,0,"[]","[]"
boss03_plant,Activities/Plant/Prefab/Enemy/boss03_plant.prefab,activity/plant,,boss03_plant,False,False,"{}",0,0,0,0,True,,,,,,"{}",0,0,"[]","[]"
boss05_plant,Activities/Plant/Prefab/Enemy/boss05_plant.prefab,activity/plant,,boss05_plant,False,False,"{}",0,0,0,0,True,,,,,,"{}",0,0,"[]","[]"
boss19_plant,Activities/Plant/Prefab/Enemy/boss19_plant.prefab,activity/plant,,boss19_plant,False,False,"{}",0,0,0,0,True,,,,,,"{}",0,0,"[]","[]"
boss28_plant,Activities/Plant/Prefab/Enemy/boss28_plant.prefab,activity/plant,,boss28_plant,False,False,"{}",0,0,0,0,True,,,,,,"{}",0,0,"[]","[]"
e_fly_coin_plant,Activities/Plant/Prefab/Enemy/e_fly_coin_plant.prefab,activity/plant,,e_fly_coin_plant,False,False,"{}",0,0,0,0,False,,,,,,"{}",0,0,"[]","[]"
e_fly_goblin_plant,Activities/Plant/Prefab/Enemy/e_fly_goblin_plant.prefab,activity/plant,,e_fly_goblin_plant,False,False,"{}",0,0,0,0,False,,,,,,"{}",0,0,"[]","[]"
e_orc02_plant,Activities/Plant/Prefab/Enemy/e_orc02_plant.prefab,activity/plant,,e_orc02_plant,False,False,"{}",0,0,0,0,False,,,,,,"{}",0,0,"[]","[]"
e_orc03_plant,Activities/Plant/Prefab/Enemy/e_orc03_plant.prefab,activity/plant,,e_orc03_plant,False,False,"{}",0,0,0,0,False,,,,,,"{}",0,0,"[]","[]"
e_orc07_plant,Activities/Plant/Prefab/Enemy/e_orc07_plant.prefab,activity/plant,,e_orc07_plant,False,False,"{}",0,0,0,0,False,,,,,,"{}",0,0,"[]","[]"
e_orc08_plant,Activities/Plant/Prefab/Enemy/e_orc08_plant.prefab,activity/plant,,e_orc08_plant,False,False,"{}",0,0,0,0,False,,,,,,"{}",0,0,"[]","[]"
e_self_explode_plant,Activities/Plant/Prefab/Enemy/e_self_explode_plant.prefab,activity/plant,,e_self_explode_plant,False,False,"{}",0,0,0,0,False,,,,,,"{}",0,0,"[]","[]"
e_skeleton02_temp_plant,Activities/Plant/Prefab/Enemy/boss03/e_skeleton02_temp/e_skeleton02_temp_plant.prefab,activity/plant,,e_skeleton02_temp_plant,True,False,"{}",0,0,0,0,False,,,,,,"{}",0,0,"[]","[]"
e_swampArtist_plant,Activities/Plant/Prefab/Enemy/e_swampArtist_plant.prefab,activity/plant,,e_swampArtist_plant,False,False,"{}",0,0,0,0,False,,,,,,"{}",0,0,"[]","[]"
e_tentacle_plant,Activities/Plant/Prefab/Enemy/e_tentacle_plant.prefab,activity/plant,,e_tentacle_plant,True,False,"{}",0,0,0,0,False,,,,,,"{}",0,0,"[]","[]"
ex_boar02_plant,Activities/Plant/Prefab/Enemy/ex_boar02_plant.prefab,activity/plant,,ex_boar02_plant,False,True,"{}",0,0,0,0,False,,,,,,"{}",0,0,"[]","[]"
ex_orc02_plant,Activities/Plant/Prefab/Enemy/ex_orc02_plant.prefab,activity/plant,,ex_orc02_plant,False,False,"{}",0,0,0,0,False,,,,,,"{}",0,0,"[]","[]"
ex_orc03_plant,Activities/Plant/Prefab/Enemy/ex_orc03_plant.prefab,activity/plant,,ex_orc03_plant,False,False,"{}",0,0,0,0,False,,,,,,"{}",0,0,"[]","[]"
tmp_e_egg00_plant,Activities/Plant/Prefab/Enemy/boss19/tmp_e_egg00_plant.prefab,activity/plant,,e_egg01,True,False,"{}",0,0,0,0,False,,,,,,"{}",0,0,"[]","[]"
tmp_e_egg03_plant,Activities/Plant/Prefab/Enemy/boss19/tmp_e_egg03_plant.prefab,activity/plant,,e_egg02,True,False,"{}",0,0,0,0,False,,,,,,"{}",0,0,"[]","[]"
tmp_ex_egg00_plant,Activities/Plant/Prefab/Enemy/boss19/tmp_ex_egg00_plant.prefab,activity/plant,,e_egg01,True,True,"{}",0,0,0,0,False,,,,,,"{}",0,0,"[]","[]"
tmp_ex_egg03_plant,Activities/Plant/Prefab/Enemy/boss19/tmp_ex_egg03_plant.prefab,activity/plant,,e_egg02,True,True,"{}",0,0,0,0,False,,,,,,"{}",0,0,"[]","[]"
e_arts,Activities/School/Prefabs/Enemy/e_arts.prefab,activity/school,,e_arts,False,False,"{}",16,6,0.5,0,False,,,,,,"{}",0,0,"[]","[]"
e_literature,Activities/School/Prefabs/Enemy/e_literature.prefab,activity/school,,e_literature,False,False,"{}",16,6,0.5,0,False,,,,,,"{}",0,0,"[]","[]"
e_science,Activities/School/Prefabs/Enemy/e_science.prefab,activity/school,,e_science,False,False,"{}",16,6,0.5,0,False,,,,,,"{}",0,0,"[]","[]"
e_sports,Activities/School/Prefabs/Enemy/e_sports.prefab,activity/school,,e_sports,False,False,"{}",16,6,0.5,0,False,,,,,,"{}",0,0,"[]","[]"
pet_zongzi2026_wild,Activities/Zongzi2026/Prefabs/pet_zongzi2026_wild.prefab,activity/zongzi2026,,,False,False,"{}",0,0,0,0,False,,,,,,"{}",0,0,"[]","[]"
