Key,Type,SubType,DataStr
string,string,string,string
blueprint_room_decorate_drink_seller,BluePrint,Blueprint,"{""BlueprintType"":3,""ItemName"":""room_decorate_drink_seller"",""ResearchMaterials"":[{""item"":""material_battery"",""num"":20},{""item"":""material_gear"",""num"":20},{""item"":""material_gem"",""num"":3000},{""item"":""material_iron"",""num"":20}],""NotRequiredInResearch"":false,""BluePrintLevel"":0,""WeaponDropLevel"":-1,""NeedRecordConsume"":true,""IsFromMechFragment"":false,""Hero"":0,""SkinIndex"":0,""SkillIndex"":0,""AutoMerge"":false,""Name"":""blueprint_room_decorate_drink_seller"",""Localization"":""object/drink_seller"",""ItemValue"":0,""ItemLevel"":0,""Background"":{""spriteAtlas"":""RGTexture/sprite_atlas/items.spriteatlasv2"",""sprite"":""objects_pickable_0"",""tex"":""Assets/RGTexture/items/objects_pickable.png""},""Icon"":{""spriteAtlas"":""RGTexture/sprite_atlas/items.spriteatlasv2"",""sprite"":""drink_seller"",""tex"":""Assets/RGTexture/items/drink_seller.png""},""IconPosition"":{""x"":0.0,""y"":0.0,""z"":0.0},""IconScale"":0.199999988,""IconRotation"":0.0}"
blueprint_room_decorate_fishbowl,BluePrint,Blueprint,"{""BlueprintType"":3,""ItemName"":""room_decorate_fishbowl"",""ResearchMaterials"":[{""item"":""material_gem"",""num"":1500},{""item"":""material_iron"",""num"":15},{""item"":""material_magic_blue"",""num"":2},{""item"":""material_wood"",""num"":15}],""NotRequiredInResearch"":false,""BluePrintLevel"":0,""WeaponDropLevel"":-1,""NeedRecordConsume"":true,""IsFromMechFragment"":false,""Hero"":0,""SkinIndex"":0,""SkillIndex"":0,""AutoMerge"":false,""Name"":""blueprint_room_decorate_fishbowl"",""Localization"":""object/fish_bowl"",""ItemValue"":0,""ItemLevel"":0,""Background"":{""spriteAtlas"":""RGTexture/sprite_atlas/items.spriteatlasv2"",""sprite"":""objects_pickable_0"",""tex"":""Assets/RGTexture/items/objects_pickable.png""},""Icon"":{""spriteAtlas"":""RGTexture/sprite_atlas/items.spriteatlasv2"",""sprite"":""fishbowl"",""tex"":""Assets/RGTexture/items/fishbowl.png""},""IconPosition"":{""x"":0.0,""y"":0.0,""z"":0.0},""IconScale"":0.2,""IconRotation"":0.0}"
blueprint_room_decorate_magic_well,BluePrint,Blueprint,"{""BlueprintType"":3,""ItemName"":""room_decorate_magic_well"",""ResearchMaterials"":[{""item"":""material_gem"",""num"":3000},{""item"":""material_iron"",""num"":15},{""item"":""material_magic_black"",""num"":5},{""item"":""material_magic_blue"",""num"":5},{""item"":""material_wood"",""num"":15}],""NotRequiredInResearch"":false,""BluePrintLevel"":0,""WeaponDropLevel"":-1,""NeedRecordConsume"":true,""IsFromMechFragment"":false,""Hero"":0,""SkinIndex"":0,""SkillIndex"":0,""AutoMerge"":false,""Name"":""blueprint_room_decorate_magic_well"",""Localization"":""object/magic_well"",""ItemValue"":0,""ItemLevel"":0,""Background"":{""spriteAtlas"":""RGTexture/sprite_atlas/items.spriteatlasv2"",""sprite"":""objects_pickable_0"",""tex"":""Assets/RGTexture/items/objects_pickable.png""},""Icon"":{""spriteAtlas"":""RGTexture/sprite_atlas/items.spriteatlasv2"",""sprite"":""magic_well"",""tex"":""Assets/RGTexture/items/magic_well.png""},""IconPosition"":{""x"":0.0,""y"":0.0,""z"":0.0},""IconScale"":0.2,""IconRotation"":0.0}"
blueprint_room_decorate_mysteriou_statue,BluePrint,Blueprint,"{""BlueprintType"":3,""ItemName"":""room_decorate_mysteriou_statue"",""ResearchMaterials"":[{""item"":""material_gem"",""num"":3000},{""item"":""material_iron"",""num"":20},{""item"":""material_magic_green"",""num"":5},{""item"":""material_magic_orange"",""num"":5},{""item"":""material_magic_purple"",""num"":5},{""item"":""material_magic_red"",""num"":5}],""NotRequiredInResearch"":false,""BluePrintLevel"":0,""WeaponDropLevel"":-1,""NeedRecordConsume"":true,""IsFromMechFragment"":false,""Hero"":0,""SkinIndex"":0,""SkillIndex"":0,""AutoMerge"":false,""Name"":""blueprint_room_decorate_mysteriou_statue"",""Localization"":""object/mysteriou_statue"",""ItemValue"":0,""ItemLevel"":0,""Background"":{""spriteAtlas"":""RGTexture/sprite_atlas/items.spriteatlasv2"",""sprite"":""objects_pickable_0"",""tex"":""Assets/RGTexture/items/objects_pickable.png""},""Icon"":{""spriteAtlas"":""RGTexture/sprite_atlas/items.spriteatlasv2"",""sprite"":""mysteriou_statue"",""tex"":""Assets/RGTexture/items/mysteriou_statue.png""},""IconPosition"":{""x"":0.0,""y"":0.0,""z"":0.0},""IconScale"":0.3,""IconRotation"":0.0}"
blueprint_garden_skin_0,BluePrint,Blueprint,"{""BlueprintType"":0,""ItemName"":""garden_skin_0"",""ResearchMaterials"":[{""item"":""material_gem"",""num"":1500}],""NotRequiredInResearch"":false,""BluePrintLevel"":0,""WeaponDropLevel"":-1,""NeedRecordConsume"":true,""IsFromMechFragment"":false,""Hero"":0,""SkinIndex"":0,""SkillIndex"":0,""AutoMerge"":false,""Name"":""blueprint_garden_skin_0"",""Localization"":"""",""ItemValue"":0,""ItemLevel"":0,""Background"":{""spriteAtlas"":""RGTexture/sprite_atlas/items.spriteatlasv2"",""sprite"":""objects_pickable_0"",""tex"":""Assets/RGTexture/items/objects_pickable.png""},""Icon"":{},""IconPosition"":{""x"":-0.454,""y"":0.0,""z"":0.0},""IconScale"":1.0,""IconRotation"":0.0}"
blueprint_garden_skin_1,BluePrint,Blueprint,"{""BlueprintType"":0,""ItemName"":""garden_skin_1"",""ResearchMaterials"":[{""item"":""material_gem"",""num"":1500}],""NotRequiredInResearch"":false,""BluePrintLevel"":0,""WeaponDropLevel"":-1,""NeedRecordConsume"":true,""IsFromMechFragment"":false,""Hero"":0,""SkinIndex"":0,""SkillIndex"":0,""AutoMerge"":false,""Name"":""blueprint_garden_skin_1"",""Localization"":"""",""ItemValue"":0,""ItemLevel"":0,""Background"":{""spriteAtlas"":""RGTexture/sprite_atlas/items.spriteatlasv2"",""sprite"":""objects_pickable_0"",""tex"":""Assets/RGTexture/items/objects_pickable.png""},""Icon"":{},""IconPosition"":{""x"":-0.454,""y"":0.0,""z"":0.0},""IconScale"":1.0,""IconRotation"":0.0}"
blueprint_garden_skin_2,BluePrint,Blueprint,"{""BlueprintType"":0,""ItemName"":""garden_skin_2"",""ResearchMaterials"":[{""item"":""material_gem"",""num"":1500}],""NotRequiredInResearch"":false,""BluePrintLevel"":0,""WeaponDropLevel"":-1,""NeedRecordConsume"":true,""IsFromMechFragment"":false,""Hero"":0,""SkinIndex"":0,""SkillIndex"":0,""AutoMerge"":false,""Name"":""blueprint_garden_skin_2"",""Localization"":"""",""ItemValue"":0,""ItemLevel"":0,""Background"":{""spriteAtlas"":""RGTexture/sprite_atlas/items.spriteatlasv2"",""sprite"":""objects_pickable_0"",""tex"":""Assets/RGTexture/items/objects_pickable.png""},""Icon"":{},""IconPosition"":{""x"":-0.454,""y"":0.0,""z"":0.0},""IconScale"":1.0,""IconRotation"":0.0}"
blueprint_hall_skin_0,BluePrint,Blueprint,"{""BlueprintType"":0,""ItemName"":""hall_skin_0"",""ResearchMaterials"":[{""item"":""material_gem"",""num"":1500}],""NotRequiredInResearch"":false,""BluePrintLevel"":0,""WeaponDropLevel"":-1,""NeedRecordConsume"":true,""IsFromMechFragment"":false,""Hero"":0,""SkinIndex"":0,""SkillIndex"":0,""AutoMerge"":false,""Name"":""blueprint_hall_skin_0"",""Localization"":"""",""ItemValue"":0,""ItemLevel"":0,""Background"":{""spriteAtlas"":""RGTexture/sprite_atlas/items.spriteatlasv2"",""sprite"":""objects_pickable_0"",""tex"":""Assets/RGTexture/items/objects_pickable.png""},""Icon"":{},""IconPosition"":{""x"":-0.454,""y"":0.0,""z"":0.0},""IconScale"":1.0,""IconRotation"":0.0}"
blueprint_hall_skin_1,BluePrint,Blueprint,"{""BlueprintType"":0,""ItemName"":""hall_skin_1"",""ResearchMaterials"":[{""item"":""material_gem"",""num"":1500}],""NotRequiredInResearch"":false,""BluePrintLevel"":0,""WeaponDropLevel"":-1,""NeedRecordConsume"":true,""IsFromMechFragment"":false,""Hero"":0,""SkinIndex"":0,""SkillIndex"":0,""AutoMerge"":false,""Name"":""blueprint_hall_skin_1"",""Localization"":"""",""ItemValue"":0,""ItemLevel"":0,""Background"":{""spriteAtlas"":""RGTexture/sprite_atlas/items.spriteatlasv2"",""sprite"":""objects_pickable_0"",""tex"":""Assets/RGTexture/items/objects_pickable.png""},""Icon"":{},""IconPosition"":{""x"":-0.454,""y"":0.0,""z"":0.0},""IconScale"":1.0,""IconRotation"":0.0}"
blueprint_magic_area_skin_0,BluePrint,Blueprint,"{""BlueprintType"":0,""ItemName"":""magic_area_skin_0"",""ResearchMaterials"":[{""item"":""material_gem"",""num"":1500}],""NotRequiredInResearch"":false,""BluePrintLevel"":0,""WeaponDropLevel"":-1,""NeedRecordConsume"":true,""IsFromMechFragment"":false,""Hero"":0,""SkinIndex"":0,""SkillIndex"":0,""AutoMerge"":false,""Name"":""blueprint_magic_area_skin_0"",""Localization"":"""",""ItemValue"":0,""ItemLevel"":0,""Background"":{""spriteAtlas"":""RGTexture/sprite_atlas/items.spriteatlasv2"",""sprite"":""objects_pickable_0"",""tex"":""Assets/RGTexture/items/objects_pickable.png""},""Icon"":{},""IconPosition"":{""x"":-0.454,""y"":0.0,""z"":0.0},""IconScale"":1.0,""IconRotation"":0.0}"
blueprint_magic_area_skin_1,BluePrint,Blueprint,"{""BlueprintType"":0,""ItemName"":""magic_area_skin_1"",""ResearchMaterials"":[{""item"":""material_gem"",""num"":1500}],""NotRequiredInResearch"":false,""BluePrintLevel"":0,""WeaponDropLevel"":-1,""NeedRecordConsume"":true,""IsFromMechFragment"":false,""Hero"":0,""SkinIndex"":0,""SkillIndex"":0,""AutoMerge"":false,""Name"":""blueprint_magic_area_skin_1"",""Localization"":"""",""ItemValue"":0,""ItemLevel"":0,""Background"":{""spriteAtlas"":""RGTexture/sprite_atlas/items.spriteatlasv2"",""sprite"":""objects_pickable_0"",""tex"":""Assets/RGTexture/items/objects_pickable.png""},""Icon"":{},""IconPosition"":{""x"":-0.454,""y"":0.0,""z"":0.0},""IconScale"":1.0,""IconRotation"":0.0}"
blueprint_work_shop_skin_0,BluePrint,Blueprint,"{""BlueprintType"":0,""ItemName"":""work_shop_skin_0"",""ResearchMaterials"":[{""item"":""material_gem"",""num"":1500}],""NotRequiredInResearch"":false,""BluePrintLevel"":0,""WeaponDropLevel"":-1,""NeedRecordConsume"":true,""IsFromMechFragment"":false,""Hero"":0,""SkinIndex"":0,""SkillIndex"":0,""AutoMerge"":false,""Name"":""blueprint_work_shop_skin_0"",""Localization"":"""",""ItemValue"":0,""ItemLevel"":0,""Background"":{""spriteAtlas"":""RGTexture/sprite_atlas/items.spriteatlasv2"",""sprite"":""objects_pickable_0"",""tex"":""Assets/RGTexture/items/objects_pickable.png""},""Icon"":{},""IconPosition"":{""x"":-0.454,""y"":0.0,""z"":0.0},""IconScale"":1.0,""IconRotation"":0.0}"
blueprint_work_shop_skin_1,BluePrint,Blueprint,"{""BlueprintType"":0,""ItemName"":""work_shop_skin_1"",""ResearchMaterials"":[{""item"":""material_gem"",""num"":1500}],""NotRequiredInResearch"":false,""BluePrintLevel"":0,""WeaponDropLevel"":-1,""NeedRecordConsume"":true,""IsFromMechFragment"":false,""Hero"":0,""SkinIndex"":0,""SkillIndex"":0,""AutoMerge"":false,""Name"":""blueprint_work_shop_skin_1"",""Localization"":"""",""ItemValue"":0,""ItemLevel"":0,""Background"":{""spriteAtlas"":""RGTexture/sprite_atlas/items.spriteatlasv2"",""sprite"":""objects_pickable_0"",""tex"":""Assets/RGTexture/items/objects_pickable.png""},""Icon"":{},""IconPosition"":{""x"":-0.454,""y"":0.0,""z"":0.0},""IconScale"":1.0,""IconRotation"":0.0}"
blueprint_work_shop_skin_2,BluePrint,Blueprint,"{""BlueprintType"":0,""ItemName"":""work_shop_skin_2"",""ResearchMaterials"":[{""item"":""material_gem"",""num"":1500}],""NotRequiredInResearch"":false,""BluePrintLevel"":0,""WeaponDropLevel"":-1,""NeedRecordConsume"":true,""IsFromMechFragment"":false,""Hero"":0,""SkinIndex"":0,""SkillIndex"":0,""AutoMerge"":false,""Name"":""blueprint_work_shop_skin_2"",""Localization"":"""",""ItemValue"":0,""ItemLevel"":0,""Background"":{""spriteAtlas"":""RGTexture/sprite_atlas/items.spriteatlasv2"",""sprite"":""objects_pickable_0"",""tex"":""Assets/RGTexture/items/objects_pickable.png""},""Icon"":{},""IconPosition"":{""x"":-0.454,""y"":0.0,""z"":0.0},""IconScale"":1.0,""IconRotation"":0.0}"
blueprint_m_mecha_normal_e,BluePrint,Blueprint,"{""BlueprintType"":2,""ItemName"":""m_mecha_normal_e"",""ResearchMaterials"":[{""item"":""material_gem"",""num"":3000}],""NotRequiredInResearch"":false,""BluePrintLevel"":0,""WeaponDropLevel"":-1,""NeedRecordConsume"":false,""IsFromMechFragment"":true,""Hero"":0,""SkinIndex"":0,""SkillIndex"":0,""AutoMerge"":false,""Name"":""blueprint_m_mecha_normal_e"",""Localization"":"""",""ItemValue"":0,""ItemLevel"":0,""Background"":{""spriteAtlas"":""RGTexture/sprite_atlas/items.spriteatlasv2"",""sprite"":""objects_pickable_0"",""tex"":""Assets/RGTexture/items/objects_pickable.png""},""Icon"":{""spriteAtlas"":""RGTexture/sprite_atlas/items.spriteatlasv2"",""sprite"":""blueprint_mech_2"",""tex"":""Assets/RGTexture/items/blueprint_mech.png""},""IconPosition"":{""x"":0.0,""y"":0.021,""z"":0.0},""IconScale"":0.3,""IconRotation"":0.0}"
blueprint_m_mecha_normal_d,BluePrint,Blueprint,"{""BlueprintType"":2,""ItemName"":""m_mecha_normal_d"",""ResearchMaterials"":[{""item"":""material_gem"",""num"":3000}],""NotRequiredInResearch"":false,""BluePrintLevel"":0,""WeaponDropLevel"":-1,""NeedRecordConsume"":false,""IsFromMechFragment"":true,""Hero"":0,""SkinIndex"":0,""SkillIndex"":0,""AutoMerge"":false,""Name"":""blueprint_m_mecha_normal_d"",""Localization"":"""",""ItemValue"":0,""ItemLevel"":0,""Background"":{""spriteAtlas"":""RGTexture/sprite_atlas/items.spriteatlasv2"",""sprite"":""objects_pickable_0"",""tex"":""Assets/RGTexture/items/objects_pickable.png""},""Icon"":{""spriteAtlas"":""RGTexture/sprite_atlas/items.spriteatlasv2"",""sprite"":""blueprint_mech_1"",""tex"":""Assets/RGTexture/items/blueprint_mech.png""},""IconPosition"":{""x"":0.0,""y"":-0.009,""z"":0.0},""IconScale"":0.3,""IconRotation"":0.0}"
blueprint_m_mecha_normal_b,BluePrint,Blueprint,"{""BlueprintType"":2,""ItemName"":""m_mecha_normal_b"",""ResearchMaterials"":[{""item"":""material_gem"",""num"":3000}],""NotRequiredInResearch"":false,""BluePrintLevel"":0,""WeaponDropLevel"":-1,""NeedRecordConsume"":false,""IsFromMechFragment"":true,""Hero"":0,""SkinIndex"":0,""SkillIndex"":0,""AutoMerge"":false,""Name"":""blueprint_m_mecha_normal_b"",""Localization"":"""",""ItemValue"":0,""ItemLevel"":0,""Background"":{""spriteAtlas"":""RGTexture/sprite_atlas/items.spriteatlasv2"",""sprite"":""objects_pickable_0"",""tex"":""Assets/RGTexture/items/objects_pickable.png""},""Icon"":{""spriteAtlas"":""RGTexture/sprite_atlas/items.spriteatlasv2"",""sprite"":""blueprint_mech_0"",""tex"":""Assets/RGTexture/items/blueprint_mech.png""},""IconPosition"":{""x"":0.0,""y"":-0.002,""z"":0.0},""IconScale"":0.3,""IconRotation"":0.0}"
blueprint_m_mecha_normal_2s,BluePrint,Blueprint,"{""BlueprintType"":2,""ItemName"":""m_mecha_normal_2s"",""ResearchMaterials"":[{""item"":""material_gem"",""num"":5000}],""NotRequiredInResearch"":false,""BluePrintLevel"":0,""WeaponDropLevel"":-1,""NeedRecordConsume"":false,""IsFromMechFragment"":true,""Hero"":0,""SkinIndex"":0,""SkillIndex"":0,""AutoMerge"":false,""Name"":""blueprint_m_mecha_normal_2s"",""Localization"":"""",""ItemValue"":0,""ItemLevel"":0,""Background"":{""spriteAtlas"":""RGTexture/sprite_atlas/items.spriteatlasv2"",""sprite"":""objects_pickable_0"",""tex"":""Assets/RGTexture/items/objects_pickable.png""},""Icon"":{""spriteAtlas"":""RGTexture/sprite_atlas/items.spriteatlasv2"",""sprite"":""blueprint_mech_3"",""tex"":""Assets/RGTexture/items/blueprint_mech.png""},""IconPosition"":{""x"":0.0,""y"":-0.001,""z"":0.0},""IconScale"":0.3,""IconRotation"":0.0}"
blueprint_m_mech_7,BluePrint,Blueprint,"{""BlueprintType"":2,""ItemName"":""m_mech_7"",""ResearchMaterials"":[{""item"":""material_gem"",""num"":2000}],""NotRequiredInResearch"":false,""BluePrintLevel"":0,""WeaponDropLevel"":-1,""NeedRecordConsume"":true,""IsFromMechFragment"":false,""Hero"":0,""SkinIndex"":0,""SkillIndex"":0,""AutoMerge"":false,""Name"":""blueprint_m_mech_7"",""Localization"":"""",""ItemValue"":0,""ItemLevel"":0,""Background"":{""spriteAtlas"":""RGTexture/sprite_atlas/items.spriteatlasv2"",""sprite"":""objects_pickable_0"",""tex"":""Assets/RGTexture/items/objects_pickable.png""},""Icon"":{""spriteAtlas"":""RGTexture/sprite_atlas/pet.spriteatlasv2"",""sprite"":""ufo_4"",""tex"":""Assets/RGTexture/pet/ufo.png""},""IconPosition"":{""x"":0.0,""y"":-0.42,""z"":0.0},""IconScale"":0.5,""IconRotation"":0.0}"
blueprint_m_mech_6,BluePrint,Blueprint,"{""BlueprintType"":2,""ItemName"":""m_mech_6"",""ResearchMaterials"":[{""item"":""material_gem"",""num"":2000}],""NotRequiredInResearch"":false,""BluePrintLevel"":0,""WeaponDropLevel"":-1,""NeedRecordConsume"":true,""IsFromMechFragment"":false,""Hero"":0,""SkinIndex"":0,""SkillIndex"":0,""AutoMerge"":false,""Name"":""blueprint_m_mech_6"",""Localization"":"""",""ItemValue"":0,""ItemLevel"":0,""Background"":{""spriteAtlas"":""RGTexture/sprite_atlas/items.spriteatlasv2"",""sprite"":""objects_pickable_0"",""tex"":""Assets/RGTexture/items/objects_pickable.png""},""Icon"":{""spriteAtlas"":""RGTexture/sprite_atlas/pet.spriteatlasv2"",""sprite"":""little_plane_3"",""tex"":""Assets/RGTexture/pet/little_plane.png""},""IconPosition"":{""x"":0.0,""y"":-0.4,""z"":0.0},""IconScale"":0.5,""IconRotation"":0.0}"
blueprint_m_mech_4,BluePrint,Blueprint,"{""BlueprintType"":2,""ItemName"":""m_mech_4"",""ResearchMaterials"":[{""item"":""material_gem"",""num"":2000}],""NotRequiredInResearch"":false,""BluePrintLevel"":0,""WeaponDropLevel"":-1,""NeedRecordConsume"":true,""IsFromMechFragment"":false,""Hero"":0,""SkinIndex"":0,""SkillIndex"":0,""AutoMerge"":false,""Name"":""blueprint_m_mech_4"",""Localization"":"""",""ItemValue"":0,""ItemLevel"":0,""Background"":{""spriteAtlas"":""RGTexture/sprite_atlas/items.spriteatlasv2"",""sprite"":""objects_pickable_0"",""tex"":""Assets/RGTexture/items/objects_pickable.png""},""Icon"":{""spriteAtlas"":""RGTexture/sprite_atlas/pet.spriteatlasv2"",""sprite"":""mech2_4"",""tex"":""Assets/RGTexture/pet/mech2.png""},""IconPosition"":{""x"":0.0,""y"":0.0,""z"":0.0},""IconScale"":0.5,""IconRotation"":0.0}"
blueprint_m_mech_3,BluePrint,Blueprint,"{""BlueprintType"":2,""ItemName"":""m_mech_3"",""ResearchMaterials"":[{""item"":""material_gem"",""num"":2000}],""NotRequiredInResearch"":false,""BluePrintLevel"":0,""WeaponDropLevel"":-1,""NeedRecordConsume"":true,""IsFromMechFragment"":false,""Hero"":0,""SkinIndex"":0,""SkillIndex"":0,""AutoMerge"":false,""Name"":""blueprint_m_mech_3"",""Localization"":"""",""ItemValue"":0,""ItemLevel"":0,""Background"":{""spriteAtlas"":""RGTexture/sprite_atlas/items.spriteatlasv2"",""sprite"":""objects_pickable_0"",""tex"":""Assets/RGTexture/items/objects_pickable.png""},""Icon"":{""spriteAtlas"":""RGTexture/sprite_atlas/pet.spriteatlasv2"",""sprite"":""mech2_3"",""tex"":""Assets/RGTexture/pet/mech2.png""},""IconPosition"":{""x"":0.0,""y"":0.0,""z"":0.0},""IconScale"":0.5,""IconRotation"":0.0}"
blueprint_m_mech_2,BluePrint,Blueprint,"{""BlueprintType"":2,""ItemName"":""m_mech_2"",""ResearchMaterials"":[{""item"":""material_gem"",""num"":2000}],""NotRequiredInResearch"":true,""BluePrintLevel"":0,""WeaponDropLevel"":-1,""NeedRecordConsume"":true,""IsFromMechFragment"":false,""Hero"":0,""SkinIndex"":0,""SkillIndex"":0,""AutoMerge"":false,""Name"":""blueprint_m_mech_2"",""Localization"":"""",""ItemValue"":0,""ItemLevel"":0,""Background"":{""spriteAtlas"":""RGTexture/sprite_atlas/items.spriteatlasv2"",""sprite"":""objects_pickable_0"",""tex"":""Assets/RGTexture/items/objects_pickable.png""},""Icon"":{""spriteAtlas"":""RGTexture/sprite_atlas/pet.spriteatlasv2"",""sprite"":""mech2_2"",""tex"":""Assets/RGTexture/pet/mech2.png""},""IconPosition"":{""x"":0.0,""y"":0.0,""z"":0.0},""IconScale"":0.5,""IconRotation"":0.0}"
blueprint_m_mech_5,BluePrint,Blueprint,"{""BlueprintType"":2,""ItemName"":""m_mech_5"",""ResearchMaterials"":[{""item"":""material_gem"",""num"":1500}],""NotRequiredInResearch"":false,""BluePrintLevel"":0,""WeaponDropLevel"":-1,""NeedRecordConsume"":true,""IsFromMechFragment"":false,""Hero"":0,""SkinIndex"":0,""SkillIndex"":0,""AutoMerge"":false,""Name"":""blueprint_m_mech_5"",""Localization"":"""",""ItemValue"":0,""ItemLevel"":0,""Background"":{""spriteAtlas"":""RGTexture/sprite_atlas/items.spriteatlasv2"",""sprite"":""objects_pickable_0"",""tex"":""Assets/RGTexture/items/objects_pickable.png""},""Icon"":{""spriteAtlas"":""RGTexture/sprite_atlas/pet.spriteatlasv2"",""sprite"":""m_lion_0"",""tex"":""Assets/RGTexture/pet/m_lion.png""},""IconPosition"":{""x"":0.0,""y"":-0.5,""z"":0.0},""IconScale"":0.5,""IconRotation"":0.0}"
blueprint_m_mech_8,BluePrint,Blueprint,"{""BlueprintType"":2,""ItemName"":""m_mech_8"",""ResearchMaterials"":[{""item"":""material_gem"",""num"":1500}],""NotRequiredInResearch"":false,""BluePrintLevel"":0,""WeaponDropLevel"":-1,""NeedRecordConsume"":true,""IsFromMechFragment"":false,""Hero"":0,""SkinIndex"":0,""SkillIndex"":0,""AutoMerge"":false,""Name"":""blueprint_m_mech_8"",""Localization"":"""",""ItemValue"":0,""ItemLevel"":0,""Background"":{""spriteAtlas"":""RGTexture/sprite_atlas/items.spriteatlasv2"",""sprite"":""objects_pickable_0"",""tex"":""Assets/RGTexture/items/objects_pickable.png""},""Icon"":{""spriteAtlas"":""RGTexture/sprite_atlas/pet.spriteatlasv2"",""sprite"":""motorcycle_12"",""tex"":""Assets/RGTexture/pet/motorcycle.png""},""IconPosition"":{""x"":0.03,""y"":0.0,""z"":0.0},""IconScale"":0.33,""IconRotation"":0.0}"
blueprint_m_mech_coin,BluePrint,Blueprint,"{""BlueprintType"":2,""ItemName"":""m_mech_coin"",""ResearchMaterials"":[],""NotRequiredInResearch"":false,""BluePrintLevel"":0,""WeaponDropLevel"":-1,""NeedRecordConsume"":false,""IsFromMechFragment"":true,""Hero"":0,""SkinIndex"":0,""SkillIndex"":0,""AutoMerge"":false,""Name"":""blueprint_m_mech_coin"",""Localization"":"""",""ItemValue"":0,""ItemLevel"":0,""Background"":{""spriteAtlas"":""RGTexture/sprite_atlas/items.spriteatlasv2"",""sprite"":""objects_pickable_0"",""tex"":""Assets/RGTexture/items/objects_pickable.png""},""Icon"":{""spriteAtlas"":""RGTexture/sprite_atlas/pet.spriteatlasv2"",""sprite"":""mech_coin_icon"",""tex"":""Assets/RGTexture/pet/mech_coin_icon.png""},""IconPosition"":{""x"":0.0,""y"":0.0,""z"":0.0},""IconScale"":0.75,""IconRotation"":0.0}"
blueprint_m_mech_9,BluePrint,Blueprint,"{""BlueprintType"":2,""ItemName"":""m_mech_9"",""ResearchMaterials"":[{""item"":""material_gem"",""num"":2000}],""NotRequiredInResearch"":false,""BluePrintLevel"":0,""WeaponDropLevel"":-1,""NeedRecordConsume"":true,""IsFromMechFragment"":false,""Hero"":0,""SkinIndex"":0,""SkillIndex"":0,""AutoMerge"":false,""Name"":""blueprint_m_mech_9"",""Localization"":"""",""ItemValue"":0,""ItemLevel"":0,""Background"":{""spriteAtlas"":""RGTexture/sprite_atlas/items.spriteatlasv2"",""sprite"":""objects_pickable_0"",""tex"":""Assets/RGTexture/items/objects_pickable.png""},""Icon"":{""spriteAtlas"":""RGTexture/sprite_atlas/pet.spriteatlasv2"",""sprite"":""m_mech_9"",""tex"":""Assets/RGTexture/pet/m_mech_9.png""},""IconPosition"":{""x"":0.0,""y"":0.04,""z"":0.0},""IconScale"":0.43,""IconRotation"":0.0}"
blueprint_multi_room_skin_0,BluePrint,Blueprint,"{""BlueprintType"":1,""ItemName"":""multi_room_skin_0"",""ResearchMaterials"":[{""item"":""material_gem"",""num"":1500}],""NotRequiredInResearch"":false,""BluePrintLevel"":0,""WeaponDropLevel"":-1,""NeedRecordConsume"":true,""IsFromMechFragment"":false,""Hero"":0,""SkinIndex"":0,""SkillIndex"":0,""AutoMerge"":false,""Name"":""blueprint_multi_room_skin_0"",""Localization"":"""",""ItemValue"":0,""ItemLevel"":0,""Background"":{""spriteAtlas"":""RGTexture/sprite_atlas/items.spriteatlasv2"",""sprite"":""objects_pickable_0"",""tex"":""Assets/RGTexture/items/objects_pickable.png""},""Icon"":{},""IconPosition"":{""x"":-0.454,""y"":0.0,""z"":0.0},""IconScale"":1.0,""IconRotation"":0.0}"
blueprint_multi_room_skin_1,BluePrint,Blueprint,"{""BlueprintType"":1,""ItemName"":""multi_room_skin_1"",""ResearchMaterials"":[{""item"":""material_gem"",""num"":1500}],""NotRequiredInResearch"":false,""BluePrintLevel"":0,""WeaponDropLevel"":-1,""NeedRecordConsume"":true,""IsFromMechFragment"":false,""Hero"":0,""SkinIndex"":0,""SkillIndex"":0,""AutoMerge"":false,""Name"":""blueprint_multi_room_skin_1"",""Localization"":"""",""ItemValue"":0,""ItemLevel"":0,""Background"":{""spriteAtlas"":""RGTexture/sprite_atlas/items.spriteatlasv2"",""sprite"":""objects_pickable_0"",""tex"":""Assets/RGTexture/items/objects_pickable.png""},""Icon"":{},""IconPosition"":{""x"":-0.454,""y"":0.0,""z"":0.0},""IconScale"":1.0,""IconRotation"":0.0}"
blueprint_multi_room_skin_2,BluePrint,Blueprint,"{""BlueprintType"":1,""ItemName"":""multi_room_skin_2"",""ResearchMaterials"":[{""item"":""material_gem"",""num"":1500}],""NotRequiredInResearch"":false,""BluePrintLevel"":0,""WeaponDropLevel"":-1,""NeedRecordConsume"":true,""IsFromMechFragment"":false,""Hero"":0,""SkinIndex"":0,""SkillIndex"":0,""AutoMerge"":false,""Name"":""blueprint_multi_room_skin_2"",""Localization"":"""",""ItemValue"":0,""ItemLevel"":0,""Background"":{""spriteAtlas"":""RGTexture/sprite_atlas/items.spriteatlasv2"",""sprite"":""objects_pickable_0"",""tex"":""Assets/RGTexture/items/objects_pickable.png""},""Icon"":{},""IconPosition"":{""x"":-0.454,""y"":0.0,""z"":0.0},""IconScale"":1.0,""IconRotation"":0.0}"
blueprint_multi_room_skin_3,BluePrint,Blueprint,"{""BlueprintType"":1,""ItemName"":""multi_room_skin_3"",""ResearchMaterials"":[{""item"":""material_gem"",""num"":1500}],""NotRequiredInResearch"":false,""BluePrintLevel"":0,""WeaponDropLevel"":-1,""NeedRecordConsume"":true,""IsFromMechFragment"":false,""Hero"":0,""SkinIndex"":0,""SkillIndex"":0,""AutoMerge"":false,""Name"":""blueprint_multi_room_skin_3"",""Localization"":"""",""ItemValue"":0,""ItemLevel"":0,""Background"":{""spriteAtlas"":""RGTexture/sprite_atlas/items.spriteatlasv2"",""sprite"":""objects_pickable_0"",""tex"":""Assets/RGTexture/items/objects_pickable.png""},""Icon"":{},""IconPosition"":{""x"":-0.454,""y"":0.0,""z"":0.0},""IconScale"":1.0,""IconRotation"":0.0}"
blueprint_multi_room_skin_4,BluePrint,Blueprint,"{""BlueprintType"":1,""ItemName"":""multi_room_skin_4"",""ResearchMaterials"":[{""item"":""material_gem"",""num"":1500}],""NotRequiredInResearch"":false,""BluePrintLevel"":0,""WeaponDropLevel"":-1,""NeedRecordConsume"":true,""IsFromMechFragment"":false,""Hero"":0,""SkinIndex"":0,""SkillIndex"":0,""AutoMerge"":false,""Name"":""blueprint_multi_room_skin_4"",""Localization"":"""",""ItemValue"":0,""ItemLevel"":0,""Background"":{""spriteAtlas"":""RGTexture/sprite_atlas/items.spriteatlasv2"",""sprite"":""objects_pickable_0"",""tex"":""Assets/RGTexture/items/objects_pickable.png""},""Icon"":{},""IconPosition"":{""x"":-0.454,""y"":0.0,""z"":0.0},""IconScale"":1.0,""IconRotation"":0.0}"
blueprint_multi_room_skin_5,BluePrint,Blueprint,"{""BlueprintType"":1,""ItemName"":""multi_room_skin_5"",""ResearchMaterials"":[{""item"":""material_gem"",""num"":1500}],""NotRequiredInResearch"":false,""BluePrintLevel"":0,""WeaponDropLevel"":-1,""NeedRecordConsume"":true,""IsFromMechFragment"":false,""Hero"":0,""SkinIndex"":0,""SkillIndex"":0,""AutoMerge"":false,""Name"":""blueprint_multi_room_skin_5"",""Localization"":"""",""ItemValue"":0,""ItemLevel"":0,""Background"":{""spriteAtlas"":""RGTexture/sprite_atlas/items.spriteatlasv2"",""sprite"":""objects_pickable_0"",""tex"":""Assets/RGTexture/items/objects_pickable.png""},""Icon"":{},""IconPosition"":{""x"":-0.454,""y"":0.0,""z"":0.0},""IconScale"":1.0,""IconRotation"":0.0}"
blueprint_multi_room_skin_6,BluePrint,Blueprint,"{""BlueprintType"":1,""ItemName"":""multi_room_skin_6"",""ResearchMaterials"":[{""item"":""material_gem"",""num"":1500}],""NotRequiredInResearch"":false,""BluePrintLevel"":0,""WeaponDropLevel"":-1,""NeedRecordConsume"":true,""IsFromMechFragment"":false,""Hero"":0,""SkinIndex"":0,""SkillIndex"":0,""AutoMerge"":false,""Name"":""blueprint_multi_room_skin_6"",""Localization"":"""",""ItemValue"":0,""ItemLevel"":0,""Background"":{""spriteAtlas"":""RGTexture/sprite_atlas/items.spriteatlasv2"",""sprite"":""objects_pickable_0"",""tex"":""Assets/RGTexture/items/objects_pickable.png""},""Icon"":{},""IconPosition"":{""x"":-0.454,""y"":0.0,""z"":0.0},""IconScale"":1.0,""IconRotation"":0.0}"
blueprint_multi_room_skin_7,BluePrint,Blueprint,"{""BlueprintType"":1,""ItemName"":""multi_room_skin_7"",""ResearchMaterials"":[{""item"":""material_gem"",""num"":1500}],""NotRequiredInResearch"":false,""BluePrintLevel"":0,""WeaponDropLevel"":-1,""NeedRecordConsume"":true,""IsFromMechFragment"":false,""Hero"":0,""SkinIndex"":0,""SkillIndex"":0,""AutoMerge"":false,""Name"":""blueprint_multi_room_skin_7"",""Localization"":"""",""ItemValue"":0,""ItemLevel"":0,""Background"":{""spriteAtlas"":""RGTexture/sprite_atlas/items.spriteatlasv2"",""sprite"":""objects_pickable_0"",""tex"":""Assets/RGTexture/items/objects_pickable.png""},""Icon"":{},""IconPosition"":{""x"":-0.454,""y"":0.0,""z"":0.0},""IconScale"":1.0,""IconRotation"":0.0}"
blueprint_multi_room_skin_8,BluePrint,Blueprint,"{""BlueprintType"":1,""ItemName"":""multi_room_skin_8"",""ResearchMaterials"":[{""item"":""material_gem"",""num"":1500}],""NotRequiredInResearch"":false,""BluePrintLevel"":0,""WeaponDropLevel"":-1,""NeedRecordConsume"":true,""IsFromMechFragment"":false,""Hero"":0,""SkinIndex"":0,""SkillIndex"":0,""AutoMerge"":false,""Name"":""blueprint_multi_room_skin_8"",""Localization"":"""",""ItemValue"":0,""ItemLevel"":0,""Background"":{""spriteAtlas"":""RGTexture/sprite_atlas/items.spriteatlasv2"",""sprite"":""objects_pickable_0"",""tex"":""Assets/RGTexture/items/objects_pickable.png""},""Icon"":{},""IconPosition"":{""x"":-0.454,""y"":0.0,""z"":0.0},""IconScale"":1.0,""IconRotation"":0.0}"
blueprint_multi_room_skin_9,BluePrint,Blueprint,"{""BlueprintType"":1,""ItemName"":""multi_room_skin_9"",""ResearchMaterials"":[{""item"":""material_gem"",""num"":1500}],""NotRequiredInResearch"":false,""BluePrintLevel"":0,""WeaponDropLevel"":-1,""NeedRecordConsume"":true,""IsFromMechFragment"":false,""Hero"":0,""SkinIndex"":0,""SkillIndex"":0,""AutoMerge"":false,""Name"":""blueprint_multi_room_skin_9"",""Localization"":"""",""ItemValue"":0,""ItemLevel"":0,""Background"":{""spriteAtlas"":""RGTexture/sprite_atlas/items.spriteatlasv2"",""sprite"":""objects_pickable_0"",""tex"":""Assets/RGTexture/items/objects_pickable.png""},""Icon"":{},""IconPosition"":{""x"":-0.454,""y"":0.0,""z"":0.0},""IconScale"":1.0,""IconRotation"":0.0}"
blueprint_multi_room_skin_10,BluePrint,Blueprint,"{""BlueprintType"":1,""ItemName"":""multi_room_skin_10"",""ResearchMaterials"":[{""item"":""material_gem"",""num"":1500}],""NotRequiredInResearch"":false,""BluePrintLevel"":0,""WeaponDropLevel"":-1,""NeedRecordConsume"":true,""IsFromMechFragment"":false,""Hero"":0,""SkinIndex"":0,""SkillIndex"":0,""AutoMerge"":false,""Name"":""blueprint_multi_room_skin_10"",""Localization"":"""",""ItemValue"":0,""ItemLevel"":0,""Background"":{""spriteAtlas"":""RGTexture/sprite_atlas/items.spriteatlasv2"",""sprite"":""objects_pickable_0"",""tex"":""Assets/RGTexture/items/objects_pickable.png""},""Icon"":{},""IconPosition"":{""x"":-0.454,""y"":0.0,""z"":0.0},""IconScale"":1.0,""IconRotation"":0.0}"
blueprint_skill_Druid_1,BluePrint,Blueprint,"{""BlueprintType"":4,""ItemName"":""Character11_skill_1_name"",""ResearchMaterials"":[{""item"":""material_skill_Druid_1"",""num"":8}],""NotRequiredInResearch"":true,""BluePrintLevel"":0,""WeaponDropLevel"":-1,""NeedRecordConsume"":true,""IsFromMechFragment"":false,""Hero"":11,""SkinIndex"":0,""SkillIndex"":1,""AutoMerge"":false,""Name"":""blueprint_skill_Druid_1"",""Localization"":"""",""ItemValue"":0,""ItemLevel"":0,""Background"":{""spriteAtlas"":""RGTexture/sprite_atlas/items.spriteatlasv2"",""sprite"":""objects_pickable_8"",""tex"":""Assets/RGTexture/items/objects_pickable.png""},""Icon"":{""spriteAtlas"":""RGTexture/sprite_atlas/ui/common.spriteatlasv2"",""sprite"":""druid_1"",""tex"":""Assets/RGTexture/ui/common/druid_1.png""},""IconPosition"":{""x"":-0.05,""y"":0.055,""z"":0.0},""IconScale"":1.0,""IconRotation"":0.0}"
blueprint_skill_Officer_2,BluePrint,Blueprint,"{""BlueprintType"":4,""ItemName"":""Character15_skill_2_name"",""ResearchMaterials"":[{""item"":""material_skill_Officer_2"",""num"":8}],""NotRequiredInResearch"":true,""BluePrintLevel"":0,""WeaponDropLevel"":-1,""NeedRecordConsume"":true,""IsFromMechFragment"":false,""Hero"":15,""SkinIndex"":0,""SkillIndex"":2,""AutoMerge"":false,""Name"":""blueprint_skill_Officer_2"",""Localization"":"""",""ItemValue"":0,""ItemLevel"":0,""Background"":{""spriteAtlas"":""RGTexture/sprite_atlas/items.spriteatlasv2"",""sprite"":""objects_pickable_8"",""tex"":""Assets/RGTexture/items/objects_pickable.png""},""Icon"":{""spriteAtlas"":""RGTexture/sprite_atlas/ui/common.spriteatlasv2"",""sprite"":""officer_2"",""tex"":""Assets/RGTexture/ui/common/officer_2.png""},""IconPosition"":{""x"":-0.045,""y"":0.027,""z"":0.0},""IconScale"":1.0,""IconRotation"":0.0}"
blueprint_skill_Paladin_2,BluePrint,Blueprint,"{""BlueprintType"":4,""ItemName"":""Character7_skill_2_name"",""ResearchMaterials"":[{""item"":""material_skill_Paladin_2"",""num"":8}],""NotRequiredInResearch"":true,""BluePrintLevel"":0,""WeaponDropLevel"":-1,""NeedRecordConsume"":true,""IsFromMechFragment"":false,""Hero"":7,""SkinIndex"":0,""SkillIndex"":2,""AutoMerge"":false,""Name"":""blueprint_skill_Paladin_2"",""Localization"":"""",""ItemValue"":0,""ItemLevel"":0,""Background"":{""spriteAtlas"":""RGTexture/sprite_atlas/items.spriteatlasv2"",""sprite"":""objects_pickable_8"",""tex"":""Assets/RGTexture/items/objects_pickable.png""},""Icon"":{""spriteAtlas"":""RGTexture/sprite_atlas/ui/common.spriteatlasv2"",""sprite"":""paladin_2"",""tex"":""Assets/RGTexture/ui/common/paladin_2.png""},""IconPosition"":{""x"":-0.1,""y"":0.0,""z"":0.0},""IconScale"":1.0,""IconRotation"":0.0}"
blueprint_skill_Priest_1,BluePrint,Blueprint,"{""BlueprintType"":4,""ItemName"":""Character10_skill_1_name"",""ResearchMaterials"":[{""item"":""material_skill_Priest_1"",""num"":8}],""NotRequiredInResearch"":true,""BluePrintLevel"":0,""WeaponDropLevel"":-1,""NeedRecordConsume"":true,""IsFromMechFragment"":false,""Hero"":10,""SkinIndex"":0,""SkillIndex"":1,""AutoMerge"":false,""Name"":""blueprint_skill_Priest_1"",""Localization"":"""",""ItemValue"":0,""ItemLevel"":0,""Background"":{""spriteAtlas"":""RGTexture/sprite_atlas/items.spriteatlasv2"",""sprite"":""objects_pickable_8"",""tex"":""Assets/RGTexture/items/objects_pickable.png""},""Icon"":{""spriteAtlas"":""RGTexture/sprite_atlas/ui/common.spriteatlasv2"",""sprite"":""priest_1"",""tex"":""Assets/RGTexture/ui/common/priest_1.png""},""IconPosition"":{""x"":-0.1,""y"":0.0,""z"":0.0},""IconScale"":1.0,""IconRotation"":0.0}"
blueprint_skill_Viking_2,BluePrint,Blueprint,"{""BlueprintType"":4,""ItemName"":""Character13_skill_2_name"",""ResearchMaterials"":[{""item"":""material_skill_Viking_2"",""num"":8}],""NotRequiredInResearch"":true,""BluePrintLevel"":0,""WeaponDropLevel"":-1,""NeedRecordConsume"":true,""IsFromMechFragment"":false,""Hero"":13,""SkinIndex"":0,""SkillIndex"":2,""AutoMerge"":false,""Name"":""blueprint_skill_Viking_2"",""Localization"":"""",""ItemValue"":0,""ItemLevel"":0,""Background"":{""spriteAtlas"":""RGTexture/sprite_atlas/items.spriteatlasv2"",""sprite"":""objects_pickable_8"",""tex"":""Assets/RGTexture/items/objects_pickable.png""},""Icon"":{""spriteAtlas"":""RGTexture/sprite_atlas/ui/common.spriteatlasv2"",""sprite"":""viking_2"",""tex"":""Assets/RGTexture/ui/common/viking_2.png""},""IconPosition"":{""x"":-0.1,""y"":0.0,""z"":0.0},""IconScale"":1.0,""IconRotation"":0.0}"
blueprint_skill_Warlock_1,BluePrint,Blueprint,"{""BlueprintType"":4,""ItemName"":""Character23_skill_1_name"",""ResearchMaterials"":[{""item"":""material_skill_Warlock_1"",""num"":8}],""NotRequiredInResearch"":true,""BluePrintLevel"":0,""WeaponDropLevel"":-1,""NeedRecordConsume"":false,""IsFromMechFragment"":false,""Hero"":23,""SkinIndex"":0,""SkillIndex"":1,""AutoMerge"":false,""Name"":""blueprint_skill_Warlock_1"",""Localization"":"""",""ItemValue"":0,""ItemLevel"":0,""Background"":{""spriteAtlas"":""RGTexture/sprite_atlas/items.spriteatlasv2"",""sprite"":""objects_pickable_8"",""tex"":""Assets/RGTexture/items/objects_pickable.png""},""Icon"":{""spriteAtlas"":""RGTexture/sprite_atlas/ui/common.spriteatlasv2"",""sprite"":""warlock_skill_1_icon"",""tex"":""Assets/RGTexture/ui/common/warlock_skill_1_icon.png""},""IconPosition"":{""x"":-0.06,""y"":0.06,""z"":0.0},""IconScale"":0.9,""IconRotation"":0.0}"
blueprint_skin_alchemist_14,BluePrint,Blueprint,"{""BlueprintType"":5,""ItemName"":""Character4_name_skin14"",""ResearchMaterials"":[{""item"":""material_skin_fragment_c4_s14"",""num"":8}],""NotRequiredInResearch"":true,""BluePrintLevel"":0,""WeaponDropLevel"":-1,""NeedRecordConsume"":true,""IsFromMechFragment"":false,""Hero"":4,""SkinIndex"":14,""SkillIndex"":0,""AutoMerge"":false,""Name"":""blueprint_skin_alchemist_14"",""Localization"":"""",""ItemValue"":0,""ItemLevel"":0,""Background"":{},""Icon"":{""spriteAtlas"":""RGTexture/sprite_atlas/items.spriteatlasv2"",""sprite"":""objects_pickable_c4_s14_0"",""tex"":""Assets/RGTexture/items/objects_pickable_c4_s14.png""},""IconPosition"":{""x"":0.0,""y"":0.0,""z"":0.0},""IconScale"":1.0,""IconRotation"":0.0}"
blueprint_skin_alchemist_8,BluePrint,Blueprint,"{""BlueprintType"":5,""ItemName"":""Character4_name_skin8"",""ResearchMaterials"":[{""item"":""material_gem"",""num"":1000},{""item"":""material_skin_fragment_law"",""num"":8}],""NotRequiredInResearch"":true,""BluePrintLevel"":0,""WeaponDropLevel"":-1,""NeedRecordConsume"":true,""IsFromMechFragment"":false,""Hero"":4,""SkinIndex"":8,""SkillIndex"":0,""AutoMerge"":false,""Name"":""blueprint_skin_alchemist_8"",""Localization"":"""",""ItemValue"":0,""ItemLevel"":0,""Background"":{},""Icon"":{""spriteAtlas"":""RGTexture/sprite_atlas/items.spriteatlasv2"",""sprite"":""objects_pickable_75"",""tex"":""Assets/RGTexture/items/objects_pickable.png""},""IconPosition"":{""x"":0.0,""y"":0.0,""z"":0.0},""IconScale"":1.0,""IconRotation"":0.0}"
blueprint_skin_elves_9,BluePrint,Blueprint,"{""BlueprintType"":5,""ItemName"":""Character8_name_skin9"",""ResearchMaterials"":[{""item"":""material_gem"",""num"":1000},{""item"":""material_skin_fragment_flag"",""num"":8}],""NotRequiredInResearch"":true,""BluePrintLevel"":0,""WeaponDropLevel"":-1,""NeedRecordConsume"":true,""IsFromMechFragment"":false,""Hero"":8,""SkinIndex"":9,""SkillIndex"":0,""AutoMerge"":false,""Name"":""blueprint_skin_elves_9"",""Localization"":"""",""ItemValue"":0,""ItemLevel"":0,""Background"":{},""Icon"":{""spriteAtlas"":""RGTexture/sprite_atlas/items.spriteatlasv2"",""sprite"":""objects_pickable_74"",""tex"":""Assets/RGTexture/items/objects_pickable.png""},""IconPosition"":{""x"":0.0,""y"":0.0,""z"":0.0},""IconScale"":1.0,""IconRotation"":0.0}"
blueprint_skin_knight_20,BluePrint,Blueprint,"{""BlueprintType"":5,""ItemName"":""Character0_name_skin20"",""ResearchMaterials"":[{""item"":""material_skin_fragment_c0_s20"",""num"":8}],""NotRequiredInResearch"":true,""BluePrintLevel"":0,""WeaponDropLevel"":-1,""NeedRecordConsume"":true,""IsFromMechFragment"":false,""Hero"":0,""SkinIndex"":20,""SkillIndex"":0,""AutoMerge"":false,""Name"":""blueprint_skin_knight_20"",""Localization"":"""",""ItemValue"":0,""ItemLevel"":0,""Background"":{},""Icon"":{""spriteAtlas"":""RGTexture/sprite_atlas/items.spriteatlasv2"",""sprite"":""objects_pickable_c0_s20_0"",""tex"":""Assets/RGTexture/items/objects_pickable_c0_s20.png""},""IconPosition"":{""x"":0.0,""y"":0.0,""z"":0.0},""IconScale"":1.0,""IconRotation"":0.0}"
blueprint_skin_ranger_12,BluePrint,Blueprint,"{""BlueprintType"":5,""ItemName"":""Character2_name_skin12"",""ResearchMaterials"":[{""item"":""material_gem"",""num"":500},{""item"":""material_magic_green"",""num"":2},{""item"":""material_skin_fragment_boss30"",""num"":1}],""NotRequiredInResearch"":true,""BluePrintLevel"":0,""WeaponDropLevel"":-1,""NeedRecordConsume"":true,""IsFromMechFragment"":false,""Hero"":1,""SkinIndex"":12,""SkillIndex"":0,""AutoMerge"":false,""Name"":""blueprint_skin_ranger_12"",""Localization"":"""",""ItemValue"":0,""ItemLevel"":0,""Background"":{},""Icon"":{""spriteAtlas"":""RGTexture/sprite_atlas/items.spriteatlasv2"",""sprite"":""objects_pickable_90"",""tex"":""Assets/RGTexture/items/objects_pickable.png""},""IconPosition"":{""x"":0.0,""y"":0.0,""z"":0.0},""IconScale"":1.0,""IconRotation"":0.0}"
blueprint_skin_ranger_6,BluePrint,Blueprint,"{""BlueprintType"":5,""ItemName"":""Character11_skill_1_name"",""ResearchMaterials"":[{""item"":""material_gem"",""num"":1000},{""item"":""material_skin_fragment_shop"",""num"":8}],""NotRequiredInResearch"":true,""BluePrintLevel"":0,""WeaponDropLevel"":-1,""NeedRecordConsume"":true,""IsFromMechFragment"":false,""Hero"":1,""SkinIndex"":6,""SkillIndex"":0,""AutoMerge"":false,""Name"":""blueprint_skin_ranger_6"",""Localization"":"""",""ItemValue"":0,""ItemLevel"":0,""Background"":{},""Icon"":{""spriteAtlas"":""RGTexture/sprite_atlas/items.spriteatlasv2"",""sprite"":""objects_pickable_52"",""tex"":""Assets/RGTexture/items/objects_pickable.png""},""IconPosition"":{""x"":0.0,""y"":0.0,""z"":0.0},""IconScale"":1.0,""IconRotation"":0.0}"
blueprint_skin_robot_12,BluePrint,Blueprint,"{""BlueprintType"":5,""ItemName"":""Character12_name_skin12"",""ResearchMaterials"":[{""item"":""material_skin_fragment_c12_s12"",""num"":8}],""NotRequiredInResearch"":true,""BluePrintLevel"":0,""WeaponDropLevel"":-1,""NeedRecordConsume"":true,""IsFromMechFragment"":false,""Hero"":12,""SkinIndex"":12,""SkillIndex"":0,""AutoMerge"":false,""Name"":""blueprint_skin_robot_12"",""Localization"":"""",""ItemValue"":0,""ItemLevel"":0,""Background"":{},""Icon"":{""spriteAtlas"":""RGTexture/sprite_atlas/items.spriteatlasv2"",""sprite"":""objects_pickable_91"",""tex"":""Assets/RGTexture/items/objects_pickable.png""},""IconPosition"":{""x"":0.0,""y"":0.0,""z"":0.0},""IconScale"":1.0,""IconRotation"":0.0}"
blueprint_skin_taoist_6,BluePrint,Blueprint,"{""BlueprintType"":5,""ItemName"":""Character16_name_skin6"",""ResearchMaterials"":[{""item"":""material_gem"",""num"":1000},{""item"":""material_skin_fragment_c16_s6"",""num"":8}],""NotRequiredInResearch"":true,""BluePrintLevel"":0,""WeaponDropLevel"":-1,""NeedRecordConsume"":true,""IsFromMechFragment"":false,""Hero"":16,""SkinIndex"":6,""SkillIndex"":0,""AutoMerge"":false,""Name"":""blueprint_skin_taoist_6"",""Localization"":"""",""ItemValue"":0,""ItemLevel"":0,""Background"":{},""Icon"":{""spriteAtlas"":""RGTexture/sprite_atlas/items.spriteatlasv2"",""sprite"":""objects_pickable_78"",""tex"":""Assets/RGTexture/items/objects_pickable.png""},""IconPosition"":{""x"":0.0,""y"":0.0,""z"":0.0},""IconScale"":1.0,""IconRotation"":0.0}"
blueprint_skin_viking_19,BluePrint,Blueprint,"{""BlueprintType"":5,""ItemName"":""Character13_name_skin19"",""ResearchMaterials"":[{""item"":""material_skin_fragment_c13_s19"",""num"":8}],""NotRequiredInResearch"":true,""BluePrintLevel"":0,""WeaponDropLevel"":-1,""NeedRecordConsume"":true,""IsFromMechFragment"":false,""Hero"":13,""SkinIndex"":19,""SkillIndex"":0,""AutoMerge"":false,""Name"":""blueprint_skin_viking_19"",""Localization"":"""",""ItemValue"":0,""ItemLevel"":0,""Background"":{},""Icon"":{""spriteAtlas"":""RGTexture/sprite_atlas/items.spriteatlasv2"",""sprite"":""objects_pickable_c13_s19_0"",""tex"":""Assets/RGTexture/items/objects_pickable_c13_s19.png""},""IconPosition"":{""x"":0.0,""y"":0.0,""z"":0.0},""IconScale"":1.0,""IconRotation"":0.0}"
blueprint_skin_paladin_7,BluePrint,Blueprint,"{""BlueprintType"":5,""ItemName"":""Character7_name_skin7"",""ResearchMaterials"":[{""item"":""material_gem"",""num"":1000},{""item"":""material_skin_fragment_boss01"",""num"":8}],""NotRequiredInResearch"":true,""BluePrintLevel"":0,""WeaponDropLevel"":-1,""NeedRecordConsume"":true,""IsFromMechFragment"":false,""Hero"":7,""SkinIndex"":7,""SkillIndex"":0,""AutoMerge"":false,""Name"":""blueprint_skin_paladin_7"",""Localization"":"""",""ItemValue"":0,""ItemLevel"":0,""Background"":{},""Icon"":{""spriteAtlas"":""RGTexture/sprite_atlas/items.spriteatlasv2"",""sprite"":""objects_pickable_44"",""tex"":""Assets/RGTexture/items/objects_pickable.png""},""IconPosition"":{""x"":0.0,""y"":0.0,""z"":0.0},""IconScale"":1.0,""IconRotation"":0.0}"
blueprint_skin_paladin_12,BluePrint,Blueprint,"{""BlueprintType"":5,""ItemName"":""Character7_name_skin12"",""ResearchMaterials"":[{""item"":""material_gem"",""num"":1000},{""item"":""material_skin_fragment_c7_s12"",""num"":8}],""NotRequiredInResearch"":true,""BluePrintLevel"":0,""WeaponDropLevel"":-1,""NeedRecordConsume"":true,""IsFromMechFragment"":false,""Hero"":7,""SkinIndex"":12,""SkillIndex"":0,""AutoMerge"":false,""Name"":""blueprint_skin_paladin_12"",""Localization"":"""",""ItemValue"":0,""ItemLevel"":0,""Background"":{},""Icon"":{""spriteAtlas"":""RGTexture/sprite_atlas/items.spriteatlasv2"",""sprite"":""objects_pickable_80"",""tex"":""Assets/RGTexture/items/objects_pickable.png""},""IconPosition"":{""x"":0.0,""y"":0.0,""z"":0.0},""IconScale"":1.0,""IconRotation"":0.0}"
blueprint_skin_viking_4,BluePrint,Blueprint,"{""BlueprintType"":5,""ItemName"":""Character13_name_skin4"",""ResearchMaterials"":[{""item"":""material_gem"",""num"":1000},{""item"":""material_skin_fragment_boss16"",""num"":8}],""NotRequiredInResearch"":true,""BluePrintLevel"":0,""WeaponDropLevel"":-1,""NeedRecordConsume"":true,""IsFromMechFragment"":false,""Hero"":13,""SkinIndex"":4,""SkillIndex"":0,""AutoMerge"":false,""Name"":""blueprint_skin_viking_4"",""Localization"":"""",""ItemValue"":0,""ItemLevel"":0,""Background"":{},""Icon"":{""spriteAtlas"":""RGTexture/sprite_atlas/items.spriteatlasv2"",""sprite"":""objects_pickable_43"",""tex"":""Assets/RGTexture/items/objects_pickable.png""},""IconPosition"":{""x"":0.0,""y"":0.0,""z"":0.0},""IconScale"":1.0,""IconRotation"":0.0}"
blueprint_skin_viking_6,BluePrint,Blueprint,"{""BlueprintType"":5,""ItemName"":""Character13_name_skin6"",""ResearchMaterials"":[{""item"":""material_gem"",""num"":1000},{""item"":""material_skin_fragment_c12_s6"",""num"":8}],""NotRequiredInResearch"":true,""BluePrintLevel"":0,""WeaponDropLevel"":-1,""NeedRecordConsume"":true,""IsFromMechFragment"":false,""Hero"":13,""SkinIndex"":6,""SkillIndex"":0,""AutoMerge"":false,""Name"":""blueprint_skin_viking_6"",""Localization"":"""",""ItemValue"":0,""ItemLevel"":0,""Background"":{},""Icon"":{""spriteAtlas"":""RGTexture/sprite_atlas/items.spriteatlasv2"",""sprite"":""objects_pickable_55"",""tex"":""Assets/RGTexture/items/objects_pickable.png""},""IconPosition"":{""x"":0.0,""y"":0.0,""z"":0.0},""IconScale"":1.0,""IconRotation"":0.0}"
blueprint_skin_mage_7,BluePrint,Blueprint,"{""BlueprintType"":5,""ItemName"":""Character2_name_skin7"",""ResearchMaterials"":[{""item"":""material_gem"",""num"":1000},{""item"":""material_skin_fragment_boss02"",""num"":8}],""NotRequiredInResearch"":true,""BluePrintLevel"":0,""WeaponDropLevel"":-1,""NeedRecordConsume"":true,""IsFromMechFragment"":false,""Hero"":2,""SkinIndex"":7,""SkillIndex"":0,""AutoMerge"":false,""Name"":""blueprint_skin_mage_7"",""Localization"":"""",""ItemValue"":0,""ItemLevel"":0,""Background"":{},""Icon"":{""spriteAtlas"":""RGTexture/sprite_atlas/items.spriteatlasv2"",""sprite"":""objects_pickable_42"",""tex"":""Assets/RGTexture/items/objects_pickable.png""},""IconPosition"":{""x"":0.0,""y"":0.0,""z"":0.0},""IconScale"":1.0,""IconRotation"":0.0}"
blueprint_skin_elves_6,BluePrint,Blueprint,"{""BlueprintType"":5,""ItemName"":""Character8_name_skin6"",""ResearchMaterials"":[{""item"":""material_gem"",""num"":1000},{""item"":""material_skin_fragment_boss07"",""num"":8}],""NotRequiredInResearch"":true,""BluePrintLevel"":0,""WeaponDropLevel"":-1,""NeedRecordConsume"":true,""IsFromMechFragment"":false,""Hero"":8,""SkinIndex"":6,""SkillIndex"":0,""AutoMerge"":false,""Name"":""blueprint_skin_elves_6"",""Localization"":"""",""ItemValue"":0,""ItemLevel"":0,""Background"":{},""Icon"":{""spriteAtlas"":""RGTexture/sprite_atlas/items.spriteatlasv2"",""sprite"":""objects_pickable_48"",""tex"":""Assets/RGTexture/items/objects_pickable.png""},""IconPosition"":{""x"":0.0,""y"":0.0,""z"":0.0},""IconScale"":1.0,""IconRotation"":0.0}"
blueprint_skin_vampire_7,BluePrint,Blueprint,"{""BlueprintType"":5,""ItemName"":""Character6_name_skin7"",""ResearchMaterials"":[{""item"":""material_gem"",""num"":1000},{""item"":""material_skin_fragment_boss15"",""num"":8}],""NotRequiredInResearch"":true,""BluePrintLevel"":0,""WeaponDropLevel"":-1,""NeedRecordConsume"":true,""IsFromMechFragment"":false,""Hero"":6,""SkinIndex"":7,""SkillIndex"":0,""AutoMerge"":false,""Name"":""blueprint_skin_vampire_7"",""Localization"":"""",""ItemValue"":0,""ItemLevel"":0,""Background"":{},""Icon"":{""spriteAtlas"":""RGTexture/sprite_atlas/items.spriteatlasv2"",""sprite"":""objects_pickable_49"",""tex"":""Assets/RGTexture/items/objects_pickable.png""},""IconPosition"":{""x"":0.0,""y"":0.0,""z"":0.0},""IconScale"":1.0,""IconRotation"":0.0}"
blueprint_skin_werewolf_9,BluePrint,Blueprint,"{""BlueprintType"":5,""ItemName"":""Character9_name_skin9"",""ResearchMaterials"":[{""item"":""material_gem"",""num"":1000},{""item"":""material_skin_fragment_boss10"",""num"":8}],""NotRequiredInResearch"":true,""BluePrintLevel"":0,""WeaponDropLevel"":-1,""NeedRecordConsume"":true,""IsFromMechFragment"":false,""Hero"":9,""SkinIndex"":9,""SkillIndex"":0,""AutoMerge"":false,""Name"":""blueprint_skin_werewolf_9"",""Localization"":"""",""ItemValue"":0,""ItemLevel"":0,""Background"":{},""Icon"":{""spriteAtlas"":""RGTexture/sprite_atlas/items.spriteatlasv2"",""sprite"":""objects_pickable_50"",""tex"":""Assets/RGTexture/items/objects_pickable.png""},""IconPosition"":{""x"":0.0,""y"":0.0,""z"":0.0},""IconScale"":1.0,""IconRotation"":0.0}"
blueprint_skin_priest_5,BluePrint,Blueprint,"{""BlueprintType"":5,""ItemName"":""Character10_name_skin5"",""ResearchMaterials"":[{""item"":""material_gem"",""num"":1000},{""item"":""material_skin_fragment_boss18"",""num"":8}],""NotRequiredInResearch"":true,""BluePrintLevel"":0,""WeaponDropLevel"":-1,""NeedRecordConsume"":true,""IsFromMechFragment"":false,""Hero"":10,""SkinIndex"":5,""SkillIndex"":0,""AutoMerge"":false,""Name"":""blueprint_skin_priest_5"",""Localization"":"""",""ItemValue"":0,""ItemLevel"":0,""Background"":{},""Icon"":{""spriteAtlas"":""RGTexture/sprite_atlas/items.spriteatlasv2"",""sprite"":""objects_pickable_51"",""tex"":""Assets/RGTexture/items/objects_pickable.png""},""IconPosition"":{""x"":0.0,""y"":0.0,""z"":0.0},""IconScale"":1.0,""IconRotation"":0.0}"
blueprint_skin_engineer_8,BluePrint,Blueprint,"{""BlueprintType"":5,""ItemName"":""Character5_name_skin8"",""ResearchMaterials"":[{""item"":""material_gem"",""num"":1500},{""item"":""material_skin_fragment_c5_s8"",""num"":4}],""NotRequiredInResearch"":true,""BluePrintLevel"":0,""WeaponDropLevel"":-1,""NeedRecordConsume"":true,""IsFromMechFragment"":false,""Hero"":5,""SkinIndex"":8,""SkillIndex"":0,""AutoMerge"":false,""Name"":""blueprint_skin_engineer_8"",""Localization"":"""",""ItemValue"":0,""ItemLevel"":0,""Background"":{},""Icon"":{""spriteAtlas"":""RGTexture/sprite_atlas/items.spriteatlasv2"",""sprite"":""objects_pickable_62"",""tex"":""Assets/RGTexture/items/objects_pickable.png""},""IconPosition"":{""x"":0.0,""y"":0.0,""z"":0.0},""IconScale"":1.0,""IconRotation"":0.0}"
blueprint_skin_robot_6,BluePrint,Blueprint,"{""BlueprintType"":5,""ItemName"":""Character12_name_skin6"",""ResearchMaterials"":[{""item"":""material_gem"",""num"":1500},{""item"":""material_skin_fragment_c12_s06"",""num"":4}],""NotRequiredInResearch"":true,""BluePrintLevel"":0,""WeaponDropLevel"":-1,""NeedRecordConsume"":true,""IsFromMechFragment"":false,""Hero"":12,""SkinIndex"":6,""SkillIndex"":0,""AutoMerge"":false,""Name"":""blueprint_skin_robot_6"",""Localization"":"""",""ItemValue"":0,""ItemLevel"":0,""Background"":{},""Icon"":{""spriteAtlas"":""RGTexture/sprite_atlas/items.spriteatlasv2"",""sprite"":""objects_pickable_63"",""tex"":""Assets/RGTexture/items/objects_pickable.png""},""IconPosition"":{""x"":0.0,""y"":0.0,""z"":0.0},""IconScale"":1.0,""IconRotation"":0.0}"
blueprint_skin_necromancer_1,BluePrint,Blueprint,"{""BlueprintType"":5,""ItemName"":""Character14_name_skin1"",""ResearchMaterials"":[{""item"":""material_gem"",""num"":1000},{""item"":""material_skin_fragment_boss19"",""num"":8}],""NotRequiredInResearch"":true,""BluePrintLevel"":0,""WeaponDropLevel"":-1,""NeedRecordConsume"":true,""IsFromMechFragment"":false,""Hero"":14,""SkinIndex"":1,""SkillIndex"":0,""AutoMerge"":false,""Name"":""blueprint_skin_necromancer_1"",""Localization"":"""",""ItemValue"":0,""ItemLevel"":0,""Background"":{},""Icon"":{""spriteAtlas"":""RGTexture/sprite_atlas/items.spriteatlasv2"",""sprite"":""objects_pickable_64"",""tex"":""Assets/RGTexture/items/objects_pickable.png""},""IconPosition"":{""x"":0.0,""y"":0.0,""z"":0.0},""IconScale"":1.0,""IconRotation"":0.0}"
blueprint_skin_necromancer_6,BluePrint,Blueprint,"{""BlueprintType"":5,""ItemName"":""Character14_name_skin6"",""ResearchMaterials"":[{""item"":""material_gem"",""num"":1000},{""item"":""material_skin_fragment_c14_s6"",""num"":8}],""NotRequiredInResearch"":true,""BluePrintLevel"":0,""WeaponDropLevel"":-1,""NeedRecordConsume"":true,""IsFromMechFragment"":false,""Hero"":14,""SkinIndex"":6,""SkillIndex"":0,""AutoMerge"":false,""Name"":""blueprint_skin_necromancer_6"",""Localization"":"""",""ItemValue"":0,""ItemLevel"":0,""Background"":{},""Icon"":{""spriteAtlas"":""RGTexture/sprite_atlas/items.spriteatlasv2"",""sprite"":""objects_pickable_81"",""tex"":""Assets/RGTexture/items/objects_pickable.png""},""IconPosition"":{""x"":0.0,""y"":0.0,""z"":0.0},""IconScale"":1.0,""IconRotation"":0.0}"
blueprint_skin_officer_5,BluePrint,Blueprint,"{""BlueprintType"":5,""ItemName"":""Character15_name_skin5"",""ResearchMaterials"":[{""item"":""material_skin_fragment_boss23"",""num"":6}],""NotRequiredInResearch"":true,""BluePrintLevel"":0,""WeaponDropLevel"":-1,""NeedRecordConsume"":true,""IsFromMechFragment"":false,""Hero"":15,""SkinIndex"":5,""SkillIndex"":0,""AutoMerge"":false,""Name"":""blueprint_skin_officer_5"",""Localization"":"""",""ItemValue"":0,""ItemLevel"":0,""Background"":{},""Icon"":{""spriteAtlas"":""RGTexture/sprite_atlas/items.spriteatlasv2"",""sprite"":""objects_pickable_76"",""tex"":""Assets/RGTexture/items/objects_pickable.png""},""IconPosition"":{""x"":0.0,""y"":0.0,""z"":0.0},""IconScale"":1.0,""IconRotation"":0.0}"
blueprint_skin_taoist_5,BluePrint,Blueprint,"{""BlueprintType"":5,""ItemName"":""Character16_name_skin5"",""ResearchMaterials"":[{""item"":""material_skin_fragment_boss08"",""num"":8}],""NotRequiredInResearch"":true,""BluePrintLevel"":0,""WeaponDropLevel"":-1,""NeedRecordConsume"":true,""IsFromMechFragment"":false,""Hero"":16,""SkinIndex"":5,""SkillIndex"":0,""AutoMerge"":false,""Name"":""blueprint_skin_taoist_5"",""Localization"":"""",""ItemValue"":0,""ItemLevel"":0,""Background"":{},""Icon"":{""spriteAtlas"":""RGTexture/sprite_atlas/items.spriteatlasv2"",""sprite"":""objects_pickable_77"",""tex"":""Assets/RGTexture/items/objects_pickable.png""},""IconPosition"":{""x"":0.0,""y"":0.0,""z"":0.0},""IconScale"":1.0,""IconRotation"":0.0}"
blueprint_skin_necromancer_13,BluePrint,Blueprint,"{""BlueprintType"":5,""ItemName"":""Character14_name_skin13"",""ResearchMaterials"":[{""item"":""material_skin_fragment_c14_s13"",""num"":8}],""NotRequiredInResearch"":true,""BluePrintLevel"":0,""WeaponDropLevel"":-1,""NeedRecordConsume"":true,""IsFromMechFragment"":false,""Hero"":14,""SkinIndex"":13,""SkillIndex"":0,""AutoMerge"":true,""Name"":""blueprint_skin_necromancer_13"",""Localization"":"""",""ItemValue"":0,""ItemLevel"":0,""Background"":{},""Icon"":{""spriteAtlas"":""RGTexture/sprite_atlas/items.spriteatlasv2"",""sprite"":""objects_pickable_112"",""tex"":""Assets/RGTexture/items/objects_pickable.png""},""IconPosition"":{""x"":0.0,""y"":0.0,""z"":0.0},""IconScale"":1.0,""IconRotation"":0.0}"
blueprint_skin_trapmaster_4,BluePrint,Blueprint,"{""BlueprintType"":5,""ItemName"":""Character25_name_skin4"",""ResearchMaterials"":[{""item"":""material_skin_fragment_c25_s4"",""num"":8}],""NotRequiredInResearch"":true,""BluePrintLevel"":0,""WeaponDropLevel"":-1,""NeedRecordConsume"":true,""IsFromMechFragment"":false,""Hero"":25,""SkinIndex"":4,""SkillIndex"":0,""AutoMerge"":false,""Name"":""blueprint_skin_trapmaster_4"",""Localization"":"""",""ItemValue"":0,""ItemLevel"":0,""Background"":{},""Icon"":{""spriteAtlas"":""RGTexture/sprite_atlas/items.spriteatlasv2"",""sprite"":""objects_pickable_c25_s4_0"",""tex"":""Assets/RGTexture/items/objects_pickable_c25_s4.png""},""IconPosition"":{""x"":0.0,""y"":0.0,""z"":0.0},""IconScale"":1.0,""IconRotation"":0.0}"
blueprint_skin_taoist_14,BluePrint,Blueprint,"{""BlueprintType"":5,""ItemName"":""Character16_name_skin14"",""ResearchMaterials"":[{""item"":""material_skin_fragment_c16_s14"",""num"":8}],""NotRequiredInResearch"":true,""BluePrintLevel"":0,""WeaponDropLevel"":-1,""NeedRecordConsume"":true,""IsFromMechFragment"":false,""Hero"":16,""SkinIndex"":14,""SkillIndex"":0,""AutoMerge"":false,""Name"":""blueprint_skin_taoist_14"",""Localization"":"""",""ItemValue"":0,""ItemLevel"":0,""Background"":{},""Icon"":{""spriteAtlas"":""RGTexture/sprite_atlas/items.spriteatlasv2"",""sprite"":""objects_pickable_c16_s14"",""tex"":""Assets/RGTexture/items/objects_pickable_c16_s14.png""},""IconPosition"":{""x"":0.0,""y"":0.0,""z"":0.0},""IconScale"":1.0,""IconRotation"":0.0}"
blueprint_skin_lancer_4,BluePrint,Blueprint,"{""BlueprintType"":5,""ItemName"":""Character29_name_skin4"",""ResearchMaterials"":[{""item"":""material_skin_fragment_c29_s4"",""num"":8}],""NotRequiredInResearch"":true,""BluePrintLevel"":0,""WeaponDropLevel"":-1,""NeedRecordConsume"":true,""IsFromMechFragment"":false,""Hero"":29,""SkinIndex"":4,""SkillIndex"":0,""AutoMerge"":false,""Name"":""blueprint_skin_lancer_4"",""Localization"":"""",""ItemValue"":0,""ItemLevel"":0,""Background"":{},""Icon"":{""spriteAtlas"":""RGTexture/sprite_atlas/items.spriteatlasv2"",""sprite"":""objects_pickable_c29_s4"",""tex"":""Assets/RGTexture/items/objects_pickable_c29_s4.png""},""IconPosition"":{""x"":0.0,""y"":0.0,""z"":0.0},""IconScale"":1.0,""IconRotation"":0.0}"
blueprint_skin_ranger_18,BluePrint,Blueprint,"{""BlueprintType"":5,""ItemName"":""Character1_name_skin18"",""ResearchMaterials"":[{""item"":""material_skin_fragment_c1_s18"",""num"":8}],""NotRequiredInResearch"":true,""BluePrintLevel"":0,""WeaponDropLevel"":-1,""NeedRecordConsume"":true,""IsFromMechFragment"":false,""Hero"":1,""SkinIndex"":18,""SkillIndex"":0,""AutoMerge"":false,""Name"":""blueprint_skin_ranger_18"",""Localization"":"""",""ItemValue"":0,""ItemLevel"":0,""Background"":{},""Icon"":{""spriteAtlas"":""RGTexture/sprite_atlas/items.spriteatlasv2"",""sprite"":""objects_pickable_c1_s18_0"",""tex"":""Assets/RGTexture/items/objects_pickable_c1_s18.png""},""IconPosition"":{""x"":0.0,""y"":0.0,""z"":0.0},""IconScale"":1.0,""IconRotation"":0.0}"
blueprint_skin_werewolf_22,BluePrint,Blueprint,"{""BlueprintType"":5,""ItemName"":""Character9_name_skin22"",""ResearchMaterials"":[{""item"":""material_skin_fragment_c9_s22"",""num"":8}],""NotRequiredInResearch"":true,""BluePrintLevel"":0,""WeaponDropLevel"":-1,""NeedRecordConsume"":true,""IsFromMechFragment"":false,""Hero"":9,""SkinIndex"":22,""SkillIndex"":0,""AutoMerge"":false,""Name"":""blueprint_skin_werewolf_22"",""Localization"":"""",""ItemValue"":0,""ItemLevel"":0,""Background"":{},""Icon"":{""spriteAtlas"":""RGTexture/sprite_atlas/items.spriteatlasv2"",""sprite"":""material_skin_fragment_c9_s22"",""tex"":""Assets/RGTexture/items/material_skin_fragment_c9_s22.png""},""IconPosition"":{""x"":0.0,""y"":0.0,""z"":0.0},""IconScale"":1.0,""IconRotation"":0.0}"
blueprint_skin_assassin_23,BluePrint,Blueprint,"{""BlueprintType"":5,""ItemName"":""Character3_name_skin23"",""ResearchMaterials"":[{""item"":""material_skin_fragment_c3_s23"",""num"":8}],""NotRequiredInResearch"":true,""BluePrintLevel"":0,""WeaponDropLevel"":-1,""NeedRecordConsume"":true,""IsFromMechFragment"":false,""Hero"":3,""SkinIndex"":23,""SkillIndex"":0,""AutoMerge"":false,""Name"":""blueprint_skin_assassin_23"",""Localization"":"""",""ItemValue"":0,""ItemLevel"":0,""Background"":{},""Icon"":{""spriteAtlas"":""RGTexture/sprite_atlas/items.spriteatlasv2"",""sprite"":""material_skin_fragment_c3_s23"",""tex"":""Assets/RGTexture/items/material_skin_fragment_c3_s23.png""},""IconPosition"":{""x"":0.0,""y"":0.0,""z"":0.0},""IconScale"":1.0,""IconRotation"":0.0}"
blueprint_skin_costumeprince_7,BluePrint,Blueprint,"{""BlueprintType"":5,""ItemName"":""Character26_name_skin7"",""ResearchMaterials"":[{""item"":""material_skin_fragment_c26_s7"",""num"":8}],""NotRequiredInResearch"":true,""BluePrintLevel"":0,""WeaponDropLevel"":-1,""NeedRecordConsume"":true,""IsFromMechFragment"":false,""Hero"":26,""SkinIndex"":7,""SkillIndex"":0,""AutoMerge"":false,""Name"":""blueprint_skin_costumeprince_7"",""Localization"":"""",""ItemValue"":0,""ItemLevel"":0,""Background"":{},""Icon"":{""spriteAtlas"":""RGTexture/sprite_atlas/items.spriteatlasv2"",""sprite"":""material_skin_fragment_c26_s7"",""tex"":""Assets/RGTexture/items/material_skin_fragment_c26_s7.png""},""IconPosition"":{""x"":0.0,""y"":0.0,""z"":0.0},""IconScale"":1.0,""IconRotation"":0.0}"
blueprint_skin_paladin_22,BluePrint,Blueprint,"{""BlueprintType"":5,""ItemName"":""Character7_name_skin22"",""ResearchMaterials"":[{""item"":""material_skin_fragment_c7_s22"",""num"":8}],""NotRequiredInResearch"":true,""BluePrintLevel"":0,""WeaponDropLevel"":-1,""NeedRecordConsume"":true,""IsFromMechFragment"":false,""Hero"":7,""SkinIndex"":22,""SkillIndex"":0,""AutoMerge"":false,""Name"":""blueprint_skin_paladin_22"",""Localization"":"""",""ItemValue"":0,""ItemLevel"":0,""Background"":{},""Icon"":{""spriteAtlas"":""RGTexture/sprite_atlas/items.spriteatlasv2"",""sprite"":""material_skin_fragment_c7_s22"",""tex"":""Assets/RGTexture/items/material_skin_fragment_c7_s22.png""},""IconPosition"":{""x"":0.0,""y"":0.0,""z"":0.0},""IconScale"":1.0,""IconRotation"":0.0}"
blueprint_skin_ranger_25,BluePrint,Blueprint,"{""BlueprintType"":5,""ItemName"":""Character1_name_skin25"",""ResearchMaterials"":[{""item"":""material_skin_fragment_c1_s25"",""num"":8}],""NotRequiredInResearch"":true,""BluePrintLevel"":0,""WeaponDropLevel"":-1,""NeedRecordConsume"":true,""IsFromMechFragment"":false,""Hero"":1,""SkinIndex"":25,""SkillIndex"":0,""AutoMerge"":false,""Name"":""blueprint_skin_ranger_25"",""Localization"":"""",""ItemValue"":0,""ItemLevel"":0,""Background"":{},""Icon"":{""spriteAtlas"":""RGTexture/sprite_atlas/items.spriteatlasv2"",""sprite"":""material_skin_fragment_c1_s25"",""tex"":""Assets/RGTexture/items/material_skin_fragment_c1_s25.png""},""IconPosition"":{""x"":0.0,""y"":0.0,""z"":0.0},""IconScale"":1.0,""IconRotation"":0.0}"
blueprint_skin_engineer_26,BluePrint,Blueprint,"{""BlueprintType"":5,""ItemName"":""Character5_name_skin26"",""ResearchMaterials"":[{""item"":""material_skin_fragment_c5_s26"",""num"":8}],""NotRequiredInResearch"":true,""BluePrintLevel"":0,""WeaponDropLevel"":-1,""NeedRecordConsume"":true,""IsFromMechFragment"":false,""Hero"":5,""SkinIndex"":26,""SkillIndex"":0,""AutoMerge"":false,""Name"":""blueprint_skin_engineer_26"",""Localization"":"""",""ItemValue"":0,""ItemLevel"":0,""Background"":{},""Icon"":{""spriteAtlas"":""RGTexture/sprite_atlas/items.spriteatlasv2"",""sprite"":""material_skin_fragment_c5_s26"",""tex"":""Assets/RGTexture/items/material_skin_fragment_c5_s26.png""},""IconPosition"":{""x"":0.0,""y"":0.0,""z"":0.0},""IconScale"":1.0,""IconRotation"":0.0}"
blueprint_transform_weapon_beheaded,BluePrint,Blueprint,"{""BlueprintType"":6,""ItemName"":""transform_weapon_beheaded"",""ResearchMaterials"":[{""item"":""material_gem"",""num"":2000},{""item"":""material_dead_cell"",""num"":999}],""NotRequiredInResearch"":true,""BluePrintLevel"":5,""WeaponDropLevel"":-1,""NeedRecordConsume"":true,""IsFromMechFragment"":false,""Hero"":19,""SkinIndex"":0,""SkillIndex"":0,""AutoMerge"":false,""Name"":""blueprint_transform_weapon_beheaded"",""Localization"":"""",""ItemValue"":0,""ItemLevel"":0,""Background"":{""spriteAtlas"":""RGTexture/sprite_atlas/bullet.spriteatlasv2"",""sprite"":""nothing"",""tex"":""Assets/RGTexture/bullet/bullet.png""},""Icon"":{""spriteAtlas"":""RGTexture/sprite_atlas/items.spriteatlasv2"",""sprite"":""beheaded_0_transform_weapon"",""tex"":""Assets/RGTexture/items/beheaded_0_transform_weapon.png""},""IconPosition"":{""x"":-0.31,""y"":0.0,""z"":0.0},""IconScale"":1.0,""IconRotation"":0.0}"
blueprint_transform_weapon_envoy,BluePrint,Blueprint,"{""BlueprintType"":6,""ItemName"":""transform_weapon_envoy"",""ResearchMaterials"":[{""item"":""material_gem"",""num"":2000},{""item"":""material_c18_book_1"",""num"":1},{""item"":""material_c18_book_2"",""num"":1}],""NotRequiredInResearch"":true,""BluePrintLevel"":5,""WeaponDropLevel"":-1,""NeedRecordConsume"":true,""IsFromMechFragment"":false,""Hero"":18,""SkinIndex"":0,""SkillIndex"":0,""AutoMerge"":false,""Name"":""blueprint_transform_weapon_envoy"",""Localization"":"""",""ItemValue"":0,""ItemLevel"":0,""Background"":{""spriteAtlas"":""RGTexture/sprite_atlas/bullet.spriteatlasv2"",""sprite"":""nothing"",""tex"":""Assets/RGTexture/bullet/bullet.png""},""Icon"":{""spriteAtlas"":""RGTexture/sprite_atlas/items.spriteatlasv2"",""sprite"":""objects_pickable_84"",""tex"":""Assets/RGTexture/items/objects_pickable.png""},""IconPosition"":{""x"":-0.31,""y"":0.0,""z"":0.0},""IconScale"":1.0,""IconRotation"":0.0}"
blueprint_transform_weapon_ninja,BluePrint,Blueprint,"{""BlueprintType"":6,""ItemName"":""transform_weapon_ninja"",""ResearchMaterials"":[{""item"":""material_gem"",""num"":2000},{""item"":""material_c20_book_1"",""num"":1},{""item"":""material_c20_book_2"",""num"":1}],""NotRequiredInResearch"":true,""BluePrintLevel"":5,""WeaponDropLevel"":-1,""NeedRecordConsume"":true,""IsFromMechFragment"":false,""Hero"":20,""SkinIndex"":0,""SkillIndex"":0,""AutoMerge"":false,""Name"":""blueprint_transform_weapon_ninja"",""Localization"":"""",""ItemValue"":0,""ItemLevel"":0,""Background"":{""spriteAtlas"":""RGTexture/sprite_atlas/bullet.spriteatlasv2"",""sprite"":""nothing"",""tex"":""Assets/RGTexture/bullet/bullet.png""},""Icon"":{""spriteAtlas"":""RGTexture/sprite_atlas/items.spriteatlasv2"",""sprite"":""transform_weapon_ninja"",""tex"":""Assets/RGTexture/items/objects_pickable.png""},""IconPosition"":{""x"":-0.31,""y"":0.0,""z"":0.0},""IconScale"":1.0,""IconRotation"":0.0}"
blueprint_transform_weapon_specialforces,BluePrint,Blueprint,"{""BlueprintType"":6,""ItemName"":""transform_weapon_specialforces"",""ResearchMaterials"":[{""item"":""material_gem"",""num"":2000},{""item"":""material_c21_book_1"",""num"":1},{""item"":""material_c21_book_2"",""num"":1}],""NotRequiredInResearch"":true,""BluePrintLevel"":5,""WeaponDropLevel"":-1,""NeedRecordConsume"":true,""IsFromMechFragment"":false,""Hero"":21,""SkinIndex"":0,""SkillIndex"":0,""AutoMerge"":false,""Name"":""blueprint_transform_weapon_specialforces"",""Localization"":"""",""ItemValue"":0,""ItemLevel"":0,""Background"":{""spriteAtlas"":""RGTexture/sprite_atlas/bullet.spriteatlasv2"",""sprite"":""nothing"",""tex"":""Assets/RGTexture/bullet/bullet.png""},""Icon"":{""spriteAtlas"":""RGTexture/sprite_atlas/items.spriteatlasv2"",""sprite"":""transform_weapon_specialforces"",""tex"":""Assets/RGTexture/items/objects_pickable.png""},""IconPosition"":{""x"":-0.31,""y"":0.0,""z"":0.0},""IconScale"":1.0,""IconRotation"":0.0}"
blueprint_transform_weapon_transcendent,BluePrint,Blueprint,"{""BlueprintType"":6,""ItemName"":""transform_weapon_transcendent"",""ResearchMaterials"":[{""item"":""material_gem"",""num"":2000},{""item"":""material_c17_book_1"",""num"":1},{""item"":""material_c17_book_2"",""num"":1}],""NotRequiredInResearch"":true,""BluePrintLevel"":5,""WeaponDropLevel"":-1,""NeedRecordConsume"":true,""IsFromMechFragment"":false,""Hero"":17,""SkinIndex"":0,""SkillIndex"":0,""AutoMerge"":false,""Name"":""blueprint_transform_weapon_transcendent"",""Localization"":"""",""ItemValue"":0,""ItemLevel"":0,""Background"":{""spriteAtlas"":""RGTexture/sprite_atlas/bullet.spriteatlasv2"",""sprite"":""nothing"",""tex"":""Assets/RGTexture/bullet/bullet.png""},""Icon"":{""spriteAtlas"":""RGTexture/sprite_atlas/items.spriteatlasv2"",""sprite"":""objects_pickable_83"",""tex"":""Assets/RGTexture/items/objects_pickable.png""},""IconPosition"":{""x"":-0.31,""y"":0.0,""z"":0.0},""IconScale"":1.0,""IconRotation"":0.0}"
blueprint_weapon_189,BluePrint,Blueprint,"{""BlueprintType"":7,""ItemName"":""weapon_189"",""ResearchMaterials"":[{""item"":""material_gem"",""num"":400}],""NotRequiredInResearch"":false,""BluePrintLevel"":0,""WeaponDropLevel"":-1,""NeedRecordConsume"":true,""IsFromMechFragment"":false,""Hero"":0,""SkinIndex"":0,""SkillIndex"":0,""AutoMerge"":false,""Name"":""blueprint_weapon_189"",""Localization"":"""",""ItemValue"":0,""ItemLevel"":0,""Background"":{""spriteAtlas"":""RGTexture/sprite_atlas/items.spriteatlasv2"",""sprite"":""objects_pickable_0"",""tex"":""Assets/RGTexture/items/objects_pickable.png""},""Icon"":{""spriteAtlas"":""RGTexture/sprite_atlas/weapon.spriteatlasv2"",""sprite"":""weapons2_117"",""tex"":""Assets/RGTexture/weapon/weapons2.png""},""IconPosition"":{""x"":-0.19,""y"":0.0,""z"":0.0},""IconScale"":1.0,""IconRotation"":0.0}"
blueprint_weapon_416,BluePrint,Blueprint,"{""BlueprintType"":7,""ItemName"":""weapon_416"",""ResearchMaterials"":[{""item"":""material_gem"",""num"":400}],""NotRequiredInResearch"":false,""BluePrintLevel"":0,""WeaponDropLevel"":-1,""NeedRecordConsume"":true,""IsFromMechFragment"":false,""Hero"":0,""SkinIndex"":0,""SkillIndex"":0,""AutoMerge"":false,""Name"":""blueprint_weapon_416"",""Localization"":"""",""ItemValue"":0,""ItemLevel"":0,""Background"":{""spriteAtlas"":""RGTexture/sprite_atlas/items.spriteatlasv2"",""sprite"":""objects_pickable_0"",""tex"":""Assets/RGTexture/items/objects_pickable.png""},""Icon"":{""spriteAtlas"":""RGTexture/sprite_atlas/weapon.spriteatlasv2"",""sprite"":""weapons_416"",""tex"":""Assets/RGTexture/weapon/weapons_416.png""},""IconPosition"":{""x"":-0.22,""y"":0.06,""z"":0.0},""IconScale"":0.4,""IconRotation"":0.0}"
blueprint_weapon_195,BluePrint,Blueprint,"{""BlueprintType"":7,""ItemName"":""weapon_195"",""ResearchMaterials"":[{""item"":""material_gem"",""num"":400}],""NotRequiredInResearch"":false,""BluePrintLevel"":0,""WeaponDropLevel"":-1,""NeedRecordConsume"":true,""IsFromMechFragment"":false,""Hero"":0,""SkinIndex"":0,""SkillIndex"":0,""AutoMerge"":false,""Name"":""blueprint_weapon_195"",""Localization"":"""",""ItemValue"":0,""ItemLevel"":0,""Background"":{""spriteAtlas"":""RGTexture/sprite_atlas/items.spriteatlasv2"",""sprite"":""objects_pickable_0"",""tex"":""Assets/RGTexture/items/objects_pickable.png""},""Icon"":{""spriteAtlas"":""RGTexture/sprite_atlas/weapon.spriteatlasv2"",""sprite"":""weapons2_127"",""tex"":""Assets/RGTexture/weapon/weapons2.png""},""IconPosition"":{""x"":0.0,""y"":0.0,""z"":0.0},""IconScale"":1.0,""IconRotation"":0.0}"
blueprint_weapon_237,BluePrint,Blueprint,"{""BlueprintType"":7,""ItemName"":""weapon_237"",""ResearchMaterials"":[{""item"":""material_gem"",""num"":500}],""NotRequiredInResearch"":false,""BluePrintLevel"":0,""WeaponDropLevel"":-1,""NeedRecordConsume"":true,""IsFromMechFragment"":false,""Hero"":0,""SkinIndex"":0,""SkillIndex"":0,""AutoMerge"":false,""Name"":""blueprint_weapon_237"",""Localization"":"""",""ItemValue"":0,""ItemLevel"":0,""Background"":{""spriteAtlas"":""RGTexture/sprite_atlas/items.spriteatlasv2"",""sprite"":""objects_pickable_0"",""tex"":""Assets/RGTexture/items/objects_pickable.png""},""Icon"":{""spriteAtlas"":""RGTexture/sprite_atlas/weapon.spriteatlasv2"",""sprite"":""weapons3_117"",""tex"":""Assets/RGTexture/weapon/weapons3.png""},""IconPosition"":{""x"":-0.25,""y"":0.0,""z"":0.0},""IconScale"":1.0,""IconRotation"":0.0}"
blueprint_weapon_238,BluePrint,Blueprint,"{""BlueprintType"":7,""ItemName"":""weapon_238"",""ResearchMaterials"":[{""item"":""material_gem"",""num"":500}],""NotRequiredInResearch"":false,""BluePrintLevel"":0,""WeaponDropLevel"":-1,""NeedRecordConsume"":true,""IsFromMechFragment"":false,""Hero"":0,""SkinIndex"":0,""SkillIndex"":0,""AutoMerge"":false,""Name"":""blueprint_weapon_238"",""Localization"":"""",""ItemValue"":0,""ItemLevel"":0,""Background"":{""spriteAtlas"":""RGTexture/sprite_atlas/items.spriteatlasv2"",""sprite"":""objects_pickable_0"",""tex"":""Assets/RGTexture/items/objects_pickable.png""},""Icon"":{""spriteAtlas"":""RGTexture/sprite_atlas/weapon.spriteatlasv2"",""sprite"":""weapons3_108"",""tex"":""Assets/RGTexture/weapon/weapons3.png""},""IconPosition"":{""x"":0.0,""y"":0.05,""z"":0.0},""IconScale"":1.0,""IconRotation"":0.0}"
blueprint_weapon_242,BluePrint,Blueprint,"{""BlueprintType"":7,""ItemName"":""weapon_242"",""ResearchMaterials"":[{""item"":""material_gem"",""num"":500}],""NotRequiredInResearch"":false,""BluePrintLevel"":0,""WeaponDropLevel"":-1,""NeedRecordConsume"":true,""IsFromMechFragment"":false,""Hero"":0,""SkinIndex"":0,""SkillIndex"":0,""AutoMerge"":false,""Name"":""blueprint_weapon_242"",""Localization"":"""",""ItemValue"":0,""ItemLevel"":0,""Background"":{""spriteAtlas"":""RGTexture/sprite_atlas/items.spriteatlasv2"",""sprite"":""objects_pickable_0"",""tex"":""Assets/RGTexture/items/objects_pickable.png""},""Icon"":{""spriteAtlas"":""RGTexture/sprite_atlas/weapon.spriteatlasv2"",""sprite"":""weapons3_128"",""tex"":""Assets/RGTexture/weapon/weapons3.png""},""IconPosition"":{""x"":0.0,""y"":-0.15,""z"":0.0},""IconScale"":0.6,""IconRotation"":0.0}"
blueprint_weapon_333,BluePrint,Blueprint,"{""BlueprintType"":7,""ItemName"":""weapon_333"",""ResearchMaterials"":[{""item"":""material_gem"",""num"":1500}],""NotRequiredInResearch"":false,""BluePrintLevel"":0,""WeaponDropLevel"":-1,""NeedRecordConsume"":true,""IsFromMechFragment"":false,""Hero"":0,""SkinIndex"":0,""SkillIndex"":0,""AutoMerge"":false,""Name"":""blueprint_weapon_333"",""Localization"":"""",""ItemValue"":0,""ItemLevel"":0,""Background"":{""spriteAtlas"":""RGTexture/sprite_atlas/items.spriteatlasv2"",""sprite"":""objects_pickable_0"",""tex"":""Assets/RGTexture/items/objects_pickable.png""},""Icon"":{""spriteAtlas"":""RGTexture/sprite_atlas/weapon.spriteatlasv2"",""sprite"":""weapons5_45"",""tex"":""Assets/RGTexture/weapon/weapons5.png""},""IconPosition"":{""x"":0.0,""y"":0.0,""z"":0.0},""IconScale"":0.5,""IconRotation"":0.0}"
blueprint_weapon_211,BluePrint,Blueprint,"{""BlueprintType"":7,""ItemName"":""weapon_211"",""ResearchMaterials"":[{""item"":""material_gem"",""num"":600}],""NotRequiredInResearch"":false,""BluePrintLevel"":0,""WeaponDropLevel"":-1,""NeedRecordConsume"":true,""IsFromMechFragment"":false,""Hero"":0,""SkinIndex"":0,""SkillIndex"":0,""AutoMerge"":false,""Name"":""blueprint_weapon_211"",""Localization"":"""",""ItemValue"":0,""ItemLevel"":0,""Background"":{""spriteAtlas"":""RGTexture/sprite_atlas/items.spriteatlasv2"",""sprite"":""objects_pickable_0"",""tex"":""Assets/RGTexture/items/objects_pickable.png""},""Icon"":{""spriteAtlas"":""RGTexture/sprite_atlas/weapon.spriteatlasv2"",""sprite"":""weapons3_19"",""tex"":""Assets/RGTexture/weapon/weapons3.png""},""IconPosition"":{""x"":0.0,""y"":0.0,""z"":0.0},""IconScale"":1.0,""IconRotation"":0.0}"
blueprint_weapon_212,BluePrint,Blueprint,"{""BlueprintType"":7,""ItemName"":""weapon_212"",""ResearchMaterials"":[{""item"":""material_gem"",""num"":600}],""NotRequiredInResearch"":false,""BluePrintLevel"":0,""WeaponDropLevel"":-1,""NeedRecordConsume"":true,""IsFromMechFragment"":false,""Hero"":0,""SkinIndex"":0,""SkillIndex"":0,""AutoMerge"":false,""Name"":""blueprint_weapon_212"",""Localization"":"""",""ItemValue"":0,""ItemLevel"":0,""Background"":{""spriteAtlas"":""RGTexture/sprite_atlas/items.spriteatlasv2"",""sprite"":""objects_pickable_0"",""tex"":""Assets/RGTexture/items/objects_pickable.png""},""Icon"":{""spriteAtlas"":""RGTexture/sprite_atlas/weapon.spriteatlasv2"",""sprite"":""weapons3_20"",""tex"":""Assets/RGTexture/weapon/weapons3.png""},""IconPosition"":{""x"":0.0,""y"":0.0,""z"":0.0},""IconScale"":1.0,""IconRotation"":0.0}"
blueprint_weapon_223,BluePrint,Blueprint,"{""BlueprintType"":7,""ItemName"":""weapon_223"",""ResearchMaterials"":[{""item"":""material_gem"",""num"":666}],""NotRequiredInResearch"":false,""BluePrintLevel"":0,""WeaponDropLevel"":-1,""NeedRecordConsume"":true,""IsFromMechFragment"":false,""Hero"":0,""SkinIndex"":0,""SkillIndex"":0,""AutoMerge"":false,""Name"":""blueprint_weapon_223"",""Localization"":"""",""ItemValue"":0,""ItemLevel"":0,""Background"":{""spriteAtlas"":""RGTexture/sprite_atlas/items.spriteatlasv2"",""sprite"":""objects_pickable_0"",""tex"":""Assets/RGTexture/items/objects_pickable.png""},""Icon"":{""spriteAtlas"":""RGTexture/sprite_atlas/weapon.spriteatlasv2"",""sprite"":""weapons3_79"",""tex"":""Assets/RGTexture/weapon/weapons3.png""},""IconPosition"":{""x"":0.03,""y"":0.0,""z"":0.0},""IconScale"":1.0,""IconRotation"":0.0}"
blueprint_weapon_188,BluePrint,Blueprint,"{""BlueprintType"":7,""ItemName"":""weapon_188"",""ResearchMaterials"":[{""item"":""material_gem"",""num"":1000}],""NotRequiredInResearch"":false,""BluePrintLevel"":0,""WeaponDropLevel"":-1,""NeedRecordConsume"":true,""IsFromMechFragment"":false,""Hero"":0,""SkinIndex"":0,""SkillIndex"":0,""AutoMerge"":false,""Name"":""blueprint_weapon_188"",""Localization"":"""",""ItemValue"":0,""ItemLevel"":0,""Background"":{""spriteAtlas"":""RGTexture/sprite_atlas/items.spriteatlasv2"",""sprite"":""objects_pickable_0"",""tex"":""Assets/RGTexture/items/objects_pickable.png""},""Icon"":{""spriteAtlas"":""RGTexture/sprite_atlas/weapon.spriteatlasv2"",""sprite"":""weapons2_113"",""tex"":""Assets/RGTexture/weapon/weapons2.png""},""IconPosition"":{""x"":0.0,""y"":0.0,""z"":0.0},""IconScale"":1.0,""IconRotation"":0.0}"
blueprint_weapon_213,BluePrint,Blueprint,"{""BlueprintType"":7,""ItemName"":""weapon_213"",""ResearchMaterials"":[{""item"":""material_gem"",""num"":1000}],""NotRequiredInResearch"":false,""BluePrintLevel"":0,""WeaponDropLevel"":-1,""NeedRecordConsume"":true,""IsFromMechFragment"":false,""Hero"":0,""SkinIndex"":0,""SkillIndex"":0,""AutoMerge"":false,""Name"":""blueprint_weapon_213"",""Localization"":"""",""ItemValue"":0,""ItemLevel"":0,""Background"":{""spriteAtlas"":""RGTexture/sprite_atlas/items.spriteatlasv2"",""sprite"":""objects_pickable_0"",""tex"":""Assets/RGTexture/items/objects_pickable.png""},""Icon"":{""spriteAtlas"":""RGTexture/sprite_atlas/weapon.spriteatlasv2"",""sprite"":""weapons3_26"",""tex"":""Assets/RGTexture/weapon/weapons3.png""},""IconPosition"":{""x"":0.0,""y"":0.0,""z"":0.0},""IconScale"":1.0,""IconRotation"":0.0}"
blueprint_weapon_184,BluePrint,Blueprint,"{""BlueprintType"":7,""ItemName"":""weapon_184"",""ResearchMaterials"":[{""item"":""material_gem"",""num"":1500}],""NotRequiredInResearch"":false,""BluePrintLevel"":0,""WeaponDropLevel"":-1,""NeedRecordConsume"":true,""IsFromMechFragment"":false,""Hero"":0,""SkinIndex"":0,""SkillIndex"":0,""AutoMerge"":false,""Name"":""blueprint_weapon_184"",""Localization"":"""",""ItemValue"":0,""ItemLevel"":0,""Background"":{""spriteAtlas"":""RGTexture/sprite_atlas/items.spriteatlasv2"",""sprite"":""objects_pickable_0"",""tex"":""Assets/RGTexture/items/objects_pickable.png""},""Icon"":{""spriteAtlas"":""RGTexture/sprite_atlas/weapon.spriteatlasv2"",""sprite"":""weapons2_122"",""tex"":""Assets/RGTexture/weapon/weapons2.png""},""IconPosition"":{""x"":-0.25,""y"":-0.11,""z"":0.0},""IconScale"":1.0,""IconRotation"":0.0}"
blueprint_weapon_224,BluePrint,Blueprint,"{""BlueprintType"":7,""ItemName"":""weapon_224"",""ResearchMaterials"":[{""item"":""material_gem"",""num"":1500}],""NotRequiredInResearch"":false,""BluePrintLevel"":0,""WeaponDropLevel"":-1,""NeedRecordConsume"":true,""IsFromMechFragment"":false,""Hero"":0,""SkinIndex"":0,""SkillIndex"":0,""AutoMerge"":false,""Name"":""blueprint_weapon_224"",""Localization"":"""",""ItemValue"":0,""ItemLevel"":0,""Background"":{""spriteAtlas"":""RGTexture/sprite_atlas/items.spriteatlasv2"",""sprite"":""objects_pickable_0"",""tex"":""Assets/RGTexture/items/objects_pickable.png""},""Icon"":{""spriteAtlas"":""RGTexture/sprite_atlas/weapon.spriteatlasv2"",""sprite"":""weapons3_85"",""tex"":""Assets/RGTexture/weapon/weapons3.png""},""IconPosition"":{""x"":0.03,""y"":0.0,""z"":0.0},""IconScale"":0.75,""IconRotation"":0.0}"
blueprint_weapon_321,BluePrint,Blueprint,"{""BlueprintType"":7,""ItemName"":""weapon_321"",""ResearchMaterials"":[{""item"":""material_gem"",""num"":1500}],""NotRequiredInResearch"":false,""BluePrintLevel"":0,""WeaponDropLevel"":-1,""NeedRecordConsume"":true,""IsFromMechFragment"":false,""Hero"":0,""SkinIndex"":0,""SkillIndex"":0,""AutoMerge"":false,""Name"":""blueprint_weapon_321"",""Localization"":"""",""ItemValue"":0,""ItemLevel"":0,""Background"":{""spriteAtlas"":""RGTexture/sprite_atlas/items.spriteatlasv2"",""sprite"":""objects_pickable_0"",""tex"":""Assets/RGTexture/items/objects_pickable.png""},""Icon"":{""spriteAtlas"":""RGTexture/sprite_atlas/weapon.spriteatlasv2"",""sprite"":""weapons4_108"",""tex"":""Assets/RGTexture/weapon/weapons4.png""},""IconPosition"":{""x"":-0.454,""y"":0.0,""z"":0.0},""IconScale"":1.0,""IconRotation"":0.0}"
blueprint_weapon_340,BluePrint,Blueprint,"{""BlueprintType"":7,""ItemName"":""weapon_340"",""ResearchMaterials"":[{""item"":""material_gem"",""num"":1500}],""NotRequiredInResearch"":false,""BluePrintLevel"":0,""WeaponDropLevel"":-1,""NeedRecordConsume"":true,""IsFromMechFragment"":false,""Hero"":0,""SkinIndex"":0,""SkillIndex"":0,""AutoMerge"":false,""Name"":""blueprint_weapon_340"",""Localization"":"""",""ItemValue"":0,""ItemLevel"":0,""Background"":{""spriteAtlas"":""RGTexture/sprite_atlas/items.spriteatlasv2"",""sprite"":""objects_pickable_0"",""tex"":""Assets/RGTexture/items/objects_pickable.png""},""Icon"":{""spriteAtlas"":""RGTexture/sprite_atlas/weapon.spriteatlasv2"",""sprite"":""weapons5_53"",""tex"":""Assets/RGTexture/weapon/weapons5.png""},""IconPosition"":{""x"":0.0,""y"":-0.47,""z"":0.0},""IconScale"":1.0,""IconRotation"":0.0}"
blueprint_weapon_341,BluePrint,Blueprint,"{""BlueprintType"":7,""ItemName"":""weapon_341"",""ResearchMaterials"":[{""item"":""material_gem"",""num"":1500}],""NotRequiredInResearch"":false,""BluePrintLevel"":0,""WeaponDropLevel"":-1,""NeedRecordConsume"":true,""IsFromMechFragment"":false,""Hero"":0,""SkinIndex"":0,""SkillIndex"":0,""AutoMerge"":false,""Name"":""blueprint_weapon_341"",""Localization"":"""",""ItemValue"":0,""ItemLevel"":0,""Background"":{""spriteAtlas"":""RGTexture/sprite_atlas/items.spriteatlasv2"",""sprite"":""objects_pickable_0"",""tex"":""Assets/RGTexture/items/objects_pickable.png""},""Icon"":{""spriteAtlas"":""RGTexture/sprite_atlas/weapon.spriteatlasv2"",""sprite"":""weapons5_58"",""tex"":""Assets/RGTexture/weapon/weapons5.png""},""IconPosition"":{""x"":-0.31,""y"":0.0,""z"":0.0},""IconScale"":1.0,""IconRotation"":0.0}"
blueprint_weapon_342,BluePrint,Blueprint,"{""BlueprintType"":7,""ItemName"":""weapon_342"",""ResearchMaterials"":[{""item"":""material_gem"",""num"":1500}],""NotRequiredInResearch"":false,""BluePrintLevel"":0,""WeaponDropLevel"":-1,""NeedRecordConsume"":true,""IsFromMechFragment"":false,""Hero"":0,""SkinIndex"":0,""SkillIndex"":0,""AutoMerge"":false,""Name"":""blueprint_weapon_342"",""Localization"":"""",""ItemValue"":0,""ItemLevel"":0,""Background"":{""spriteAtlas"":""RGTexture/sprite_atlas/items.spriteatlasv2"",""sprite"":""objects_pickable_0"",""tex"":""Assets/RGTexture/items/objects_pickable.png""},""Icon"":{""spriteAtlas"":""RGTexture/sprite_atlas/weapon.spriteatlasv2"",""sprite"":""weapons5_61"",""tex"":""Assets/RGTexture/weapon/weapons5.png""},""IconPosition"":{""x"":-0.588,""y"":0.0,""z"":0.0},""IconScale"":0.7,""IconRotation"":0.0}"
blueprint_weapon_356,BluePrint,Blueprint,"{""BlueprintType"":7,""ItemName"":""weapon_356"",""ResearchMaterials"":[{""item"":""material_gem"",""num"":1500}],""NotRequiredInResearch"":false,""BluePrintLevel"":0,""WeaponDropLevel"":-1,""NeedRecordConsume"":true,""IsFromMechFragment"":false,""Hero"":0,""SkinIndex"":0,""SkillIndex"":0,""AutoMerge"":false,""Name"":""blueprint_weapon_356"",""Localization"":"""",""ItemValue"":0,""ItemLevel"":0,""Background"":{""spriteAtlas"":""RGTexture/sprite_atlas/items.spriteatlasv2"",""sprite"":""objects_pickable_0"",""tex"":""Assets/RGTexture/items/objects_pickable.png""},""Icon"":{""spriteAtlas"":""RGTexture/sprite_atlas/weapon.spriteatlasv2"",""sprite"":""3"",""tex"":""Assets/RGTexture/weapon/3.png""},""IconPosition"":{""x"":-0.33,""y"":-0.136,""z"":0.0},""IconScale"":0.8,""IconRotation"":0.0}"
blueprint_weapon_294,BluePrint,Blueprint,"{""BlueprintType"":7,""ItemName"":""weapon_294"",""ResearchMaterials"":[{""item"":""material_gem"",""num"":2000}],""NotRequiredInResearch"":false,""BluePrintLevel"":0,""WeaponDropLevel"":-1,""NeedRecordConsume"":true,""IsFromMechFragment"":false,""Hero"":0,""SkinIndex"":0,""SkillIndex"":0,""AutoMerge"":false,""Name"":""blueprint_weapon_294"",""Localization"":"""",""ItemValue"":0,""ItemLevel"":0,""Background"":{""spriteAtlas"":""RGTexture/sprite_atlas/items.spriteatlasv2"",""sprite"":""objects_pickable_0"",""tex"":""Assets/RGTexture/items/objects_pickable.png""},""Icon"":{""spriteAtlas"":""RGTexture/sprite_atlas/weapon.spriteatlasv2"",""sprite"":""weapons4_68"",""tex"":""Assets/RGTexture/weapon/weapons4.png""},""IconPosition"":{""x"":-0.43,""y"":-0.05,""z"":0.0},""IconScale"":1.0,""IconRotation"":0.0}"
blueprint_weapon_217,BluePrint,Blueprint,"{""BlueprintType"":7,""ItemName"":""weapon_217"",""ResearchMaterials"":[{""item"":""material_gem"",""num"":8888}],""NotRequiredInResearch"":false,""BluePrintLevel"":0,""WeaponDropLevel"":-1,""NeedRecordConsume"":true,""IsFromMechFragment"":false,""Hero"":0,""SkinIndex"":0,""SkillIndex"":0,""AutoMerge"":false,""Name"":""blueprint_weapon_217"",""Localization"":"""",""ItemValue"":0,""ItemLevel"":0,""Background"":{""spriteAtlas"":""RGTexture/sprite_atlas/items.spriteatlasv2"",""sprite"":""objects_pickable_0"",""tex"":""Assets/RGTexture/items/objects_pickable.png""},""Icon"":{""spriteAtlas"":""RGTexture/sprite_atlas/weapon.spriteatlasv2"",""sprite"":""weapons3_15"",""tex"":""Assets/RGTexture/weapon/weapons3.png""},""IconPosition"":{""x"":-0.25,""y"":-0.2,""z"":0.0},""IconScale"":1.0,""IconRotation"":0.0}"
blueprint_weapon_240,BluePrint,Blueprint,"{""BlueprintType"":7,""ItemName"":""weapon_240"",""ResearchMaterials"":[{""item"":""material_gem"",""num"":6666}],""NotRequiredInResearch"":false,""BluePrintLevel"":0,""WeaponDropLevel"":-1,""NeedRecordConsume"":true,""IsFromMechFragment"":false,""Hero"":0,""SkinIndex"":0,""SkillIndex"":0,""AutoMerge"":false,""Name"":""blueprint_weapon_240"",""Localization"":"""",""ItemValue"":0,""ItemLevel"":0,""Background"":{""spriteAtlas"":""RGTexture/sprite_atlas/items.spriteatlasv2"",""sprite"":""objects_pickable_0"",""tex"":""Assets/RGTexture/items/objects_pickable.png""},""Icon"":{""spriteAtlas"":""RGTexture/sprite_atlas/weapon.spriteatlasv2"",""sprite"":""weapons3_109"",""tex"":""Assets/RGTexture/weapon/weapons3.png""},""IconPosition"":{""x"":-0.2,""y"":0.0,""z"":0.0},""IconScale"":0.7,""IconRotation"":0.0}"
blueprint_weapon_252,BluePrint,Blueprint,"{""BlueprintType"":7,""ItemName"":""weapon_252"",""ResearchMaterials"":[{""item"":""material_gem"",""num"":5000}],""NotRequiredInResearch"":false,""BluePrintLevel"":0,""WeaponDropLevel"":-1,""NeedRecordConsume"":true,""IsFromMechFragment"":false,""Hero"":0,""SkinIndex"":0,""SkillIndex"":0,""AutoMerge"":false,""Name"":""blueprint_weapon_252"",""Localization"":"""",""ItemValue"":0,""ItemLevel"":0,""Background"":{""spriteAtlas"":""RGTexture/sprite_atlas/items.spriteatlasv2"",""sprite"":""objects_pickable_0"",""tex"":""Assets/RGTexture/items/objects_pickable.png""},""Icon"":{""spriteAtlas"":""RGTexture/sprite_atlas/pet.spriteatlasv2"",""sprite"":""mech_21"",""tex"":""Assets/RGTexture/pet/mech.png""},""IconPosition"":{""x"":-0.8,""y"":0.0,""z"":0.0},""IconScale"":0.7,""IconRotation"":270.0}"
blueprint_weapon_344,BluePrint,Blueprint,"{""BlueprintType"":7,""ItemName"":""weapon_344"",""ResearchMaterials"":[{""item"":""material_gem"",""num"":1500}],""NotRequiredInResearch"":false,""BluePrintLevel"":0,""WeaponDropLevel"":-1,""NeedRecordConsume"":true,""IsFromMechFragment"":false,""Hero"":0,""SkinIndex"":0,""SkillIndex"":0,""AutoMerge"":false,""Name"":""blueprint_weapon_344"",""Localization"":"""",""ItemValue"":0,""ItemLevel"":0,""Background"":{""spriteAtlas"":""RGTexture/sprite_atlas/items.spriteatlasv2"",""sprite"":""objects_pickable_0"",""tex"":""Assets/RGTexture/items/objects_pickable.png""},""Icon"":{""spriteAtlas"":""RGTexture/sprite_atlas/weapon.spriteatlasv2"",""sprite"":""weapons5_108"",""tex"":""Assets/RGTexture/weapon/weapons5.png""},""IconPosition"":{""x"":0.01,""y"":0.0,""z"":0.0},""IconScale"":0.8,""IconRotation"":0.0}"
blueprint_weapon_bossrushfinal,BluePrint,Blueprint,"{""BlueprintType"":7,""ItemName"":""weapon_bossrushfinal"",""ResearchMaterials"":[{""item"":""material_gem"",""num"":1500}],""NotRequiredInResearch"":false,""BluePrintLevel"":0,""WeaponDropLevel"":-1,""NeedRecordConsume"":true,""IsFromMechFragment"":false,""Hero"":0,""SkinIndex"":0,""SkillIndex"":0,""AutoMerge"":false,""Name"":""blueprint_weapon_bossrushfinal"",""Localization"":"""",""ItemValue"":0,""ItemLevel"":0,""Background"":{""spriteAtlas"":""RGTexture/sprite_atlas/items.spriteatlasv2"",""sprite"":""objects_pickable_0"",""tex"":""Assets/RGTexture/items/objects_pickable.png""},""Icon"":{""spriteAtlas"":""RGTexture/sprite_atlas/enemy/boss_rush.spriteatlasv2"",""sprite"":""bossrush_final_normal_player_weapon_0"",""tex"":""Assets/RGTexture/enemy/bossrush_final/normal/bossrush_final_normal_player_weapon.png""},""IconPosition"":{""x"":-0.36,""y"":0.0,""z"":0.0},""IconScale"":0.7,""IconRotation"":0.0}"
blueprint_weapon_bossrushfinalA,BluePrint,Blueprint,"{""BlueprintType"":7,""ItemName"":""weapon_bossrushfinalA"",""ResearchMaterials"":[{""item"":""material_gem"",""num"":1500}],""NotRequiredInResearch"":false,""BluePrintLevel"":0,""WeaponDropLevel"":-1,""NeedRecordConsume"":true,""IsFromMechFragment"":false,""Hero"":0,""SkinIndex"":0,""SkillIndex"":0,""AutoMerge"":false,""Name"":""blueprint_weapon_bossrushfinalA"",""Localization"":"""",""ItemValue"":0,""ItemLevel"":0,""Background"":{""spriteAtlas"":""RGTexture/sprite_atlas/items.spriteatlasv2"",""sprite"":""objects_pickable_0"",""tex"":""Assets/RGTexture/items/objects_pickable.png""},""Icon"":{""spriteAtlas"":""RGTexture/sprite_atlas/weapon.spriteatlasv2"",""sprite"":""player_weapons_0"",""tex"":""Assets/RGTexture/weapon/player_weapons.png""},""IconPosition"":{""x"":-0.588,""y"":0.0,""z"":0.0},""IconScale"":0.6,""IconRotation"":0.0}"
blueprint_weapon_bossrushfinalB,BluePrint,Blueprint,"{""BlueprintType"":7,""ItemName"":""weapon_bossrushfinalB"",""ResearchMaterials"":[{""item"":""material_gem"",""num"":1500}],""NotRequiredInResearch"":false,""BluePrintLevel"":0,""WeaponDropLevel"":-1,""NeedRecordConsume"":true,""IsFromMechFragment"":false,""Hero"":0,""SkinIndex"":0,""SkillIndex"":0,""AutoMerge"":false,""Name"":""blueprint_weapon_bossrushfinalB"",""Localization"":"""",""ItemValue"":0,""ItemLevel"":0,""Background"":{""spriteAtlas"":""RGTexture/sprite_atlas/items.spriteatlasv2"",""sprite"":""objects_pickable_0"",""tex"":""Assets/RGTexture/items/objects_pickable.png""},""Icon"":{""spriteAtlas"":""RGTexture/sprite_atlas/weapon.spriteatlasv2"",""sprite"":""player_weapons_1"",""tex"":""Assets/RGTexture/weapon/player_weapons.png""},""IconPosition"":{""x"":-0.588,""y"":0.0,""z"":0.0},""IconScale"":0.6,""IconRotation"":0.0}"
blueprint_weapon_fish_rod_a,BluePrint,Blueprint,"{""BlueprintType"":7,""ItemName"":""weapon_fish_rod_a"",""ResearchMaterials"":[{""item"":""material_gem"",""num"":10}],""NotRequiredInResearch"":false,""BluePrintLevel"":0,""WeaponDropLevel"":-1,""NeedRecordConsume"":true,""IsFromMechFragment"":false,""Hero"":0,""SkinIndex"":0,""SkillIndex"":0,""AutoMerge"":false,""Name"":""blueprint_weapon_fish_rod_a"",""Localization"":"""",""ItemValue"":0,""ItemLevel"":0,""Background"":{""spriteAtlas"":""RGTexture/sprite_atlas/items.spriteatlasv2"",""sprite"":""objects_pickable_0"",""tex"":""Assets/RGTexture/items/objects_pickable.png""},""Icon"":{""spriteAtlas"":""RGTexture/sprite_atlas/weapon.spriteatlasv2"",""sprite"":""weapons5_62"",""tex"":""Assets/RGTexture/weapon/weapons5.png""},""IconPosition"":{""x"":-0.4,""y"":-0.33,""z"":0.0},""IconScale"":1.0,""IconRotation"":359.9}"
blueprint_weapon_fish_rod_b,BluePrint,Blueprint,"{""BlueprintType"":7,""ItemName"":""weapon_fish_rod_b"",""ResearchMaterials"":[{""item"":""material_gem"",""num"":50}],""NotRequiredInResearch"":false,""BluePrintLevel"":0,""WeaponDropLevel"":-1,""NeedRecordConsume"":true,""IsFromMechFragment"":false,""Hero"":0,""SkinIndex"":0,""SkillIndex"":0,""AutoMerge"":false,""Name"":""blueprint_weapon_fish_rod_b"",""Localization"":"""",""ItemValue"":0,""ItemLevel"":0,""Background"":{""spriteAtlas"":""RGTexture/sprite_atlas/items.spriteatlasv2"",""sprite"":""objects_pickable_0"",""tex"":""Assets/RGTexture/items/objects_pickable.png""},""Icon"":{""spriteAtlas"":""RGTexture/sprite_atlas/weapon.spriteatlasv2"",""sprite"":""weapons5_63"",""tex"":""Assets/RGTexture/weapon/weapons5.png""},""IconPosition"":{""x"":-0.44,""y"":-0.241,""z"":0.0},""IconScale"":0.91,""IconRotation"":359.9}"
blueprint_weapon_fish_rod_c,BluePrint,Blueprint,"{""BlueprintType"":7,""ItemName"":""weapon_fish_rod_c"",""ResearchMaterials"":[{""item"":""material_gem"",""num"":200}],""NotRequiredInResearch"":false,""BluePrintLevel"":0,""WeaponDropLevel"":-1,""NeedRecordConsume"":true,""IsFromMechFragment"":false,""Hero"":0,""SkinIndex"":0,""SkillIndex"":0,""AutoMerge"":false,""Name"":""blueprint_weapon_fish_rod_c"",""Localization"":"""",""ItemValue"":0,""ItemLevel"":0,""Background"":{""spriteAtlas"":""RGTexture/sprite_atlas/items.spriteatlasv2"",""sprite"":""objects_pickable_0"",""tex"":""Assets/RGTexture/items/objects_pickable.png""},""Icon"":{""spriteAtlas"":""RGTexture/sprite_atlas/weapon.spriteatlasv2"",""sprite"":""weapons5_64"",""tex"":""Assets/RGTexture/weapon/weapons5.png""},""IconPosition"":{""x"":-0.44,""y"":-0.3,""z"":0.0},""IconScale"":0.91,""IconRotation"":359.9}"
blueprint_weapon_fish_rod_d,BluePrint,Blueprint,"{""BlueprintType"":7,""ItemName"":""weapon_fish_rod_d"",""ResearchMaterials"":[{""item"":""material_gem"",""num"":1000}],""NotRequiredInResearch"":false,""BluePrintLevel"":0,""WeaponDropLevel"":-1,""NeedRecordConsume"":true,""IsFromMechFragment"":false,""Hero"":0,""SkinIndex"":0,""SkillIndex"":0,""AutoMerge"":false,""Name"":""blueprint_weapon_fish_rod_d"",""Localization"":"""",""ItemValue"":0,""ItemLevel"":0,""Background"":{""spriteAtlas"":""RGTexture/sprite_atlas/items.spriteatlasv2"",""sprite"":""objects_pickable_0"",""tex"":""Assets/RGTexture/items/objects_pickable.png""},""Icon"":{""spriteAtlas"":""RGTexture/sprite_atlas/weapon.spriteatlasv2"",""sprite"":""weapons5_66"",""tex"":""Assets/RGTexture/weapon/weapons5.png""},""IconPosition"":{""x"":-0.391,""y"":-0.3,""z"":0.0},""IconScale"":0.91,""IconRotation"":349.06}"
blueprint_weapon_cg_0,BluePrint,Blueprint,"{""BlueprintType"":7,""ItemName"":""weapon_cg_0"",""ResearchMaterials"":[{""item"":""material_gem"",""num"":1000}],""NotRequiredInResearch"":false,""BluePrintLevel"":0,""WeaponDropLevel"":-1,""NeedRecordConsume"":true,""IsFromMechFragment"":false,""Hero"":0,""SkinIndex"":0,""SkillIndex"":0,""AutoMerge"":false,""Name"":""blueprint_weapon_cg_0"",""Localization"":"""",""ItemValue"":10,""ItemLevel"":1,""Background"":{""spriteAtlas"":""RGTexture/sprite_atlas/items.spriteatlasv2"",""sprite"":""objects_pickable_0"",""tex"":""Assets/RGTexture/items/objects_pickable.png""},""Icon"":{""spriteAtlas"":""RGTexture/sprite_atlas/weapon.spriteatlasv2"",""sprite"":""weapon_cg_0"",""tex"":""Assets/RGTexture/weapon/weapon_cg_0.png""},""IconPosition"":{""x"":-0.32,""y"":-0.15,""z"":0.0},""IconScale"":0.65,""IconRotation"":0.0}"
blueprint_weapon_370,BluePrint,Blueprint,"{""BlueprintType"":7,""ItemName"":""weapon_370"",""ResearchMaterials"":[{""item"":""material_gem"",""num"":1500}],""NotRequiredInResearch"":false,""BluePrintLevel"":0,""WeaponDropLevel"":-1,""NeedRecordConsume"":true,""IsFromMechFragment"":false,""Hero"":0,""SkinIndex"":0,""SkillIndex"":0,""AutoMerge"":false,""Name"":""blueprint_weapon_370"",""Localization"":"""",""ItemValue"":0,""ItemLevel"":0,""Background"":{""spriteAtlas"":""RGTexture/sprite_atlas/items.spriteatlasv2"",""sprite"":""objects_pickable_0"",""tex"":""Assets/RGTexture/items/objects_pickable.png""},""Icon"":{""spriteAtlas"":""RGTexture/sprite_atlas/weapon.spriteatlasv2"",""sprite"":""weapon_370_ui"",""tex"":""Assets/RGTexture/weapon/weapon_370_ui.PNG""},""IconPosition"":{""x"":0.0,""y"":0.0,""z"":0.0},""IconScale"":0.56,""IconRotation"":0.0}"
blueprint_weapon_cg_1,BluePrint,Blueprint,"{""BlueprintType"":7,""ItemName"":""weapon_cg_1"",""ResearchMaterials"":[{""item"":""material_gem"",""num"":1000}],""NotRequiredInResearch"":false,""BluePrintLevel"":0,""WeaponDropLevel"":-1,""NeedRecordConsume"":true,""IsFromMechFragment"":false,""Hero"":0,""SkinIndex"":0,""SkillIndex"":0,""AutoMerge"":false,""Name"":""blueprint_weapon_cg_1"",""Localization"":"""",""ItemValue"":20,""ItemLevel"":2,""Background"":{""spriteAtlas"":""RGTexture/sprite_atlas/items.spriteatlasv2"",""sprite"":""objects_pickable_0"",""tex"":""Assets/RGTexture/items/objects_pickable.png""},""Icon"":{""spriteAtlas"":""RGTexture/sprite_atlas/weapon.spriteatlasv2"",""sprite"":""weapon_cg_1"",""tex"":""Assets/RGTexture/weapon/weapon_cg_1.png""},""IconPosition"":{""x"":-0.19,""y"":-0.1,""z"":0.0},""IconScale"":0.8,""IconRotation"":0.0}"
blueprint_weapon_cg_2,BluePrint,Blueprint,"{""BlueprintType"":7,""ItemName"":""weapon_cg_2"",""ResearchMaterials"":[{""item"":""material_gem"",""num"":1500}],""NotRequiredInResearch"":false,""BluePrintLevel"":0,""WeaponDropLevel"":-1,""NeedRecordConsume"":true,""IsFromMechFragment"":false,""Hero"":0,""SkinIndex"":0,""SkillIndex"":0,""AutoMerge"":false,""Name"":""blueprint_weapon_cg_2"",""Localization"":"""",""ItemValue"":40,""ItemLevel"":4,""Background"":{""spriteAtlas"":""RGTexture/sprite_atlas/items.spriteatlasv2"",""sprite"":""objects_pickable_0"",""tex"":""Assets/RGTexture/items/objects_pickable.png""},""Icon"":{""spriteAtlas"":""RGTexture/sprite_atlas/weapon.spriteatlasv2"",""sprite"":""weapon_cg_2"",""tex"":""Assets/RGTexture/weapon/weapon_cg_2.png""},""IconPosition"":{""x"":-0.23,""y"":-0.1,""z"":0.0},""IconScale"":0.65,""IconRotation"":0.0}"
blueprint_weapon_cg_3,BluePrint,Blueprint,"{""BlueprintType"":7,""ItemName"":""weapon_cg_3"",""ResearchMaterials"":[{""item"":""material_gem"",""num"":1200}],""NotRequiredInResearch"":false,""BluePrintLevel"":0,""WeaponDropLevel"":-1,""NeedRecordConsume"":true,""IsFromMechFragment"":false,""Hero"":0,""SkinIndex"":0,""SkillIndex"":0,""AutoMerge"":false,""Name"":""blueprint_weapon_cg_3"",""Localization"":"""",""ItemValue"":0,""ItemLevel"":0,""Background"":{""spriteAtlas"":""RGTexture/sprite_atlas/items.spriteatlasv2"",""sprite"":""objects_pickable_0"",""tex"":""Assets/RGTexture/items/objects_pickable.png""},""Icon"":{""spriteAtlas"":""RGTexture/sprite_atlas/weapon.spriteatlasv2"",""sprite"":""weapon_cg_3"",""tex"":""Assets/RGTexture/weapon/weapon_cg_3.png""},""IconPosition"":{""x"":-0.51,""y"":0.0,""z"":0.0},""IconScale"":0.58,""IconRotation"":0.0}"
blueprint_weapon_380,BluePrint,Blueprint,"{""BlueprintType"":7,""ItemName"":""weapon_380"",""ResearchMaterials"":[{""item"":""material_gem"",""num"":1500}],""NotRequiredInResearch"":false,""BluePrintLevel"":0,""WeaponDropLevel"":-1,""NeedRecordConsume"":true,""IsFromMechFragment"":false,""Hero"":0,""SkinIndex"":0,""SkillIndex"":0,""AutoMerge"":false,""Name"":""blueprint_weapon_380"",""Localization"":"""",""ItemValue"":0,""ItemLevel"":0,""Background"":{""spriteAtlas"":""RGTexture/sprite_atlas/items.spriteatlasv2"",""sprite"":""objects_pickable_0"",""tex"":""Assets/RGTexture/items/objects_pickable.png""},""Icon"":{""spriteAtlas"":""RGTexture/sprite_atlas/weapon.spriteatlasv2"",""sprite"":""weapon_380"",""tex"":""Assets/RGTexture/weapon/weapon_380.png""},""IconPosition"":{""x"":0.0,""y"":0.0,""z"":0.0},""IconScale"":1.0,""IconRotation"":0.0}"
blueprint_weapon_381,BluePrint,Blueprint,"{""BlueprintType"":7,""ItemName"":""weapon_381"",""ResearchMaterials"":[{""item"":""material_gem"",""num"":1500}],""NotRequiredInResearch"":false,""BluePrintLevel"":0,""WeaponDropLevel"":-1,""NeedRecordConsume"":true,""IsFromMechFragment"":false,""Hero"":0,""SkinIndex"":0,""SkillIndex"":0,""AutoMerge"":false,""Name"":""blueprint_weapon_381"",""Localization"":"""",""ItemValue"":0,""ItemLevel"":0,""Background"":{""spriteAtlas"":""RGTexture/sprite_atlas/items.spriteatlasv2"",""sprite"":""objects_pickable_0"",""tex"":""Assets/RGTexture/items/objects_pickable.png""},""Icon"":{""spriteAtlas"":""RGTexture/sprite_atlas/weapon.spriteatlasv2"",""sprite"":""weapon_381"",""tex"":""Assets/RGTexture/weapon/weapon_381.png""},""IconPosition"":{""x"":-0.25,""y"":0.0,""z"":0.0},""IconScale"":1.0,""IconRotation"":0.0}"
blueprint_weapon_fel_fabric,BluePrint,Blueprint,"{""BlueprintType"":7,""ItemName"":""weapon_fel_fabric"",""ResearchMaterials"":[{""item"":""material_gem"",""num"":1500}],""NotRequiredInResearch"":false,""BluePrintLevel"":0,""WeaponDropLevel"":-1,""NeedRecordConsume"":true,""IsFromMechFragment"":false,""Hero"":0,""SkinIndex"":0,""SkillIndex"":0,""AutoMerge"":false,""Name"":""blueprint_weapon_fel_fabric"",""Localization"":"""",""ItemValue"":0,""ItemLevel"":0,""Background"":{""spriteAtlas"":""RGTexture/sprite_atlas/items.spriteatlasv2"",""sprite"":""objects_pickable_0"",""tex"":""Assets/RGTexture/items/objects_pickable.png""},""Icon"":{""spriteAtlas"":""RGTexture/sprite_atlas/enemy/boss_rush.spriteatlasv2"",""sprite"":""weapon_fel_fabric"",""tex"":""Assets/RGTexture/enemy/bossrush_final/fel_lord/weapon_fel_fabric.png""},""IconPosition"":{""x"":0.0,""y"":0.0,""z"":0.0},""IconScale"":1.0,""IconRotation"":0.0}"
blueprint_weapon_383,BluePrint,Blueprint,"{""BlueprintType"":7,""ItemName"":""weapon_383"",""ResearchMaterials"":[{""item"":""material_gem"",""num"":500}],""NotRequiredInResearch"":false,""BluePrintLevel"":0,""WeaponDropLevel"":-1,""NeedRecordConsume"":true,""IsFromMechFragment"":false,""Hero"":0,""SkinIndex"":0,""SkillIndex"":0,""AutoMerge"":false,""Name"":""blueprint_weapon_383"",""Localization"":"""",""ItemValue"":0,""ItemLevel"":0,""Background"":{""spriteAtlas"":""RGTexture/sprite_atlas/items.spriteatlasv2"",""sprite"":""objects_pickable_0"",""tex"":""Assets/RGTexture/items/objects_pickable.png""},""Icon"":{""spriteAtlas"":""RGTexture/sprite_atlas/weapon.spriteatlasv2"",""sprite"":""weapon_383"",""tex"":""Assets/RGTexture/weapon/weapon_383.png""},""IconPosition"":{""x"":0.0,""y"":0.0,""z"":0.0},""IconScale"":1.0,""IconRotation"":0.0}"
blueprint_weapon_385,BluePrint,Blueprint,"{""BlueprintType"":7,""ItemName"":""weapon_385"",""ResearchMaterials"":[{""item"":""material_gem"",""num"":1500}],""NotRequiredInResearch"":false,""BluePrintLevel"":0,""WeaponDropLevel"":-1,""NeedRecordConsume"":true,""IsFromMechFragment"":false,""Hero"":0,""SkinIndex"":0,""SkillIndex"":0,""AutoMerge"":false,""Name"":""blueprint_weapon_385"",""Localization"":"""",""ItemValue"":0,""ItemLevel"":0,""Background"":{""spriteAtlas"":""RGTexture/sprite_atlas/items.spriteatlasv2"",""sprite"":""objects_pickable_0"",""tex"":""Assets/RGTexture/items/objects_pickable.png""},""Icon"":{""spriteAtlas"":""RGTexture/sprite_atlas/weapon.spriteatlasv2"",""sprite"":""weapon_lvbu"",""tex"":""Assets/RGTexture/weapon/weapon_lvbu.png""},""IconPosition"":{""x"":-0.35,""y"":0.0,""z"":0.0},""IconScale"":0.3,""IconRotation"":0.0}"
blueprint_weapon_386,BluePrint,Blueprint,"{""BlueprintType"":7,""ItemName"":""weapon_386"",""ResearchMaterials"":[{""item"":""material_gem"",""num"":500}],""NotRequiredInResearch"":false,""BluePrintLevel"":0,""WeaponDropLevel"":-1,""NeedRecordConsume"":true,""IsFromMechFragment"":false,""Hero"":0,""SkinIndex"":0,""SkillIndex"":0,""AutoMerge"":false,""Name"":""blueprint_weapon_386"",""Localization"":"""",""ItemValue"":0,""ItemLevel"":0,""Background"":{""spriteAtlas"":""RGTexture/sprite_atlas/items.spriteatlasv2"",""sprite"":""objects_pickable_0"",""tex"":""Assets/RGTexture/items/objects_pickable.png""},""Icon"":{""spriteAtlas"":""RGTexture/sprite_atlas/weapon.spriteatlasv2"",""sprite"":""weapon_386_icon"",""tex"":""Assets/RGTexture/weapon/weapon_386_icon.png""},""IconPosition"":{""x"":0.0,""y"":0.0,""z"":0.0},""IconScale"":1.0,""IconRotation"":0.0}"
blueprint_weapon_387,BluePrint,Blueprint,"{""BlueprintType"":7,""ItemName"":""weapon_387"",""ResearchMaterials"":[{""item"":""material_gem"",""num"":1000}],""NotRequiredInResearch"":false,""BluePrintLevel"":0,""WeaponDropLevel"":-1,""NeedRecordConsume"":true,""IsFromMechFragment"":false,""Hero"":0,""SkinIndex"":0,""SkillIndex"":0,""AutoMerge"":false,""Name"":""blueprint_weapon_387"",""Localization"":"""",""ItemValue"":0,""ItemLevel"":0,""Background"":{""spriteAtlas"":""RGTexture/sprite_atlas/items.spriteatlasv2"",""sprite"":""objects_pickable_0"",""tex"":""Assets/RGTexture/items/objects_pickable.png""},""Icon"":{""spriteAtlas"":""RGTexture/sprite_atlas/weapon.spriteatlasv2"",""sprite"":""weapon_387"",""tex"":""Assets/RGTexture/weapon/weapon_387.png""},""IconPosition"":{""x"":0.0,""y"":0.0,""z"":0.0},""IconScale"":1.0,""IconRotation"":0.0}"
blueprint_weapon_393,BluePrint,Blueprint,"{""BlueprintType"":7,""ItemName"":""weapon_393"",""ResearchMaterials"":[{""item"":""material_gem"",""num"":1000}],""NotRequiredInResearch"":false,""BluePrintLevel"":0,""WeaponDropLevel"":-1,""NeedRecordConsume"":true,""IsFromMechFragment"":false,""Hero"":0,""SkinIndex"":0,""SkillIndex"":0,""AutoMerge"":false,""Name"":""blueprint_weapon_393"",""Localization"":"""",""ItemValue"":0,""ItemLevel"":0,""Background"":{""spriteAtlas"":""RGTexture/sprite_atlas/items.spriteatlasv2"",""sprite"":""objects_pickable_0"",""tex"":""Assets/RGTexture/items/objects_pickable.png""},""Icon"":{""spriteAtlas"":""RGTexture/sprite_atlas/weapon.spriteatlasv2"",""sprite"":""weapon_393_icon"",""tex"":""Assets/RGTexture/weapon/weapon_393_icon.png""},""IconPosition"":{""x"":0.0,""y"":0.0,""z"":0.0},""IconScale"":1.0,""IconRotation"":0.0}"
blueprint_weapon_392,BluePrint,Blueprint,"{""BlueprintType"":7,""ItemName"":""weapon_392"",""ResearchMaterials"":[{""item"":""material_gem"",""num"":500}],""NotRequiredInResearch"":false,""BluePrintLevel"":0,""WeaponDropLevel"":-1,""NeedRecordConsume"":true,""IsFromMechFragment"":false,""Hero"":0,""SkinIndex"":0,""SkillIndex"":0,""AutoMerge"":false,""Name"":""blueprint_weapon_392"",""Localization"":"""",""ItemValue"":0,""ItemLevel"":0,""Background"":{""spriteAtlas"":""RGTexture/sprite_atlas/items.spriteatlasv2"",""sprite"":""objects_pickable_0"",""tex"":""Assets/RGTexture/items/objects_pickable.png""},""Icon"":{""spriteAtlas"":""RGTexture/sprite_atlas/weapon.spriteatlasv2"",""sprite"":""w392_icon"",""tex"":""Assets/RGTexture/weapon/w392_icon.png""},""IconPosition"":{""x"":0.0,""y"":0.0,""z"":0.0},""IconScale"":1.0,""IconRotation"":0.0}"
blueprint_weapon_394,BluePrint,Blueprint,"{""BlueprintType"":7,""ItemName"":""weapon_394"",""ResearchMaterials"":[{""item"":""material_gem"",""num"":500}],""NotRequiredInResearch"":false,""BluePrintLevel"":0,""WeaponDropLevel"":-1,""NeedRecordConsume"":true,""IsFromMechFragment"":false,""Hero"":0,""SkinIndex"":0,""SkillIndex"":0,""AutoMerge"":false,""Name"":""blueprint_weapon_394"",""Localization"":"""",""ItemValue"":0,""ItemLevel"":0,""Background"":{""spriteAtlas"":""RGTexture/sprite_atlas/items.spriteatlasv2"",""sprite"":""objects_pickable_0"",""tex"":""Assets/RGTexture/items/objects_pickable.png""},""Icon"":{""spriteAtlas"":""RGTexture/sprite_atlas/weapon.spriteatlasv2"",""sprite"":""weapon_394"",""tex"":""Assets/RGTexture/weapon/weapon_394.png""},""IconPosition"":{""x"":-0.47,""y"":-0.18,""z"":0.0},""IconScale"":0.45,""IconRotation"":20.0}"
blueprint_weapon_395,BluePrint,Blueprint,"{""BlueprintType"":7,""ItemName"":""weapon_395"",""ResearchMaterials"":[{""item"":""material_gem"",""num"":500}],""NotRequiredInResearch"":false,""BluePrintLevel"":0,""WeaponDropLevel"":-1,""NeedRecordConsume"":true,""IsFromMechFragment"":false,""Hero"":0,""SkinIndex"":0,""SkillIndex"":0,""AutoMerge"":false,""Name"":""blueprint_weapon_395"",""Localization"":"""",""ItemValue"":0,""ItemLevel"":0,""Background"":{""spriteAtlas"":""RGTexture/sprite_atlas/items.spriteatlasv2"",""sprite"":""objects_pickable_0"",""tex"":""Assets/RGTexture/items/objects_pickable.png""},""Icon"":{""spriteAtlas"":""RGTexture/sprite_atlas/weapon.spriteatlasv2"",""sprite"":""weapon_395_close"",""tex"":""Assets/RGTexture/weapon/weapon_395_close.png""},""IconPosition"":{""x"":0.0,""y"":0.0,""z"":0.0},""IconScale"":1.0,""IconRotation"":0.0}"
blueprint_weapon_396,BluePrint,Blueprint,"{""BlueprintType"":7,""ItemName"":""weapon_396"",""ResearchMaterials"":[{""item"":""material_gem"",""num"":500}],""NotRequiredInResearch"":false,""BluePrintLevel"":0,""WeaponDropLevel"":-1,""NeedRecordConsume"":true,""IsFromMechFragment"":false,""Hero"":0,""SkinIndex"":0,""SkillIndex"":0,""AutoMerge"":false,""Name"":""blueprint_weapon_396"",""Localization"":"""",""ItemValue"":0,""ItemLevel"":0,""Background"":{""spriteAtlas"":""RGTexture/sprite_atlas/items.spriteatlasv2"",""sprite"":""objects_pickable_0"",""tex"":""Assets/RGTexture/items/objects_pickable.png""},""Icon"":{""spriteAtlas"":""RGTexture/sprite_atlas/weapon.spriteatlasv2"",""sprite"":""weapon_396"",""tex"":""Assets/RGTexture/weapon/weapon_396.png""},""IconPosition"":{""x"":0.0,""y"":0.0,""z"":0.0},""IconScale"":1.1,""IconRotation"":0.0}"
blueprint_weapon_397,BluePrint,Blueprint,"{""BlueprintType"":7,""ItemName"":""weapon_397"",""ResearchMaterials"":[{""item"":""material_gem"",""num"":500}],""NotRequiredInResearch"":false,""BluePrintLevel"":0,""WeaponDropLevel"":-1,""NeedRecordConsume"":true,""IsFromMechFragment"":false,""Hero"":0,""SkinIndex"":0,""SkillIndex"":0,""AutoMerge"":false,""Name"":""blueprint_weapon_397"",""Localization"":"""",""ItemValue"":0,""ItemLevel"":0,""Background"":{""spriteAtlas"":""RGTexture/sprite_atlas/items.spriteatlasv2"",""sprite"":""objects_pickable_0"",""tex"":""Assets/RGTexture/items/objects_pickable.png""},""Icon"":{""spriteAtlas"":""RGTexture/sprite_atlas/weapon.spriteatlasv2"",""sprite"":""weapon_397"",""tex"":""Assets/RGTexture/weapon/weapon_397.png""},""IconPosition"":{""x"":0.0,""y"":0.0,""z"":0.0},""IconScale"":1.0,""IconRotation"":0.0}"
blueprint_weapon_398,BluePrint,Blueprint,"{""BlueprintType"":7,""ItemName"":""weapon_398"",""ResearchMaterials"":[{""item"":""material_gem"",""num"":500}],""NotRequiredInResearch"":false,""BluePrintLevel"":0,""WeaponDropLevel"":-1,""NeedRecordConsume"":true,""IsFromMechFragment"":false,""Hero"":0,""SkinIndex"":0,""SkillIndex"":0,""AutoMerge"":false,""Name"":""blueprint_weapon_398"",""Localization"":"""",""ItemValue"":0,""ItemLevel"":0,""Background"":{""spriteAtlas"":""RGTexture/sprite_atlas/items.spriteatlasv2"",""sprite"":""objects_pickable_0"",""tex"":""Assets/RGTexture/items/objects_pickable.png""},""Icon"":{""spriteAtlas"":""RGTexture/sprite_atlas/weapon.spriteatlasv2"",""sprite"":""weapon_398_0"",""tex"":""Assets/RGTexture/weapon/weapon_398.png""},""IconPosition"":{""x"":0.1,""y"":-0.1,""z"":0.0},""IconScale"":0.9,""IconRotation"":0.0}"
blueprint_weapon_407,BluePrint,Blueprint,"{""BlueprintType"":7,""ItemName"":""weapon_407"",""ResearchMaterials"":[{""item"":""material_gem"",""num"":500}],""NotRequiredInResearch"":false,""BluePrintLevel"":0,""WeaponDropLevel"":-1,""NeedRecordConsume"":true,""IsFromMechFragment"":false,""Hero"":0,""SkinIndex"":0,""SkillIndex"":0,""AutoMerge"":false,""Name"":""blueprint_weapon_407"",""Localization"":"""",""ItemValue"":0,""ItemLevel"":0,""Background"":{""spriteAtlas"":""RGTexture/sprite_atlas/items.spriteatlasv2"",""sprite"":""objects_pickable_0"",""tex"":""Assets/RGTexture/items/objects_pickable.png""},""Icon"":{""spriteAtlas"":""RGTexture/sprite_atlas/weapon.spriteatlasv2"",""sprite"":""weapon_407"",""tex"":""Assets/RGTexture/weapon/weapon_407.png""},""IconPosition"":{""x"":0.0,""y"":0.0,""z"":0.0},""IconScale"":1.0,""IconRotation"":0.0}"
blueprint_weapon_408,BluePrint,Blueprint,"{""BlueprintType"":7,""ItemName"":""weapon_408"",""ResearchMaterials"":[{""item"":""material_gem"",""num"":500}],""NotRequiredInResearch"":false,""BluePrintLevel"":0,""WeaponDropLevel"":-1,""NeedRecordConsume"":true,""IsFromMechFragment"":false,""Hero"":0,""SkinIndex"":0,""SkillIndex"":0,""AutoMerge"":false,""Name"":""blueprint_weapon_408"",""Localization"":"""",""ItemValue"":0,""ItemLevel"":0,""Background"":{""spriteAtlas"":""RGTexture/sprite_atlas/items.spriteatlasv2"",""sprite"":""objects_pickable_0"",""tex"":""Assets/RGTexture/items/objects_pickable.png""},""Icon"":{""spriteAtlas"":""RGTexture/sprite_atlas/weapon.spriteatlasv2"",""sprite"":""weapon_408"",""tex"":""Assets/RGTexture/weapon/weapon_408.png""},""IconPosition"":{""x"":0.0,""y"":0.0,""z"":0.0},""IconScale"":1.2,""IconRotation"":0.0}"
blueprint_weapon_409,BluePrint,Blueprint,"{""BlueprintType"":7,""ItemName"":""weapon_409"",""ResearchMaterials"":[{""item"":""material_gem"",""num"":500}],""NotRequiredInResearch"":false,""BluePrintLevel"":0,""WeaponDropLevel"":-1,""NeedRecordConsume"":true,""IsFromMechFragment"":false,""Hero"":0,""SkinIndex"":0,""SkillIndex"":0,""AutoMerge"":false,""Name"":""blueprint_weapon_409"",""Localization"":"""",""ItemValue"":0,""ItemLevel"":0,""Background"":{""spriteAtlas"":""RGTexture/sprite_atlas/items.spriteatlasv2"",""sprite"":""objects_pickable_0"",""tex"":""Assets/RGTexture/items/objects_pickable.png""},""Icon"":{""spriteAtlas"":""RGTexture/sprite_atlas/weapon.spriteatlasv2"",""sprite"":""milk_tea_drink_0"",""tex"":""Assets/RGTexture/weapon/weapon_milk_tea.png""},""IconPosition"":{""x"":0.0,""y"":0.0,""z"":0.0},""IconScale"":1.0,""IconRotation"":0.0}"
blueprint_weapon_411,BluePrint,Blueprint,"{""BlueprintType"":7,""ItemName"":""weapon_411"",""ResearchMaterials"":[{""item"":""material_gem"",""num"":1000}],""NotRequiredInResearch"":false,""BluePrintLevel"":0,""WeaponDropLevel"":-1,""NeedRecordConsume"":true,""IsFromMechFragment"":false,""Hero"":0,""SkinIndex"":0,""SkillIndex"":0,""AutoMerge"":false,""Name"":""blueprint_weapon_411"",""Localization"":"""",""ItemValue"":0,""ItemLevel"":0,""Background"":{""spriteAtlas"":""RGTexture/sprite_atlas/items.spriteatlasv2"",""sprite"":""objects_pickable_0"",""tex"":""Assets/RGTexture/items/objects_pickable.png""},""Icon"":{""spriteAtlas"":""RGTexture/sprite_atlas/weapon.spriteatlasv2"",""sprite"":""weapon_411"",""tex"":""Assets/RGTexture/weapon/weapon_411.png""},""IconPosition"":{""x"":-0.44,""y"":-0.06,""z"":0.0},""IconScale"":0.9,""IconRotation"":0.0}"
blueprint_weapon_413,BluePrint,Blueprint,"{""BlueprintType"":7,""ItemName"":""weapon_413"",""ResearchMaterials"":[{""item"":""material_gem"",""num"":500}],""NotRequiredInResearch"":false,""BluePrintLevel"":0,""WeaponDropLevel"":-1,""NeedRecordConsume"":true,""IsFromMechFragment"":false,""Hero"":0,""SkinIndex"":0,""SkillIndex"":0,""AutoMerge"":false,""Name"":""blueprint_weapon_413"",""Localization"":"""",""ItemValue"":0,""ItemLevel"":0,""Background"":{""spriteAtlas"":""RGTexture/sprite_atlas/items.spriteatlasv2"",""sprite"":""objects_pickable_0"",""tex"":""Assets/RGTexture/items/objects_pickable.png""},""Icon"":{""spriteAtlas"":""RGTexture/sprite_atlas/weapon.spriteatlasv2"",""sprite"":""weapon_413"",""tex"":""Assets/RGTexture/weapon/weapon_413.png""},""IconPosition"":{""x"":-0.15,""y"":-0.18,""z"":0.0},""IconScale"":0.8,""IconRotation"":0.0}"
blueprint_weapon_415,BluePrint,Blueprint,"{""BlueprintType"":7,""ItemName"":""weapon_415"",""ResearchMaterials"":[{""item"":""material_gem"",""num"":500}],""NotRequiredInResearch"":false,""BluePrintLevel"":0,""WeaponDropLevel"":-1,""NeedRecordConsume"":true,""IsFromMechFragment"":false,""Hero"":0,""SkinIndex"":0,""SkillIndex"":0,""AutoMerge"":false,""Name"":""blueprint_weapon_415"",""Localization"":"""",""ItemValue"":0,""ItemLevel"":0,""Background"":{""spriteAtlas"":""RGTexture/sprite_atlas/items.spriteatlasv2"",""sprite"":""objects_pickable_0"",""tex"":""Assets/RGTexture/items/objects_pickable.png""},""Icon"":{""spriteAtlas"":""RGTexture/sprite_atlas/weapon.spriteatlasv2"",""sprite"":""weapon_415"",""tex"":""Assets/RGTexture/weapon/weapon_415.png""},""IconPosition"":{""x"":0.0,""y"":0.0,""z"":0.0},""IconScale"":1.0,""IconRotation"":0.0}"
blueprint_weapon_boss_void_origin,BluePrint,Blueprint,"{""BlueprintType"":7,""ItemName"":""weapon_boss_void_origin"",""ResearchMaterials"":[{""item"":""material_gem"",""num"":1500}],""NotRequiredInResearch"":false,""BluePrintLevel"":0,""WeaponDropLevel"":-1,""NeedRecordConsume"":true,""IsFromMechFragment"":false,""Hero"":0,""SkinIndex"":0,""SkillIndex"":0,""AutoMerge"":false,""Name"":""blueprint_weapon_boss_void_origin"",""Localization"":"""",""ItemValue"":0,""ItemLevel"":0,""Background"":{""spriteAtlas"":""RGTexture/sprite_atlas/items.spriteatlasv2"",""sprite"":""objects_pickable_0"",""tex"":""Assets/RGTexture/items/objects_pickable.png""},""Icon"":{""spriteAtlas"":""RGTexture/sprite_atlas/weapon.spriteatlasv2"",""sprite"":""icon"",""tex"":""Assets/RGTexture/weapon/weapon_boss_void_origin/icon.png""},""IconPosition"":{""x"":0.0,""y"":0.0,""z"":0.0},""IconScale"":0.4,""IconRotation"":0.0}"
blueprint_evolution_weapon_159,BluePrint,Blueprint,"{""BlueprintType"":8,""ItemName"":""weapon_159"",""ResearchMaterials"":[{""item"":""material_gem"",""num"":1000},{""item"":""material_cell"",""num"":3},{""item"":""material_wood"",""num"":3},{""item"":""material_magic_red"",""num"":3},{""item"":""material_ancient_weapon_fragment"",""num"":8}],""NotRequiredInResearch"":false,""BluePrintLevel"":0,""WeaponDropLevel"":-1,""NeedRecordConsume"":true,""IsFromMechFragment"":false,""Hero"":0,""SkinIndex"":0,""SkillIndex"":0,""AutoMerge"":false,""Name"":""blueprint_evolution_weapon_159"",""Localization"":"""",""ItemValue"":0,""ItemLevel"":0,""Background"":{""spriteAtlas"":""RGTexture/sprite_atlas/items.spriteatlasv2"",""sprite"":""weapon_evolution_blueprint_ui"",""tex"":""Assets/RGTexture/items/weapon_evolution_blueprint_ui.png""},""Icon"":{""spriteAtlas"":""RGTexture/sprite_atlas/weapon.spriteatlasv2"",""sprite"":""weapons2_70"",""tex"":""Assets/RGTexture/weapon/weapons2.png""},""IconPosition"":{""x"":-0.3,""y"":0.0,""z"":0.0},""IconScale"":0.9,""IconRotation"":0.0}"
blueprint_evolution_weapon_160,BluePrint,Blueprint,"{""BlueprintType"":8,""ItemName"":""weapon_160"",""ResearchMaterials"":[{""item"":""material_gem"",""num"":1000},{""item"":""material_cell"",""num"":3},{""item"":""material_wood"",""num"":3},{""item"":""material_magic_red"",""num"":3},{""item"":""material_ancient_weapon_fragment"",""num"":8}],""NotRequiredInResearch"":false,""BluePrintLevel"":0,""WeaponDropLevel"":-1,""NeedRecordConsume"":true,""IsFromMechFragment"":false,""Hero"":0,""SkinIndex"":0,""SkillIndex"":0,""AutoMerge"":false,""Name"":""blueprint_evolution_weapon_160"",""Localization"":"""",""ItemValue"":0,""ItemLevel"":0,""Background"":{""spriteAtlas"":""RGTexture/sprite_atlas/items.spriteatlasv2"",""sprite"":""weapon_evolution_blueprint_ui"",""tex"":""Assets/RGTexture/items/weapon_evolution_blueprint_ui.png""},""Icon"":{""spriteAtlas"":""RGTexture/sprite_atlas/weapon.spriteatlasv2"",""sprite"":""weapons2_75"",""tex"":""Assets/RGTexture/weapon/weapons2.png""},""IconPosition"":{""x"":-0.08,""y"":-0.1,""z"":0.0},""IconScale"":0.6,""IconRotation"":0.0}"
blueprint_evolution_weapon_366,BluePrint,Blueprint,"{""BlueprintType"":8,""ItemName"":""weapon_366"",""ResearchMaterials"":[{""item"":""material_gem"",""num"":1000},{""item"":""material_cell"",""num"":3},{""item"":""material_wood"",""num"":3},{""item"":""material_magic_red"",""num"":3},{""item"":""material_ancient_weapon_fragment"",""num"":8}],""NotRequiredInResearch"":false,""BluePrintLevel"":0,""WeaponDropLevel"":-1,""NeedRecordConsume"":true,""IsFromMechFragment"":false,""Hero"":0,""SkinIndex"":0,""SkillIndex"":0,""AutoMerge"":false,""Name"":""blueprint_evolution_weapon_366"",""Localization"":"""",""ItemValue"":0,""ItemLevel"":0,""Background"":{""spriteAtlas"":""RGTexture/sprite_atlas/items.spriteatlasv2"",""sprite"":""weapon_evolution_blueprint_ui"",""tex"":""Assets/RGTexture/items/weapon_evolution_blueprint_ui.png""},""Icon"":{""spriteAtlas"":""RGTexture/sprite_atlas/weapon.spriteatlasv2"",""sprite"":""w366_icon"",""tex"":""Assets/RGTexture/weapon/weapon_366/w366_icon.png""},""IconPosition"":{""x"":0.0,""y"":0.0,""z"":0.0},""IconScale"":0.7,""IconRotation"":0.0}"
blueprint_evolution_weapon_367,BluePrint,Blueprint,"{""BlueprintType"":8,""ItemName"":""weapon_367"",""ResearchMaterials"":[{""item"":""material_gem"",""num"":1000},{""item"":""material_cell"",""num"":3},{""item"":""material_wood"",""num"":3},{""item"":""material_magic_red"",""num"":3},{""item"":""material_ancient_weapon_fragment"",""num"":8}],""NotRequiredInResearch"":false,""BluePrintLevel"":0,""WeaponDropLevel"":-1,""NeedRecordConsume"":true,""IsFromMechFragment"":false,""Hero"":0,""SkinIndex"":0,""SkillIndex"":0,""AutoMerge"":false,""Name"":""blueprint_evolution_weapon_367"",""Localization"":"""",""ItemValue"":0,""ItemLevel"":0,""Background"":{""spriteAtlas"":""RGTexture/sprite_atlas/items.spriteatlasv2"",""sprite"":""weapon_evolution_blueprint_ui"",""tex"":""Assets/RGTexture/items/weapon_evolution_blueprint_ui.png""},""Icon"":{""spriteAtlas"":""RGTexture/sprite_atlas/weapon.spriteatlasv2"",""sprite"":""w367_icon"",""tex"":""Assets/RGTexture/weapon/weapon_367/w367_icon.png""},""IconPosition"":{""x"":0.0,""y"":0.0,""z"":0.0},""IconScale"":0.7,""IconRotation"":0.0}"
blueprint_evolution_weapon_131,BluePrint,Blueprint,"{""BlueprintType"":8,""ItemName"":""weapon_131"",""ResearchMaterials"":[{""item"":""material_gem"",""num"":1000},{""item"":""material_cell"",""num"":3},{""item"":""material_wood"",""num"":3},{""item"":""material_magic_red"",""num"":3},{""item"":""material_ancient_weapon_fragment"",""num"":8}],""NotRequiredInResearch"":false,""BluePrintLevel"":0,""WeaponDropLevel"":-1,""NeedRecordConsume"":true,""IsFromMechFragment"":false,""Hero"":0,""SkinIndex"":0,""SkillIndex"":0,""AutoMerge"":false,""Name"":""blueprint_evolution_weapon_131"",""Localization"":"""",""ItemValue"":0,""ItemLevel"":0,""Background"":{""spriteAtlas"":""RGTexture/sprite_atlas/items.spriteatlasv2"",""sprite"":""weapon_evolution_blueprint_ui"",""tex"":""Assets/RGTexture/items/weapon_evolution_blueprint_ui.png""},""Icon"":{""spriteAtlas"":""RGTexture/sprite_atlas/weapon.spriteatlasv2"",""sprite"":""weapons2_52"",""tex"":""Assets/RGTexture/weapon/weapons2.png""},""IconPosition"":{""x"":-0.09,""y"":-0.05,""z"":0.0},""IconScale"":0.59,""IconRotation"":0.0}"
blueprint_evolution_weapon_207,BluePrint,Blueprint,"{""BlueprintType"":8,""ItemName"":""weapon_207"",""ResearchMaterials"":[{""item"":""material_gem"",""num"":1000},{""item"":""material_cell"",""num"":3},{""item"":""material_wood"",""num"":3},{""item"":""material_magic_red"",""num"":3},{""item"":""material_ancient_weapon_fragment"",""num"":8}],""NotRequiredInResearch"":false,""BluePrintLevel"":0,""WeaponDropLevel"":-1,""NeedRecordConsume"":true,""IsFromMechFragment"":false,""Hero"":0,""SkinIndex"":0,""SkillIndex"":0,""AutoMerge"":false,""Name"":""blueprint_evolution_weapon_207"",""Localization"":"""",""ItemValue"":0,""ItemLevel"":0,""Background"":{""spriteAtlas"":""RGTexture/sprite_atlas/items.spriteatlasv2"",""sprite"":""weapon_evolution_blueprint_ui"",""tex"":""Assets/RGTexture/items/weapon_evolution_blueprint_ui.png""},""Icon"":{""spriteAtlas"":""RGTexture/sprite_atlas/weapon.spriteatlasv2"",""sprite"":""weapons3_0"",""tex"":""Assets/RGTexture/weapon/weapons3.png""},""IconPosition"":{""x"":0.0,""y"":-0.07,""z"":0.0},""IconScale"":0.7,""IconRotation"":0.0}"
blueprint_evolution_weapon_346,BluePrint,Blueprint,"{""BlueprintType"":8,""ItemName"":""weapon_346"",""ResearchMaterials"":[{""item"":""material_gem"",""num"":1000},{""item"":""material_cell"",""num"":3},{""item"":""material_wood"",""num"":3},{""item"":""material_magic_red"",""num"":3},{""item"":""material_ancient_weapon_fragment"",""num"":8}],""NotRequiredInResearch"":false,""BluePrintLevel"":0,""WeaponDropLevel"":-1,""NeedRecordConsume"":true,""IsFromMechFragment"":false,""Hero"":0,""SkinIndex"":0,""SkillIndex"":0,""AutoMerge"":false,""Name"":""blueprint_evolution_weapon_346"",""Localization"":"""",""ItemValue"":0,""ItemLevel"":0,""Background"":{""spriteAtlas"":""RGTexture/sprite_atlas/items.spriteatlasv2"",""sprite"":""weapon_evolution_blueprint_ui"",""tex"":""Assets/RGTexture/items/weapon_evolution_blueprint_ui.png""},""Icon"":{""spriteAtlas"":""RGTexture/sprite_atlas/weapon.spriteatlasv2"",""sprite"":""weapons5_143"",""tex"":""Assets/RGTexture/weapon/weapons5.png""},""IconPosition"":{""x"":0.0,""y"":0.0,""z"":0.0},""IconScale"":1.4,""IconRotation"":0.0}"
blueprint_evolution_weapon_132,BluePrint,Blueprint,"{""BlueprintType"":8,""ItemName"":""weapon_243"",""ResearchMaterials"":[{""item"":""material_gem"",""num"":1000},{""item"":""material_cell"",""num"":3},{""item"":""material_wood"",""num"":3},{""item"":""material_magic_red"",""num"":3},{""item"":""material_ancient_weapon_fragment"",""num"":8}],""NotRequiredInResearch"":false,""BluePrintLevel"":0,""WeaponDropLevel"":-1,""NeedRecordConsume"":true,""IsFromMechFragment"":false,""Hero"":0,""SkinIndex"":0,""SkillIndex"":0,""AutoMerge"":false,""Name"":""blueprint_evolution_weapon_132"",""Localization"":"""",""ItemValue"":0,""ItemLevel"":0,""Background"":{""spriteAtlas"":""RGTexture/sprite_atlas/items.spriteatlasv2"",""sprite"":""weapon_evolution_blueprint_ui"",""tex"":""Assets/RGTexture/items/weapon_evolution_blueprint_ui.png""},""Icon"":{""spriteAtlas"":""RGTexture/sprite_atlas/weapon.spriteatlasv2"",""sprite"":""weapons_waken_0"",""tex"":""Assets/RGTexture/weapon/weapons_waken.png""},""IconPosition"":{""x"":-0.07,""y"":-0.07,""z"":0.0},""IconScale"":0.7,""IconRotation"":0.0}"
blueprint_evolution_weapon_243,BluePrint,Blueprint,"{""BlueprintType"":8,""ItemName"":""weapon_243"",""ResearchMaterials"":[{""item"":""material_gem"",""num"":1000},{""item"":""material_cell"",""num"":3},{""item"":""material_wood"",""num"":3},{""item"":""material_magic_red"",""num"":3},{""item"":""material_ancient_weapon_fragment"",""num"":8}],""NotRequiredInResearch"":false,""BluePrintLevel"":0,""WeaponDropLevel"":-1,""NeedRecordConsume"":true,""IsFromMechFragment"":false,""Hero"":0,""SkinIndex"":0,""SkillIndex"":0,""AutoMerge"":false,""Name"":""blueprint_evolution_weapon_243"",""Localization"":"""",""ItemValue"":0,""ItemLevel"":0,""Background"":{""spriteAtlas"":""RGTexture/sprite_atlas/items.spriteatlasv2"",""sprite"":""weapon_evolution_blueprint_ui"",""tex"":""Assets/RGTexture/items/weapon_evolution_blueprint_ui.png""},""Icon"":{""spriteAtlas"":""RGTexture/sprite_atlas/weapon.spriteatlasv2"",""sprite"":""weapon_243"",""tex"":""Assets/RGTexture/weapon/weapon_243.png""},""IconPosition"":{""x"":-0.26,""y"":-0.07,""z"":0.0},""IconScale"":0.7,""IconRotation"":0.0}"
blueprint_evolution_weapon_215,BluePrint,Blueprint,"{""BlueprintType"":8,""ItemName"":""weapon_215"",""ResearchMaterials"":[{""item"":""material_gem"",""num"":1000},{""item"":""material_cell"",""num"":3},{""item"":""material_wood"",""num"":3},{""item"":""material_magic_red"",""num"":3},{""item"":""material_ancient_weapon_fragment"",""num"":8}],""NotRequiredInResearch"":false,""BluePrintLevel"":0,""WeaponDropLevel"":-1,""NeedRecordConsume"":true,""IsFromMechFragment"":false,""Hero"":0,""SkinIndex"":0,""SkillIndex"":0,""AutoMerge"":false,""Name"":""blueprint_evolution_weapon_215"",""Localization"":"""",""ItemValue"":0,""ItemLevel"":0,""Background"":{""spriteAtlas"":""RGTexture/sprite_atlas/items.spriteatlasv2"",""sprite"":""weapon_evolution_blueprint_ui"",""tex"":""Assets/RGTexture/items/weapon_evolution_blueprint_ui.png""},""Icon"":{""spriteAtlas"":""RGTexture/sprite_atlas/weapon.spriteatlasv2"",""sprite"":""weapons3_55"",""tex"":""Assets/RGTexture/weapon/weapons3.png""},""IconPosition"":{""x"":-0.18,""y"":-0.07,""z"":0.0},""IconScale"":0.75,""IconRotation"":0.0}"
blueprint_evolution_weapon_170,BluePrint,Blueprint,"{""BlueprintType"":8,""ItemName"":""weapon_170"",""ResearchMaterials"":[{""item"":""material_gem"",""num"":1500},{""item"":""material_gear"",""num"":5},{""item"":""material_wood"",""num"":5},{""item"":""material_magic_red"",""num"":2},{""item"":""material_magic_blue"",""num"":2},{""item"":""material_ancient_weapon_fragment"",""num"":10}],""NotRequiredInResearch"":false,""BluePrintLevel"":0,""WeaponDropLevel"":-1,""NeedRecordConsume"":true,""IsFromMechFragment"":false,""Hero"":0,""SkinIndex"":0,""SkillIndex"":0,""AutoMerge"":false,""Name"":""blueprint_evolution_weapon_170"",""Localization"":"""",""ItemValue"":0,""ItemLevel"":0,""Background"":{""spriteAtlas"":""RGTexture/sprite_atlas/items.spriteatlasv2"",""sprite"":""weapon_evolution_blueprint_ui"",""tex"":""Assets/RGTexture/items/weapon_evolution_blueprint_ui.png""},""Icon"":{""spriteAtlas"":""RGTexture/sprite_atlas/weapon.spriteatlasv2"",""sprite"":""weapon_170"",""tex"":""Assets/RGTexture/weapon/weapon_170.png""},""IconPosition"":{""x"":-0.18,""y"":-0.07,""z"":0.0},""IconScale"":0.7,""IconRotation"":0.0}"
blueprint_evolution_weapon_108,BluePrint,Blueprint,"{""BlueprintType"":8,""ItemName"":""weapon_108"",""ResearchMaterials"":[{""item"":""material_gem"",""num"":2500},{""item"":""material_battery"",""num"":10},{""item"":""material_iron"",""num"":10},{""item"":""material_magic_orange"",""num"":2},{""item"":""material_magic_purple"",""num"":4},{""item"":""material_ancient_weapon_fragment"",""num"":15}],""NotRequiredInResearch"":false,""BluePrintLevel"":0,""WeaponDropLevel"":-1,""NeedRecordConsume"":true,""IsFromMechFragment"":false,""Hero"":0,""SkinIndex"":0,""SkillIndex"":0,""AutoMerge"":false,""Name"":""blueprint_evolution_weapon_108"",""Localization"":"""",""ItemValue"":0,""ItemLevel"":0,""Background"":{""spriteAtlas"":""RGTexture/sprite_atlas/items.spriteatlasv2"",""sprite"":""weapon_evolution_blueprint_ui"",""tex"":""Assets/RGTexture/items/weapon_evolution_blueprint_ui.png""},""Icon"":{""spriteAtlas"":""RGTexture/sprite_atlas/weapon.spriteatlasv2"",""sprite"":""weapon_108"",""tex"":""Assets/RGTexture/weapon/weapon_108.png""},""IconPosition"":{""x"":0.0,""y"":-0.07,""z"":0.0},""IconScale"":0.7,""IconRotation"":0.0}"
blueprint_evolution_weapon_089,BluePrint,Blueprint,"{""BlueprintType"":8,""ItemName"":""weapon_089"",""ResearchMaterials"":[{""item"":""material_gem"",""num"":2500},{""item"":""material_gear"",""num"":10},{""item"":""material_wood"",""num"":10},{""item"":""material_magic_orange"",""num"":4},{""item"":""material_magic_purple"",""num"":2},{""item"":""material_ancient_weapon_fragment"",""num"":15}],""NotRequiredInResearch"":false,""BluePrintLevel"":0,""WeaponDropLevel"":-1,""NeedRecordConsume"":true,""IsFromMechFragment"":false,""Hero"":0,""SkinIndex"":0,""SkillIndex"":0,""AutoMerge"":false,""Name"":""blueprint_evolution_weapon_089"",""Localization"":"""",""ItemValue"":0,""ItemLevel"":0,""Background"":{""spriteAtlas"":""RGTexture/sprite_atlas/items.spriteatlasv2"",""sprite"":""weapon_evolution_blueprint_ui"",""tex"":""Assets/RGTexture/items/weapon_evolution_blueprint_ui.png""},""Icon"":{""spriteAtlas"":""RGTexture/sprite_atlas/weapon.spriteatlasv2"",""sprite"":""weapon_089_0"",""tex"":""Assets/RGTexture/weapon/weapon_089.png""},""IconPosition"":{""x"":-0.21,""y"":0.0,""z"":0.0},""IconScale"":0.7,""IconRotation"":0.0}"
blueprint_evolution_weapon_129,BluePrint,Blueprint,"{""BlueprintType"":8,""ItemName"":""weapon_129"",""ResearchMaterials"":[{""item"":""material_gem"",""num"":500},{""item"":""material_iron"",""num"":5},{""item"":""material_magic_black"",""num"":2},{""item"":""material_ancient_weapon_fragment"",""num"":5}],""NotRequiredInResearch"":false,""BluePrintLevel"":0,""WeaponDropLevel"":-1,""NeedRecordConsume"":true,""IsFromMechFragment"":false,""Hero"":0,""SkinIndex"":0,""SkillIndex"":0,""AutoMerge"":false,""Name"":""blueprint_evolution_weapon_129"",""Localization"":"""",""ItemValue"":0,""ItemLevel"":0,""Background"":{""spriteAtlas"":""RGTexture/sprite_atlas/items.spriteatlasv2"",""sprite"":""weapon_evolution_blueprint_ui"",""tex"":""Assets/RGTexture/items/weapon_evolution_blueprint_ui.png""},""Icon"":{""spriteAtlas"":""RGTexture/sprite_atlas/weapon.spriteatlasv2"",""sprite"":""weapon_129"",""tex"":""Assets/RGTexture/weapon/weapon_129.png""},""IconPosition"":{""x"":-0.18,""y"":-0.07,""z"":0.0},""IconScale"":0.7,""IconRotation"":0.0}"
blueprint_evolution_weapon_134,BluePrint,Blueprint,"{""BlueprintType"":8,""ItemName"":""weapon_134"",""ResearchMaterials"":[{""item"":""material_gem"",""num"":3000},{""item"":""material_cell"",""num"":15},{""item"":""material_gear"",""num"":15},{""item"":""material_magic_red"",""num"":4},{""item"":""material_magic_green"",""num"":4},{""item"":""material_ancient_weapon_fragment"",""num"":20}],""NotRequiredInResearch"":false,""BluePrintLevel"":0,""WeaponDropLevel"":-1,""NeedRecordConsume"":true,""IsFromMechFragment"":false,""Hero"":0,""SkinIndex"":0,""SkillIndex"":0,""AutoMerge"":false,""Name"":""blueprint_evolution_weapon_134"",""Localization"":"""",""ItemValue"":0,""ItemLevel"":0,""Background"":{""spriteAtlas"":""RGTexture/sprite_atlas/items.spriteatlasv2"",""sprite"":""weapon_evolution_blueprint_ui"",""tex"":""Assets/RGTexture/items/weapon_evolution_blueprint_ui.png""},""Icon"":{""spriteAtlas"":""RGTexture/sprite_atlas/weapon.spriteatlasv2"",""sprite"":""weapon_134_eator_0"",""tex"":""Assets/RGTexture/weapon/weapon_134_eator.png""},""IconPosition"":{""x"":-0.25,""y"":-0.07,""z"":0.0},""IconScale"":0.7,""IconRotation"":0.0}"
blueprint_evolution_weapon_135,BluePrint,Blueprint,"{""BlueprintType"":8,""ItemName"":""weapon_243"",""ResearchMaterials"":[{""item"":""material_gem"",""num"":3000},{""item"":""material_cell"",""num"":15},{""item"":""material_wood"",""num"":15},{""item"":""material_magic_red"",""num"":8},{""item"":""material_ancient_weapon_fragment"",""num"":20}],""NotRequiredInResearch"":false,""BluePrintLevel"":0,""WeaponDropLevel"":-1,""NeedRecordConsume"":true,""IsFromMechFragment"":false,""Hero"":0,""SkinIndex"":0,""SkillIndex"":0,""AutoMerge"":false,""Name"":""blueprint_evolution_weapon_135"",""Localization"":"""",""ItemValue"":0,""ItemLevel"":0,""Background"":{""spriteAtlas"":""RGTexture/sprite_atlas/items.spriteatlasv2"",""sprite"":""weapon_evolution_blueprint_ui"",""tex"":""Assets/RGTexture/items/weapon_evolution_blueprint_ui.png""},""Icon"":{""spriteAtlas"":""RGTexture/sprite_atlas/weapon.spriteatlasv2"",""sprite"":""weapons_151"",""tex"":""Assets/RGTexture/weapon/weapons.png""},""IconPosition"":{""x"":-0.18,""y"":0.03,""z"":0.0},""IconScale"":0.7,""IconRotation"":0.0}"
blueprint_evolution_weapon_374,BluePrint,Blueprint,"{""BlueprintType"":8,""ItemName"":""weapon_243"",""ResearchMaterials"":[{""item"":""material_gem"",""num"":2000},{""item"":""material_wood"",""num"":15},{""item"":""material_magic_red"",""num"":5},{""item"":""material_ancient_weapon_fragment"",""num"":12}],""NotRequiredInResearch"":false,""BluePrintLevel"":0,""WeaponDropLevel"":-1,""NeedRecordConsume"":true,""IsFromMechFragment"":false,""Hero"":0,""SkinIndex"":0,""SkillIndex"":0,""AutoMerge"":false,""Name"":""blueprint_evolution_weapon_374"",""Localization"":"""",""ItemValue"":0,""ItemLevel"":0,""Background"":{""spriteAtlas"":""RGTexture/sprite_atlas/items.spriteatlasv2"",""sprite"":""weapon_evolution_blueprint_ui"",""tex"":""Assets/RGTexture/items/weapon_evolution_blueprint_ui.png""},""Icon"":{""spriteAtlas"":""RGTexture/sprite_atlas/weapon.spriteatlasv2"",""sprite"":""weapon_374"",""tex"":""Assets/RGTexture/weapon/weapon_374.png""},""IconPosition"":{""x"":-0.2,""y"":-0.2,""z"":0.0},""IconScale"":0.6,""IconRotation"":0.0}"
blueprint_evolution_weapon_223,BluePrint,Blueprint,"{""BlueprintType"":8,""ItemName"":""weapon_243"",""ResearchMaterials"":[{""item"":""material_gem"",""num"":1000},{""item"":""material_cell"",""num"":3},{""item"":""material_wood"",""num"":3},{""item"":""material_magic_green"",""num"":3},{""item"":""material_ancient_weapon_fragment"",""num"":8}],""NotRequiredInResearch"":false,""BluePrintLevel"":0,""WeaponDropLevel"":-1,""NeedRecordConsume"":true,""IsFromMechFragment"":false,""Hero"":0,""SkinIndex"":0,""SkillIndex"":0,""AutoMerge"":false,""Name"":""blueprint_evolution_weapon_223"",""Localization"":"""",""ItemValue"":0,""ItemLevel"":0,""Background"":{""spriteAtlas"":""RGTexture/sprite_atlas/items.spriteatlasv2"",""sprite"":""weapon_evolution_blueprint_ui"",""tex"":""Assets/RGTexture/items/weapon_evolution_blueprint_ui.png""},""Icon"":{""spriteAtlas"":""RGTexture/sprite_atlas/weapon.spriteatlasv2"",""sprite"":""weapon_green_hat"",""tex"":""Assets/RGTexture/weapon/weapon_green_hat.png""},""IconPosition"":{""x"":0.0,""y"":0.0,""z"":0.0},""IconScale"":1.0,""IconRotation"":0.0}"
blueprint_evolution_weapon_329,BluePrint,Blueprint,"{""BlueprintType"":8,""ItemName"":""weapon_329"",""ResearchMaterials"":[{""item"":""material_gem"",""num"":1500},{""item"":""material_wood"",""num"":5},{""item"":""material_gear"",""num"":5},{""item"":""material_magic_red"",""num"":4},{""item"":""material_ancient_weapon_fragment"",""num"":10}],""NotRequiredInResearch"":false,""BluePrintLevel"":0,""WeaponDropLevel"":-1,""NeedRecordConsume"":true,""IsFromMechFragment"":false,""Hero"":0,""SkinIndex"":0,""SkillIndex"":0,""AutoMerge"":false,""Name"":""blueprint_evolution_weapon_329"",""Localization"":"""",""ItemValue"":0,""ItemLevel"":0,""Background"":{""spriteAtlas"":""RGTexture/sprite_atlas/items.spriteatlasv2"",""sprite"":""weapon_evolution_blueprint_ui"",""tex"":""Assets/RGTexture/items/weapon_evolution_blueprint_ui.png""},""Icon"":{""spriteAtlas"":""RGTexture/sprite_atlas/weapon.spriteatlasv2"",""sprite"":""weapons4_118"",""tex"":""Assets/RGTexture/weapon/weapons4.png""},""IconPosition"":{""x"":-0.35,""y"":0.0,""z"":0.0},""IconScale"":1.0,""IconRotation"":0.0}"
blueprint_evolution_weapon_033,BluePrint,Blueprint,"{""BlueprintType"":8,""ItemName"":""weapon_033"",""ResearchMaterials"":[{""item"":""material_gem"",""num"":2500},{""item"":""material_iron"",""num"":10},{""item"":""material_gear"",""num"":10},{""item"":""material_magic_black"",""num"":3},{""item"":""material_magic_blue"",""num"":3},{""item"":""material_ancient_weapon_fragment"",""num"":15}],""NotRequiredInResearch"":false,""BluePrintLevel"":0,""WeaponDropLevel"":-1,""NeedRecordConsume"":true,""IsFromMechFragment"":false,""Hero"":0,""SkinIndex"":0,""SkillIndex"":0,""AutoMerge"":false,""Name"":""blueprint_evolution_weapon_033"",""Localization"":"""",""ItemValue"":0,""ItemLevel"":0,""Background"":{""spriteAtlas"":""RGTexture/sprite_atlas/items.spriteatlasv2"",""sprite"":""weapon_evolution_blueprint_ui"",""tex"":""Assets/RGTexture/items/weapon_evolution_blueprint_ui.png""},""Icon"":{""spriteAtlas"":""RGTexture/sprite_atlas/weapon.spriteatlasv2"",""sprite"":""weapons_138"",""tex"":""Assets/RGTexture/weapon/weapons.png""},""IconPosition"":{""x"":-0.35,""y"":-0.07,""z"":0.0},""IconScale"":0.6,""IconRotation"":0.0}"
blueprint_evolution_weapon_076,BluePrint,Blueprint,"{""BlueprintType"":8,""ItemName"":""weapon_405"",""ResearchMaterials"":[{""item"":""material_gem"",""num"":1500},{""item"":""material_iron"",""num"":10},{""item"":""material_magic_blue"",""num"":2},{""item"":""material_magic_black"",""num"":2},{""item"":""material_ancient_weapon_fragment"",""num"":10}],""NotRequiredInResearch"":false,""BluePrintLevel"":0,""WeaponDropLevel"":-1,""NeedRecordConsume"":true,""IsFromMechFragment"":false,""Hero"":0,""SkinIndex"":0,""SkillIndex"":0,""AutoMerge"":false,""Name"":""blueprint_evolution_weapon_076"",""Localization"":"""",""ItemValue"":0,""ItemLevel"":0,""Background"":{""spriteAtlas"":""RGTexture/sprite_atlas/items.spriteatlasv2"",""sprite"":""weapon_evolution_blueprint_ui"",""tex"":""Assets/RGTexture/items/weapon_evolution_blueprint_ui.png""},""Icon"":{""spriteAtlas"":""RGTexture/sprite_atlas/weapon.spriteatlasv2"",""sprite"":""weapons_076"",""tex"":""Assets/RGTexture/weapon/weapons_076.png""},""IconPosition"":{""x"":-0.28,""y"":-0.04,""z"":0.0},""IconScale"":0.6,""IconRotation"":0.0}"
blueprint_evolution_weapon_405,BluePrint,Blueprint,"{""BlueprintType"":8,""ItemName"":""weapon_405"",""ResearchMaterials"":[{""item"":""material_gem"",""num"":2500},{""item"":""material_iron"",""num"":10},{""item"":""material_wood"",""num"":10},{""item"":""material_magic_black"",""num"":3},{""item"":""material_magic_green"",""num"":3},{""item"":""material_ancient_weapon_fragment"",""num"":15}],""NotRequiredInResearch"":false,""BluePrintLevel"":0,""WeaponDropLevel"":-1,""NeedRecordConsume"":true,""IsFromMechFragment"":false,""Hero"":0,""SkinIndex"":0,""SkillIndex"":0,""AutoMerge"":false,""Name"":""blueprint_evolution_weapon_405"",""Localization"":"""",""ItemValue"":0,""ItemLevel"":0,""Background"":{""spriteAtlas"":""RGTexture/sprite_atlas/items.spriteatlasv2"",""sprite"":""weapon_evolution_blueprint_ui"",""tex"":""Assets/RGTexture/items/weapon_evolution_blueprint_ui.png""},""Icon"":{""spriteAtlas"":""RGTexture/sprite_atlas/weapon.spriteatlasv2"",""sprite"":""weapon_405_0"",""tex"":""Assets/RGTexture/weapon/weapon_405.png""},""IconPosition"":{""x"":-0.49,""y"":-0.04,""z"":0.0},""IconScale"":0.6,""IconRotation"":0.0}"
blueprint_evolution_weapon_270,BluePrint,Blueprint,"{""BlueprintType"":8,""ItemName"":""weapon_094"",""ResearchMaterials"":[{""item"":""material_gem"",""num"":2000},{""item"":""material_gear"",""num"":5},{""item"":""material_wood"",""num"":10},{""item"":""material_magic_red"",""num"":5},{""item"":""material_ancient_weapon_fragment"",""num"":12}],""NotRequiredInResearch"":false,""BluePrintLevel"":0,""WeaponDropLevel"":-1,""NeedRecordConsume"":true,""IsFromMechFragment"":false,""Hero"":0,""SkinIndex"":0,""SkillIndex"":0,""AutoMerge"":false,""Name"":""blueprint_evolution_weapon_270"",""Localization"":"""",""ItemValue"":0,""ItemLevel"":0,""Background"":{""spriteAtlas"":""RGTexture/sprite_atlas/items.spriteatlasv2"",""sprite"":""weapon_evolution_blueprint_ui"",""tex"":""Assets/RGTexture/items/weapon_evolution_blueprint_ui.png""},""Icon"":{""spriteAtlas"":""RGTexture/sprite_atlas/weapon.spriteatlasv2"",""sprite"":""weapon_270_normal"",""tex"":""Assets/RGTexture/weapon/weapon_270_normal.png""},""IconPosition"":{""x"":0.0,""y"":0.0,""z"":0.0},""IconScale"":1.0,""IconRotation"":0.0}"
blueprint_evolution_weapon_403,BluePrint,Blueprint,"{""BlueprintType"":8,""ItemName"":""weapon_094"",""ResearchMaterials"":[{""item"":""material_gem"",""num"":3000},{""item"":""material_iron"",""num"":30},{""item"":""material_magic_red"",""num"":4},{""item"":""material_magic_orange"",""num"":4},{""item"":""material_ancient_weapon_fragment"",""num"":20}],""NotRequiredInResearch"":false,""BluePrintLevel"":0,""WeaponDropLevel"":-1,""NeedRecordConsume"":true,""IsFromMechFragment"":false,""Hero"":0,""SkinIndex"":0,""SkillIndex"":0,""AutoMerge"":false,""Name"":""blueprint_evolution_weapon_403"",""Localization"":"""",""ItemValue"":0,""ItemLevel"":0,""Background"":{""spriteAtlas"":""RGTexture/sprite_atlas/items.spriteatlasv2"",""sprite"":""weapon_evolution_blueprint_ui"",""tex"":""Assets/RGTexture/items/weapon_evolution_blueprint_ui.png""},""Icon"":{""spriteAtlas"":""RGTexture/sprite_atlas/weapon.spriteatlasv2"",""sprite"":""weapons_403"",""tex"":""Assets/RGTexture/weapon/weapon_403/weapons_403.png""},""IconPosition"":{""x"":-0.35,""y"":0.0,""z"":0.0},""IconScale"":0.35,""IconRotation"":0.0}"
blueprint_evolution_weapon_072,BluePrint,Blueprint,"{""BlueprintType"":8,""ItemName"":""weapon_094"",""ResearchMaterials"":[{""item"":""material_gem"",""num"":500},{""item"":""material_iron"",""num"":5},{""item"":""material_magic_black"",""num"":2},{""item"":""material_ancient_weapon_fragment"",""num"":5}],""NotRequiredInResearch"":false,""BluePrintLevel"":0,""WeaponDropLevel"":-1,""NeedRecordConsume"":true,""IsFromMechFragment"":false,""Hero"":0,""SkinIndex"":0,""SkillIndex"":0,""AutoMerge"":false,""Name"":""blueprint_evolution_weapon_072"",""Localization"":"""",""ItemValue"":0,""ItemLevel"":0,""Background"":{""spriteAtlas"":""RGTexture/sprite_atlas/items.spriteatlasv2"",""sprite"":""weapon_evolution_blueprint_ui"",""tex"":""Assets/RGTexture/items/weapon_evolution_blueprint_ui.png""},""Icon"":{""spriteAtlas"":""RGTexture/sprite_atlas/weapon.spriteatlasv2"",""sprite"":""weapon_072"",""tex"":""Assets/RGTexture/weapon/weapon_072.png""},""IconPosition"":{""x"":-0.32,""y"":0.0,""z"":0.0},""IconScale"":0.7,""IconRotation"":0.0}"
blueprint_evolution_weapon_094,BluePrint,Blueprint,"{""BlueprintType"":8,""ItemName"":""weapon_094"",""ResearchMaterials"":[{""item"":""material_gem"",""num"":2500},{""item"":""material_cell"",""num"":10},{""item"":""material_battery"",""num"":10},{""item"":""material_magic_blue"",""num"":6},{""item"":""material_ancient_weapon_fragment"",""num"":15}],""NotRequiredInResearch"":false,""BluePrintLevel"":0,""WeaponDropLevel"":-1,""NeedRecordConsume"":true,""IsFromMechFragment"":false,""Hero"":0,""SkinIndex"":0,""SkillIndex"":0,""AutoMerge"":false,""Name"":""blueprint_evolution_weapon_094"",""Localization"":"""",""ItemValue"":0,""ItemLevel"":0,""Background"":{""spriteAtlas"":""RGTexture/sprite_atlas/items.spriteatlasv2"",""sprite"":""weapon_evolution_blueprint_ui"",""tex"":""Assets/RGTexture/items/weapon_evolution_blueprint_ui.png""},""Icon"":{""spriteAtlas"":""RGTexture/sprite_atlas/weapon.spriteatlasv2"",""sprite"":""weapon_laser_fish"",""tex"":""Assets/RGTexture/weapon/weapon_laser_fish.png""},""IconPosition"":{""x"":0.0,""y"":-0.07,""z"":0.0},""IconScale"":1.0,""IconRotation"":0.0}"
blueprint_evolution_weapon_093,BluePrint,Blueprint,"{""BlueprintType"":8,""ItemName"":""weapon_093"",""ResearchMaterials"":[{""item"":""material_gem"",""num"":1000},{""item"":""material_cell"",""num"":6},{""item"":""material_magic_blue"",""num"":3},{""item"":""material_ancient_weapon_fragment"",""num"":8}],""NotRequiredInResearch"":false,""BluePrintLevel"":0,""WeaponDropLevel"":-1,""NeedRecordConsume"":true,""IsFromMechFragment"":false,""Hero"":0,""SkinIndex"":0,""SkillIndex"":0,""AutoMerge"":false,""Name"":""blueprint_evolution_weapon_093"",""Localization"":"""",""ItemValue"":0,""ItemLevel"":0,""Background"":{""spriteAtlas"":""RGTexture/sprite_atlas/items.spriteatlasv2"",""sprite"":""weapon_evolution_blueprint_ui"",""tex"":""Assets/RGTexture/items/weapon_evolution_blueprint_ui.png""},""Icon"":{""spriteAtlas"":""RGTexture/sprite_atlas/weapon.spriteatlasv2"",""sprite"":""bullet_fish_evo_0"",""tex"":""Assets/RGTexture/weapon/weapon_093.png""},""IconPosition"":{""x"":-0.33,""y"":-0.07,""z"":0.0},""IconScale"":1.0,""IconRotation"":0.0}"
blueprint_evolution_weapon_402,BluePrint,Blueprint,"{""BlueprintType"":8,""ItemName"":""weapon_376"",""ResearchMaterials"":[{""item"":""material_gem"",""num"":1500},{""item"":""material_cell"",""num"":10},{""item"":""material_magic_red"",""num"":4},{""item"":""material_ancient_weapon_fragment"",""num"":10}],""NotRequiredInResearch"":false,""BluePrintLevel"":0,""WeaponDropLevel"":-1,""NeedRecordConsume"":true,""IsFromMechFragment"":false,""Hero"":0,""SkinIndex"":0,""SkillIndex"":0,""AutoMerge"":false,""Name"":""blueprint_evolution_weapon_402"",""Localization"":"""",""ItemValue"":0,""ItemLevel"":0,""Background"":{""spriteAtlas"":""RGTexture/sprite_atlas/items.spriteatlasv2"",""sprite"":""weapon_evolution_blueprint_ui"",""tex"":""Assets/RGTexture/items/weapon_evolution_blueprint_ui.png""},""Icon"":{""spriteAtlas"":""RGTexture/sprite_atlas/weapon.spriteatlasv2"",""sprite"":""weapons_402"",""tex"":""Assets/RGTexture/weapon/weapons_402.png""},""IconPosition"":{""x"":0.0,""y"":0.0,""z"":0.0},""IconScale"":0.9,""IconRotation"":0.0}"
blueprint_evolution_weapon_372,BluePrint,Blueprint,"{""BlueprintType"":8,""ItemName"":""weapon_372"",""ResearchMaterials"":[{""item"":""material_gem"",""num"":2500},{""item"":""material_battery"",""num"":10},{""item"":""material_wood"",""num"":10},{""item"":""material_magic_purple"",""num"":3},{""item"":""material_magic_orange"",""num"":3},{""item"":""material_ancient_weapon_fragment"",""num"":15}],""NotRequiredInResearch"":false,""BluePrintLevel"":0,""WeaponDropLevel"":-1,""NeedRecordConsume"":true,""IsFromMechFragment"":false,""Hero"":0,""SkinIndex"":0,""SkillIndex"":0,""AutoMerge"":false,""Name"":""blueprint_evolution_weapon_372"",""Localization"":"""",""ItemValue"":0,""ItemLevel"":0,""Background"":{""spriteAtlas"":""RGTexture/sprite_atlas/items.spriteatlasv2"",""sprite"":""weapon_evolution_blueprint_ui"",""tex"":""Assets/RGTexture/items/weapon_evolution_blueprint_ui.png""},""Icon"":{""spriteAtlas"":""RGTexture/sprite_atlas/weapon.spriteatlasv2"",""sprite"":""魔导师之杖-武器_0"",""tex"":""Assets/RGTexture/weapon/weapons_372.png""},""IconPosition"":{""x"":0.0,""y"":-0.05,""z"":0.0},""IconScale"":0.6,""IconRotation"":0.0}"
blueprint_evolution_weapon_156,BluePrint,Blueprint,"{""BlueprintType"":8,""ItemName"":""weapon_156"",""ResearchMaterials"":[{""item"":""material_gem"",""num"":1500},{""item"":""material_battery"",""num"":5},{""item"":""material_gear"",""num"":5},{""item"":""material_magic_orange"",""num"":4},{""item"":""material_ancient_weapon_fragment"",""num"":10}],""NotRequiredInResearch"":false,""BluePrintLevel"":0,""WeaponDropLevel"":-1,""NeedRecordConsume"":true,""IsFromMechFragment"":false,""Hero"":0,""SkinIndex"":0,""SkillIndex"":0,""AutoMerge"":false,""Name"":""blueprint_evolution_weapon_156"",""Localization"":"""",""ItemValue"":0,""ItemLevel"":0,""Background"":{""spriteAtlas"":""RGTexture/sprite_atlas/items.spriteatlasv2"",""sprite"":""weapon_evolution_blueprint_ui"",""tex"":""Assets/RGTexture/items/weapon_evolution_blueprint_ui.png""},""Icon"":{""spriteAtlas"":""RGTexture/sprite_atlas/weapon.spriteatlasv2"",""sprite"":""weapons2_78"",""tex"":""Assets/RGTexture/weapon/weapons2.png""},""IconPosition"":{""x"":-0.32,""y"":0.0,""z"":0.0},""IconScale"":0.7,""IconRotation"":0.0}"
blueprint_evolution_weapon_041,BluePrint,Blueprint,"{""BlueprintType"":8,""ItemName"":""weapon_376"",""ResearchMaterials"":[{""item"":""material_gem"",""num"":2000},{""item"":""material_iron"",""num"":5},{""item"":""material_wood"",""num"":5},{""item"":""material_gear"",""num"":5},{""item"":""material_magic_purple"",""num"":5},{""item"":""material_ancient_weapon_fragment"",""num"":12}],""NotRequiredInResearch"":false,""BluePrintLevel"":0,""WeaponDropLevel"":-1,""NeedRecordConsume"":true,""IsFromMechFragment"":false,""Hero"":0,""SkinIndex"":0,""SkillIndex"":0,""AutoMerge"":false,""Name"":""blueprint_evolution_weapon_041"",""Localization"":"""",""ItemValue"":0,""ItemLevel"":0,""Background"":{""spriteAtlas"":""RGTexture/sprite_atlas/items.spriteatlasv2"",""sprite"":""weapon_evolution_blueprint_ui"",""tex"":""Assets/RGTexture/items/weapon_evolution_blueprint_ui.png""},""Icon"":{""spriteAtlas"":""RGTexture/sprite_atlas/weapon.spriteatlasv2"",""sprite"":""weapons_gatilin"",""tex"":""Assets/RGTexture/weapon/weapons_gatilin.png""},""IconPosition"":{""x"":-0.25,""y"":0.0,""z"":0.0},""IconScale"":0.9,""IconRotation"":0.0}"
blueprint_evolution_weapon_377,BluePrint,Blueprint,"{""BlueprintType"":8,""ItemName"":""weapon_376"",""ResearchMaterials"":[{""item"":""material_gem"",""num"":2000},{""item"":""material_cell"",""num"":5},{""item"":""material_iron"",""num"":5},{""item"":""material_gear"",""num"":5},{""item"":""material_magic_orange"",""num"":5},{""item"":""material_ancient_weapon_fragment"",""num"":12}],""NotRequiredInResearch"":false,""BluePrintLevel"":0,""WeaponDropLevel"":-1,""NeedRecordConsume"":true,""IsFromMechFragment"":false,""Hero"":0,""SkinIndex"":0,""SkillIndex"":0,""AutoMerge"":false,""Name"":""blueprint_evolution_weapon_377"",""Localization"":"""",""ItemValue"":0,""ItemLevel"":0,""Background"":{""spriteAtlas"":""RGTexture/sprite_atlas/items.spriteatlasv2"",""sprite"":""weapon_evolution_blueprint_ui"",""tex"":""Assets/RGTexture/items/weapon_evolution_blueprint_ui.png""},""Icon"":{""spriteAtlas"":""RGTexture/sprite_atlas/weapon.spriteatlasv2"",""sprite"":""weapon_377"",""tex"":""Assets/RGTexture/weapon/weapon_377.png""},""IconPosition"":{""x"":-0.1,""y"":0.0,""z"":0.0},""IconScale"":0.8,""IconRotation"":0.0}"
blueprint_evolution_weapon_146,BluePrint,Blueprint,"{""BlueprintType"":8,""ItemName"":""weapon_376"",""ResearchMaterials"":[{""item"":""material_gem"",""num"":2000},{""item"":""material_cell"",""num"":5},{""item"":""material_wood"",""num"":5},{""item"":""material_gear"",""num"":5},{""item"":""material_magic_orange"",""num"":4},{""item"":""material_ancient_weapon_fragment"",""num"":12}],""NotRequiredInResearch"":false,""BluePrintLevel"":0,""WeaponDropLevel"":-1,""NeedRecordConsume"":true,""IsFromMechFragment"":false,""Hero"":0,""SkinIndex"":0,""SkillIndex"":0,""AutoMerge"":false,""Name"":""blueprint_evolution_weapon_146"",""Localization"":"""",""ItemValue"":0,""ItemLevel"":0,""Background"":{""spriteAtlas"":""RGTexture/sprite_atlas/items.spriteatlasv2"",""sprite"":""weapon_evolution_blueprint_ui"",""tex"":""Assets/RGTexture/items/weapon_evolution_blueprint_ui.png""},""Icon"":{""spriteAtlas"":""RGTexture/sprite_atlas/weapon.spriteatlasv2"",""sprite"":""weapon_146"",""tex"":""Assets/RGTexture/weapon/weapon_146.png""},""IconPosition"":{""x"":0.0,""y"":0.0,""z"":0.0},""IconScale"":0.9,""IconRotation"":0.0}"
blueprint_evolution_weapon_376,BluePrint,Blueprint,"{""BlueprintType"":8,""ItemName"":""weapon_376"",""ResearchMaterials"":[{""item"":""material_gem"",""num"":1500},{""item"":""material_iron"",""num"":5},{""item"":""material_wood"",""num"":5},{""item"":""material_magic_black"",""num"":4},{""item"":""material_ancient_weapon_fragment"",""num"":10}],""NotRequiredInResearch"":false,""BluePrintLevel"":0,""WeaponDropLevel"":-1,""NeedRecordConsume"":true,""IsFromMechFragment"":false,""Hero"":0,""SkinIndex"":0,""SkillIndex"":0,""AutoMerge"":false,""Name"":""blueprint_evolution_weapon_376"",""Localization"":"""",""ItemValue"":0,""ItemLevel"":0,""Background"":{""spriteAtlas"":""RGTexture/sprite_atlas/items.spriteatlasv2"",""sprite"":""weapon_evolution_blueprint_ui"",""tex"":""Assets/RGTexture/items/weapon_evolution_blueprint_ui.png""},""Icon"":{""spriteAtlas"":""RGTexture/sprite_atlas/weapon.spriteatlasv2"",""sprite"":""weapon_376"",""tex"":""Assets/RGTexture/weapon/weapon_376/weapon_376.png""},""IconPosition"":{""x"":-0.5,""y"":-0.35,""z"":0.0},""IconScale"":0.45,""IconRotation"":32.0}"
blueprint_evolution_weapon_401,BluePrint,Blueprint,"{""BlueprintType"":8,""ItemName"":""weapon_376"",""ResearchMaterials"":[{""item"":""material_gem"",""num"":2000},{""item"":""material_iron"",""num"":5},{""item"":""material_battery"",""num"":5},{""item"":""material_gear"",""num"":5},{""item"":""material_magic_green"",""num"":5},{""item"":""material_ancient_weapon_fragment"",""num"":12}],""NotRequiredInResearch"":false,""BluePrintLevel"":0,""WeaponDropLevel"":-1,""NeedRecordConsume"":true,""IsFromMechFragment"":false,""Hero"":0,""SkinIndex"":0,""SkillIndex"":0,""AutoMerge"":false,""Name"":""blueprint_evolution_weapon_401"",""Localization"":"""",""ItemValue"":0,""ItemLevel"":0,""Background"":{""spriteAtlas"":""RGTexture/sprite_atlas/items.spriteatlasv2"",""sprite"":""weapon_evolution_blueprint_ui"",""tex"":""Assets/RGTexture/items/weapon_evolution_blueprint_ui.png""},""Icon"":{""spriteAtlas"":""RGTexture/sprite_atlas/weapon.spriteatlasv2"",""sprite"":""weapons_401_icon"",""tex"":""Assets/RGTexture/weapon/weapons_401_icon.png""},""IconPosition"":{""x"":0.0,""y"":0.0,""z"":0.0},""IconScale"":0.8,""IconRotation"":0.0}"
blueprint_evolution_weapon_200,BluePrint,Blueprint,"{""BlueprintType"":8,""ItemName"":""weapon_200"",""ResearchMaterials"":[{""item"":""material_gem"",""num"":1500},{""item"":""material_battery"",""num"":10},{""item"":""material_magic_red"",""num"":2},{""item"":""material_magic_orange"",""num"":2},{""item"":""material_ancient_weapon_fragment"",""num"":10}],""NotRequiredInResearch"":false,""BluePrintLevel"":0,""WeaponDropLevel"":-1,""NeedRecordConsume"":true,""IsFromMechFragment"":false,""Hero"":0,""SkinIndex"":0,""SkillIndex"":0,""AutoMerge"":false,""Name"":""blueprint_evolution_weapon_200"",""Localization"":"""",""ItemValue"":0,""ItemLevel"":0,""Background"":{""spriteAtlas"":""RGTexture/sprite_atlas/items.spriteatlasv2"",""sprite"":""weapon_evolution_blueprint_ui"",""tex"":""Assets/RGTexture/items/weapon_evolution_blueprint_ui.png""},""Icon"":{""spriteAtlas"":""RGTexture/sprite_atlas/weapon.spriteatlasv2"",""sprite"":""weapons3_12"",""tex"":""Assets/RGTexture/weapon/weapons3.png""},""IconPosition"":{""x"":-0.3,""y"":-0.1,""z"":0.0},""IconScale"":0.7,""IconRotation"":0.0}"
blueprint_evolution_weapon_121,BluePrint,Blueprint,"{""BlueprintType"":8,""ItemName"":""weapon_121"",""ResearchMaterials"":[{""item"":""material_gem"",""num"":1500},{""item"":""material_battery"",""num"":10},{""item"":""material_magic_cyan"",""num"":2},{""item"":""material_magic_green"",""num"":2},{""item"":""material_ancient_weapon_fragment"",""num"":10}],""NotRequiredInResearch"":false,""BluePrintLevel"":0,""WeaponDropLevel"":-1,""NeedRecordConsume"":true,""IsFromMechFragment"":false,""Hero"":0,""SkinIndex"":0,""SkillIndex"":0,""AutoMerge"":false,""Name"":""blueprint_evolution_weapon_121"",""Localization"":"""",""ItemValue"":0,""ItemLevel"":0,""Background"":{""spriteAtlas"":""RGTexture/sprite_atlas/items.spriteatlasv2"",""sprite"":""weapon_evolution_blueprint_ui"",""tex"":""Assets/RGTexture/items/weapon_evolution_blueprint_ui.png""},""Icon"":{""spriteAtlas"":""RGTexture/sprite_atlas/weapon.spriteatlasv2"",""sprite"":""weapons_152"",""tex"":""Assets/RGTexture/weapon/weapons.png""},""IconPosition"":{""x"":-0.3,""y"":-0.1,""z"":0.0},""IconScale"":0.7,""IconRotation"":0.0}"
blueprint_evolution_weapon_278,BluePrint,Blueprint,"{""BlueprintType"":8,""ItemName"":""weapon_278"",""ResearchMaterials"":[{""item"":""material_gem"",""num"":2500},{""item"":""material_battery"",""num"":10},{""item"":""material_cell"",""num"":10},{""item"":""material_magic_black"",""num"":3},{""item"":""material_magic_green"",""num"":3},{""item"":""material_ancient_weapon_fragment"",""num"":15}],""NotRequiredInResearch"":false,""BluePrintLevel"":0,""WeaponDropLevel"":-1,""NeedRecordConsume"":true,""IsFromMechFragment"":false,""Hero"":0,""SkinIndex"":0,""SkillIndex"":0,""AutoMerge"":false,""Name"":""blueprint_evolution_weapon_278"",""Localization"":"""",""ItemValue"":0,""ItemLevel"":0,""Background"":{""spriteAtlas"":""RGTexture/sprite_atlas/items.spriteatlasv2"",""sprite"":""weapon_evolution_blueprint_ui"",""tex"":""Assets/RGTexture/items/weapon_evolution_blueprint_ui.png""},""Icon"":{""spriteAtlas"":""RGTexture/sprite_atlas/weapon.spriteatlasv2"",""sprite"":""weapons4_6"",""tex"":""Assets/RGTexture/weapon/weapons4.png""},""IconPosition"":{""x"":-0.4,""y"":-0.07,""z"":0.0},""IconScale"":0.74,""IconRotation"":0.0}"
blueprint_evolution_weapon_399,BluePrint,Blueprint,"{""BlueprintType"":8,""ItemName"":""weapon_399"",""ResearchMaterials"":[{""item"":""material_gem"",""num"":2000},{""item"":""material_iron"",""num"":5},{""item"":""material_wood"",""num"":5},{""item"":""material_gear"",""num"":5},{""item"":""material_magic_green"",""num"":5},{""item"":""material_ancient_weapon_fragment"",""num"":12}],""NotRequiredInResearch"":false,""BluePrintLevel"":0,""WeaponDropLevel"":-1,""NeedRecordConsume"":true,""IsFromMechFragment"":false,""Hero"":0,""SkinIndex"":0,""SkillIndex"":0,""AutoMerge"":false,""Name"":""blueprint_evolution_weapon_399"",""Localization"":"""",""ItemValue"":0,""ItemLevel"":0,""Background"":{""spriteAtlas"":""RGTexture/sprite_atlas/items.spriteatlasv2"",""sprite"":""weapon_evolution_blueprint_ui"",""tex"":""Assets/RGTexture/items/weapon_evolution_blueprint_ui.png""},""Icon"":{""spriteAtlas"":""RGTexture/sprite_atlas/weapon.spriteatlasv2"",""sprite"":""weapon_399"",""tex"":""Assets/RGTexture/weapon/weapon_399.png""},""IconPosition"":{""x"":0.0,""y"":0.0,""z"":0.0},""IconScale"":0.6,""IconRotation"":0.0}"
blueprint_evolution_weapon_161,BluePrint,Blueprint,"{""BlueprintType"":8,""ItemName"":""weapon_161"",""ResearchMaterials"":[{""item"":""material_gem"",""num"":1000},{""item"":""material_cell"",""num"":3},{""item"":""material_iron"",""num"":3},{""item"":""material_magic_cyan"",""num"":3},{""item"":""material_ancient_weapon_fragment"",""num"":8}],""NotRequiredInResearch"":false,""BluePrintLevel"":0,""WeaponDropLevel"":-1,""NeedRecordConsume"":true,""IsFromMechFragment"":false,""Hero"":0,""SkinIndex"":0,""SkillIndex"":0,""AutoMerge"":false,""Name"":""blueprint_evolution_weapon_161"",""Localization"":"""",""ItemValue"":0,""ItemLevel"":0,""Background"":{""spriteAtlas"":""RGTexture/sprite_atlas/items.spriteatlasv2"",""sprite"":""weapon_evolution_blueprint_ui"",""tex"":""Assets/RGTexture/items/weapon_evolution_blueprint_ui.png""},""Icon"":{""spriteAtlas"":""RGTexture/sprite_atlas/weapon.spriteatlasv2"",""sprite"":""weapon_161"",""tex"":""Assets/RGTexture/weapon/weapon_161.png""},""IconPosition"":{""x"":-0.33,""y"":-0.07,""z"":0.0},""IconScale"":1.0,""IconRotation"":0.0}"
blueprint_evolution_weapon_316,BluePrint,Blueprint,"{""BlueprintType"":8,""ItemName"":""weapon_316"",""ResearchMaterials"":[{""item"":""material_gem"",""num"":2000},{""item"":""material_iron"",""num"":5},{""item"":""material_wood"",""num"":5},{""item"":""material_gear"",""num"":5},{""item"":""material_magic_green"",""num"":5},{""item"":""material_ancient_weapon_fragment"",""num"":12}],""NotRequiredInResearch"":false,""BluePrintLevel"":0,""WeaponDropLevel"":-1,""NeedRecordConsume"":true,""IsFromMechFragment"":false,""Hero"":0,""SkinIndex"":0,""SkillIndex"":0,""AutoMerge"":false,""Name"":""blueprint_evolution_weapon_316"",""Localization"":"""",""ItemValue"":0,""ItemLevel"":0,""Background"":{""spriteAtlas"":""RGTexture/sprite_atlas/items.spriteatlasv2"",""sprite"":""weapon_evolution_blueprint_ui"",""tex"":""Assets/RGTexture/items/weapon_evolution_blueprint_ui.png""},""Icon"":{""spriteAtlas"":""RGTexture/sprite_atlas/weapon.spriteatlasv2"",""sprite"":""weapons4_99"",""tex"":""Assets/RGTexture/weapon/weapons4.png""},""IconPosition"":{""x"":-0.3,""y"":0.0,""z"":0.0},""IconScale"":0.6,""IconRotation"":0.0}"
blueprint_evolution_weapon_233,BluePrint,Blueprint,"{""BlueprintType"":8,""ItemName"":""weapon_233"",""ResearchMaterials"":[{""item"":""material_gem"",""num"":2500},{""item"":""material_cell"",""num"":20},{""item"":""material_magic_red"",""num"":2},{""item"":""material_magic_blue"",""num"":2},{""item"":""material_magic_green"",""num"":2},{""item"":""material_ancient_weapon_fragment"",""num"":15}],""NotRequiredInResearch"":false,""BluePrintLevel"":0,""WeaponDropLevel"":-1,""NeedRecordConsume"":true,""IsFromMechFragment"":false,""Hero"":0,""SkinIndex"":0,""SkillIndex"":0,""AutoMerge"":false,""Name"":""blueprint_evolution_weapon_233"",""Localization"":"""",""ItemValue"":0,""ItemLevel"":0,""Background"":{""spriteAtlas"":""RGTexture/sprite_atlas/items.spriteatlasv2"",""sprite"":""weapon_evolution_blueprint_ui"",""tex"":""Assets/RGTexture/items/weapon_evolution_blueprint_ui.png""},""Icon"":{""spriteAtlas"":""RGTexture/sprite_atlas/weapon.spriteatlasv2"",""sprite"":""weapons3_99"",""tex"":""Assets/RGTexture/weapon/weapons3.png""},""IconPosition"":{""x"":-0.3,""y"":0.0,""z"":0.0},""IconScale"":0.8,""IconRotation"":0.0}"
blueprint_evolution_weapon_010,BluePrint,Blueprint,"{""BlueprintType"":8,""ItemName"":""weapon_010"",""ResearchMaterials"":[{""item"":""material_gem"",""num"":500},{""item"":""material_iron"",""num"":5},{""item"":""material_magic_black"",""num"":2},{""item"":""material_ancient_weapon_fragment"",""num"":5}],""NotRequiredInResearch"":false,""BluePrintLevel"":0,""WeaponDropLevel"":-1,""NeedRecordConsume"":true,""IsFromMechFragment"":false,""Hero"":0,""SkinIndex"":0,""SkillIndex"":0,""AutoMerge"":false,""Name"":""blueprint_evolution_weapon_010"",""Localization"":"""",""ItemValue"":0,""ItemLevel"":0,""Background"":{""spriteAtlas"":""RGTexture/sprite_atlas/items.spriteatlasv2"",""sprite"":""weapon_evolution_blueprint_ui"",""tex"":""Assets/RGTexture/items/weapon_evolution_blueprint_ui.png""},""Icon"":{""spriteAtlas"":""RGTexture/sprite_atlas/weapon.spriteatlasv2"",""sprite"":""weapons_010"",""tex"":""Assets/RGTexture/weapon/weapons_010.png""},""IconPosition"":{""x"":-0.43,""y"":-0.09,""z"":0.0},""IconScale"":1.0,""IconRotation"":0.0}"
blueprint_evolution_weapon_007,BluePrint,Blueprint,"{""BlueprintType"":8,""ItemName"":""weapon_007"",""ResearchMaterials"":[{""item"":""material_gem"",""num"":500},{""item"":""material_cell"",""num"":5},{""item"":""material_magic_blue"",""num"":2},{""item"":""material_ancient_weapon_fragment"",""num"":5}],""NotRequiredInResearch"":false,""BluePrintLevel"":0,""WeaponDropLevel"":-1,""NeedRecordConsume"":true,""IsFromMechFragment"":false,""Hero"":0,""SkinIndex"":0,""SkillIndex"":0,""AutoMerge"":false,""Name"":""blueprint_evolution_weapon_007"",""Localization"":"""",""ItemValue"":0,""ItemLevel"":0,""Background"":{""spriteAtlas"":""RGTexture/sprite_atlas/items.spriteatlasv2"",""sprite"":""weapon_evolution_blueprint_ui"",""tex"":""Assets/RGTexture/items/weapon_evolution_blueprint_ui.png""},""Icon"":{""spriteAtlas"":""RGTexture/sprite_atlas/weapon.spriteatlasv2"",""sprite"":""weapons_12"",""tex"":""Assets/RGTexture/weapon/weapons.png""},""IconPosition"":{""x"":-0.1,""y"":0.0,""z"":0.0},""IconScale"":0.8,""IconRotation"":0.0}"
blueprint_evolution_weapon_231,BluePrint,Blueprint,"{""BlueprintType"":8,""ItemName"":""weapon_231"",""ResearchMaterials"":[{""item"":""material_gem"",""num"":3000},{""item"":""material_iron"",""num"":20},{""item"":""material_wood"",""num"":20},{""item"":""material_magic_black"",""num"":8},{""item"":""material_ancient_weapon_fragment"",""num"":15}],""NotRequiredInResearch"":false,""BluePrintLevel"":0,""WeaponDropLevel"":-1,""NeedRecordConsume"":true,""IsFromMechFragment"":false,""Hero"":0,""SkinIndex"":0,""SkillIndex"":0,""AutoMerge"":false,""Name"":""blueprint_evolution_weapon_231"",""Localization"":"""",""ItemValue"":0,""ItemLevel"":0,""Background"":{""spriteAtlas"":""RGTexture/sprite_atlas/items.spriteatlasv2"",""sprite"":""weapon_evolution_blueprint_ui"",""tex"":""Assets/RGTexture/items/weapon_evolution_blueprint_ui.png""},""Icon"":{""spriteAtlas"":""RGTexture/sprite_atlas/weapon.spriteatlasv2"",""sprite"":""weapons3_17"",""tex"":""Assets/RGTexture/weapon/weapons3.png""},""IconPosition"":{""x"":-0.1,""y"":0.0,""z"":0.0},""IconScale"":1.0,""IconRotation"":0.0}"
blueprint_evolution_weapon_006,BluePrint,Blueprint,"{""BlueprintType"":8,""ItemName"":""weapon_006"",""ResearchMaterials"":[{""item"":""material_gem"",""num"":1000},{""item"":""material_iron"",""num"":3},{""item"":""material_gear"",""num"":3},{""item"":""material_magic_green"",""num"":3},{""item"":""material_ancient_weapon_fragment"",""num"":8}],""NotRequiredInResearch"":false,""BluePrintLevel"":0,""WeaponDropLevel"":-1,""NeedRecordConsume"":true,""IsFromMechFragment"":false,""Hero"":0,""SkinIndex"":0,""SkillIndex"":0,""AutoMerge"":false,""Name"":""blueprint_evolution_weapon_006"",""Localization"":"""",""ItemValue"":0,""ItemLevel"":0,""Background"":{""spriteAtlas"":""RGTexture/sprite_atlas/items.spriteatlasv2"",""sprite"":""weapon_evolution_blueprint_ui"",""tex"":""Assets/RGTexture/items/weapon_evolution_blueprint_ui.png""},""Icon"":{""spriteAtlas"":""RGTexture/sprite_atlas/weapon.spriteatlasv2"",""sprite"":""weapons_123"",""tex"":""Assets/RGTexture/weapon/weapons.png""},""IconPosition"":{""x"":-0.2,""y"":-0.1,""z"":0.0},""IconScale"":0.8,""IconRotation"":0.0}"
blueprint_evolution_weapon_315,BluePrint,Blueprint,"{""BlueprintType"":8,""ItemName"":""weapon_315"",""ResearchMaterials"":[{""item"":""material_gem"",""num"":2000},{""item"":""material_iron"",""num"":5},{""item"":""material_gear"",""num"":5},{""item"":""material_wood"",""num"":5},{""item"":""material_magic_green"",""num"":5},{""item"":""material_ancient_weapon_fragment"",""num"":12}],""NotRequiredInResearch"":false,""BluePrintLevel"":0,""WeaponDropLevel"":-1,""NeedRecordConsume"":true,""IsFromMechFragment"":false,""Hero"":0,""SkinIndex"":0,""SkillIndex"":0,""AutoMerge"":false,""Name"":""blueprint_evolution_weapon_315"",""Localization"":"""",""ItemValue"":0,""ItemLevel"":0,""Background"":{""spriteAtlas"":""RGTexture/sprite_atlas/items.spriteatlasv2"",""sprite"":""weapon_evolution_blueprint_ui"",""tex"":""Assets/RGTexture/items/weapon_evolution_blueprint_ui.png""},""Icon"":{""spriteAtlas"":""RGTexture/sprite_atlas/weapon.spriteatlasv2"",""sprite"":""weapons4_95"",""tex"":""Assets/RGTexture/weapon/weapons4.png""},""IconPosition"":{""x"":-0.3,""y"":-0.1,""z"":0.0},""IconScale"":0.7,""IconRotation"":0.0}"
blueprint_evolution_weapon_111,BluePrint,Blueprint,"{""BlueprintType"":8,""ItemName"":""weapon_111"",""ResearchMaterials"":[{""item"":""material_gem"",""num"":1000},{""item"":""material_iron"",""num"":2},{""item"":""material_gear"",""num"":2},{""item"":""material_wood"",""num"":2},{""item"":""material_magic_green"",""num"":3},{""item"":""material_ancient_weapon_fragment"",""num"":8}],""NotRequiredInResearch"":false,""BluePrintLevel"":0,""WeaponDropLevel"":-1,""NeedRecordConsume"":true,""IsFromMechFragment"":false,""Hero"":0,""SkinIndex"":0,""SkillIndex"":0,""AutoMerge"":false,""Name"":""blueprint_evolution_weapon_111"",""Localization"":"""",""ItemValue"":0,""ItemLevel"":0,""Background"":{""spriteAtlas"":""RGTexture/sprite_atlas/items.spriteatlasv2"",""sprite"":""weapon_evolution_blueprint_ui"",""tex"":""Assets/RGTexture/items/weapon_evolution_blueprint_ui.png""},""Icon"":{""spriteAtlas"":""RGTexture/sprite_atlas/weapon.spriteatlasv2"",""sprite"":""weapons_132"",""tex"":""Assets/RGTexture/weapon/weapons.png""},""IconPosition"":{""x"":0.05,""y"":-0.15,""z"":0.0},""IconScale"":0.85,""IconRotation"":0.0}"
blueprint_evolution_weapon_275,BluePrint,Blueprint,"{""BlueprintType"":8,""ItemName"":""weapon_275"",""ResearchMaterials"":[{""item"":""material_gem"",""num"":1500},{""item"":""material_iron"",""num"":5},{""item"":""material_gear"",""num"":5},{""item"":""material_magic_cyan"",""num"":2},{""item"":""material_magic_orange"",""num"":2},{""item"":""material_ancient_weapon_fragment"",""num"":10}],""NotRequiredInResearch"":false,""BluePrintLevel"":0,""WeaponDropLevel"":-1,""NeedRecordConsume"":true,""IsFromMechFragment"":false,""Hero"":0,""SkinIndex"":0,""SkillIndex"":0,""AutoMerge"":false,""Name"":""blueprint_evolution_weapon_275"",""Localization"":"""",""ItemValue"":0,""ItemLevel"":0,""Background"":{""spriteAtlas"":""RGTexture/sprite_atlas/items.spriteatlasv2"",""sprite"":""weapon_evolution_blueprint_ui"",""tex"":""Assets/RGTexture/items/weapon_evolution_blueprint_ui.png""},""Icon"":{""spriteAtlas"":""RGTexture/sprite_atlas/weapon.spriteatlasv2"",""sprite"":""weapons3_162"",""tex"":""Assets/RGTexture/weapon/weapons3.png""},""IconPosition"":{""x"":0.0,""y"":0.0,""z"":0.0},""IconScale"":1.0,""IconRotation"":0.0}"
blueprint_evolution_weapon_038,BluePrint,Blueprint,"{""BlueprintType"":8,""ItemName"":""weapon_038"",""ResearchMaterials"":[{""item"":""material_gem"",""num"":1500},{""item"":""material_iron"",""num"":5},{""item"":""material_gear"",""num"":5},{""item"":""material_magic_red"",""num"":2},{""item"":""material_magic_purple"",""num"":2},{""item"":""material_ancient_weapon_fragment"",""num"":10}],""NotRequiredInResearch"":false,""BluePrintLevel"":0,""WeaponDropLevel"":-1,""NeedRecordConsume"":true,""IsFromMechFragment"":false,""Hero"":0,""SkinIndex"":0,""SkillIndex"":0,""AutoMerge"":false,""Name"":""blueprint_evolution_weapon_038"",""Localization"":"""",""ItemValue"":0,""ItemLevel"":0,""Background"":{""spriteAtlas"":""RGTexture/sprite_atlas/items.spriteatlasv2"",""sprite"":""weapon_evolution_blueprint_ui"",""tex"":""Assets/RGTexture/items/weapon_evolution_blueprint_ui.png""},""Icon"":{""spriteAtlas"":""RGTexture/sprite_atlas/weapon.spriteatlasv2"",""sprite"":""weapons_13"",""tex"":""Assets/RGTexture/weapon/weapons.png""},""IconPosition"":{""x"":-0.4,""y"":-0.15,""z"":0.0},""IconScale"":1.0,""IconRotation"":0.0}"
blueprint_evolution_weapon_311,BluePrint,Blueprint,"{""BlueprintType"":8,""ItemName"":""weapon_311"",""ResearchMaterials"":[{""item"":""material_gem"",""num"":2500},{""item"":""material_iron"",""num"":10},{""item"":""material_battery"",""num"":10},{""item"":""material_magic_cyan"",""num"":6},{""item"":""material_ancient_weapon_fragment"",""num"":15}],""NotRequiredInResearch"":false,""BluePrintLevel"":0,""WeaponDropLevel"":-1,""NeedRecordConsume"":true,""IsFromMechFragment"":false,""Hero"":0,""SkinIndex"":0,""SkillIndex"":0,""AutoMerge"":false,""Name"":""blueprint_evolution_weapon_311"",""Localization"":"""",""ItemValue"":0,""ItemLevel"":0,""Background"":{""spriteAtlas"":""RGTexture/sprite_atlas/items.spriteatlasv2"",""sprite"":""weapon_evolution_blueprint_ui"",""tex"":""Assets/RGTexture/items/weapon_evolution_blueprint_ui.png""},""Icon"":{""spriteAtlas"":""RGTexture/sprite_atlas/weapon.spriteatlasv2"",""sprite"":""weapons4_85"",""tex"":""Assets/RGTexture/weapon/weapons4.png""},""IconPosition"":{""x"":0.0,""y"":0.0,""z"":0.0},""IconScale"":0.6,""IconRotation"":0.0}"
blueprint_evolution_weapon_345,BluePrint,Blueprint,"{""BlueprintType"":8,""ItemName"":""weapon_345"",""ResearchMaterials"":[{""item"":""material_gem"",""num"":2500},{""item"":""material_gear"",""num"":20},{""item"":""material_magic_red"",""num"":3},{""item"":""material_magic_blue"",""num"":3},{""item"":""material_ancient_weapon_fragment"",""num"":15}],""NotRequiredInResearch"":false,""BluePrintLevel"":0,""WeaponDropLevel"":-1,""NeedRecordConsume"":true,""IsFromMechFragment"":false,""Hero"":0,""SkinIndex"":0,""SkillIndex"":0,""AutoMerge"":false,""Name"":""blueprint_evolution_weapon_345"",""Localization"":"""",""ItemValue"":0,""ItemLevel"":0,""Background"":{""spriteAtlas"":""RGTexture/sprite_atlas/items.spriteatlasv2"",""sprite"":""weapon_evolution_blueprint_ui"",""tex"":""Assets/RGTexture/items/weapon_evolution_blueprint_ui.png""},""Icon"":{""spriteAtlas"":""RGTexture/sprite_atlas/weapon.spriteatlasv2"",""sprite"":""weapon_basalt_dark"",""tex"":""Assets/RGTexture/weapon/weapon_basalt_dark.png""},""IconPosition"":{""x"":0.1,""y"":0.0,""z"":0.0},""IconScale"":0.7,""IconRotation"":0.0}"
blueprint_evolution_weapon_127,BluePrint,Blueprint,"{""BlueprintType"":8,""ItemName"":""weapon_127"",""ResearchMaterials"":[{""item"":""material_gem"",""num"":3000},{""item"":""material_iron"",""num"":20},{""item"":""material_wood"",""num"":10},{""item"":""material_magic_blue"",""num"":8},{""item"":""material_ancient_weapon_fragment"",""num"":20}],""NotRequiredInResearch"":false,""BluePrintLevel"":0,""WeaponDropLevel"":-1,""NeedRecordConsume"":true,""IsFromMechFragment"":false,""Hero"":0,""SkinIndex"":0,""SkillIndex"":0,""AutoMerge"":false,""Name"":""blueprint_evolution_weapon_127"",""Localization"":"""",""ItemValue"":0,""ItemLevel"":0,""Background"":{""spriteAtlas"":""RGTexture/sprite_atlas/items.spriteatlasv2"",""sprite"":""weapon_evolution_blueprint_ui"",""tex"":""Assets/RGTexture/items/weapon_evolution_blueprint_ui.png""},""Icon"":{""spriteAtlas"":""RGTexture/sprite_atlas/weapon.spriteatlasv2"",""sprite"":""weapons2_47"",""tex"":""Assets/RGTexture/weapon/weapons2.png""},""IconPosition"":{""x"":-0.25,""y"":0.0,""z"":0.0},""IconScale"":0.5,""IconRotation"":0.0}"
blueprint_evolution_weapon_239,BluePrint,Blueprint,"{""BlueprintType"":8,""ItemName"":""weapon_239"",""ResearchMaterials"":[{""item"":""material_gem"",""num"":1000},{""item"":""material_iron"",""num"":2},{""item"":""material_wood"",""num"":2},{""item"":""material_gear"",""num"":2},{""item"":""material_magic_red"",""num"":3},{""item"":""material_ancient_weapon_fragment"",""num"":8}],""NotRequiredInResearch"":false,""BluePrintLevel"":0,""WeaponDropLevel"":-1,""NeedRecordConsume"":true,""IsFromMechFragment"":false,""Hero"":0,""SkinIndex"":0,""SkillIndex"":0,""AutoMerge"":false,""Name"":""blueprint_evolution_weapon_239"",""Localization"":"""",""ItemValue"":0,""ItemLevel"":0,""Background"":{""spriteAtlas"":""RGTexture/sprite_atlas/items.spriteatlasv2"",""sprite"":""weapon_evolution_blueprint_ui"",""tex"":""Assets/RGTexture/items/weapon_evolution_blueprint_ui.png""},""Icon"":{""spriteAtlas"":""RGTexture/sprite_atlas/weapon.spriteatlasv2"",""sprite"":""weapons3_121"",""tex"":""Assets/RGTexture/weapon/weapons3.png""},""IconPosition"":{""x"":-0.21,""y"":0.0,""z"":0.0},""IconScale"":1.0,""IconRotation"":0.0}"
blueprint_evolution_weapon_079,BluePrint,Blueprint,"{""BlueprintType"":8,""ItemName"":""weapon_079"",""ResearchMaterials"":[{""item"":""material_gem"",""num"":2000},{""item"":""material_iron"",""num"":5},{""item"":""material_wood"",""num"":5},{""item"":""material_gear"",""num"":5},{""item"":""material_magic_cyan"",""num"":5},{""item"":""material_ancient_weapon_fragment"",""num"":12}],""NotRequiredInResearch"":false,""BluePrintLevel"":0,""WeaponDropLevel"":-1,""NeedRecordConsume"":true,""IsFromMechFragment"":false,""Hero"":0,""SkinIndex"":0,""SkillIndex"":0,""AutoMerge"":false,""Name"":""blueprint_evolution_weapon_079"",""Localization"":"""",""ItemValue"":0,""ItemLevel"":0,""Background"":{""spriteAtlas"":""RGTexture/sprite_atlas/items.spriteatlasv2"",""sprite"":""weapon_evolution_blueprint_ui"",""tex"":""Assets/RGTexture/items/weapon_evolution_blueprint_ui.png""},""Icon"":{""spriteAtlas"":""RGTexture/sprite_atlas/weapon.spriteatlasv2"",""sprite"":""weapon_079"",""tex"":""Assets/RGTexture/weapon/weapon_079.png""},""IconPosition"":{""x"":-0.5,""y"":0.0,""z"":0.0},""IconScale"":0.8,""IconRotation"":0.0}"
blueprint_evolution_weapon_078,BluePrint,Blueprint,"{""BlueprintType"":8,""ItemName"":""weapon_078"",""ResearchMaterials"":[{""item"":""material_gem"",""num"":2000},{""item"":""material_iron"",""num"":5},{""item"":""material_wood"",""num"":5},{""item"":""material_gear"",""num"":5},{""item"":""material_magic_red"",""num"":5},{""item"":""material_ancient_weapon_fragment"",""num"":12}],""NotRequiredInResearch"":false,""BluePrintLevel"":0,""WeaponDropLevel"":-1,""NeedRecordConsume"":true,""IsFromMechFragment"":false,""Hero"":0,""SkinIndex"":0,""SkillIndex"":0,""AutoMerge"":false,""Name"":""blueprint_evolution_weapon_078"",""Localization"":"""",""ItemValue"":0,""ItemLevel"":0,""Background"":{""spriteAtlas"":""RGTexture/sprite_atlas/items.spriteatlasv2"",""sprite"":""weapon_evolution_blueprint_ui"",""tex"":""Assets/RGTexture/items/weapon_evolution_blueprint_ui.png""},""Icon"":{""spriteAtlas"":""RGTexture/sprite_atlas/weapon.spriteatlasv2"",""sprite"":""weapon_078"",""tex"":""Assets/RGTexture/weapon/weapon_078.png""},""IconPosition"":{""x"":-0.5,""y"":0.0,""z"":0.0},""IconScale"":0.65,""IconRotation"":0.0}"
blueprint_evolution_weapon_246,BluePrint,Blueprint,"{""BlueprintType"":8,""ItemName"":""weapon_246"",""ResearchMaterials"":[{""item"":""material_gem"",""num"":3000},{""item"":""material_iron"",""num"":15},{""item"":""material_battery"",""num"":15},{""item"":""material_magic_black"",""num"":4},{""item"":""material_magic_red"",""num"":4},{""item"":""material_ancient_weapon_fragment"",""num"":20}],""NotRequiredInResearch"":false,""BluePrintLevel"":0,""WeaponDropLevel"":-1,""NeedRecordConsume"":true,""IsFromMechFragment"":false,""Hero"":0,""SkinIndex"":0,""SkillIndex"":0,""AutoMerge"":false,""Name"":""blueprint_evolution_weapon_246"",""Localization"":"""",""ItemValue"":0,""ItemLevel"":0,""Background"":{""spriteAtlas"":""RGTexture/sprite_atlas/items.spriteatlasv2"",""sprite"":""weapon_evolution_blueprint_ui"",""tex"":""Assets/RGTexture/items/weapon_evolution_blueprint_ui.png""},""Icon"":{""spriteAtlas"":""RGTexture/sprite_atlas/weapon.spriteatlasv2"",""sprite"":""weapons3_136"",""tex"":""Assets/RGTexture/weapon/weapons3.png""},""IconPosition"":{""x"":-0.5,""y"":0.0,""z"":0.0},""IconScale"":0.6,""IconRotation"":0.0}"
blueprint_evolution_weapon_400,BluePrint,Blueprint,"{""BlueprintType"":8,""ItemName"":""weapon_400"",""ResearchMaterials"":[{""item"":""material_gem"",""num"":2500},{""item"":""material_iron"",""num"":10},{""item"":""material_battery"",""num"":10},{""item"":""material_magic_purple"",""num"":3},{""item"":""material_magic_blue"",""num"":3},{""item"":""material_ancient_weapon_fragment"",""num"":15}],""NotRequiredInResearch"":false,""BluePrintLevel"":0,""WeaponDropLevel"":-1,""NeedRecordConsume"":true,""IsFromMechFragment"":false,""Hero"":0,""SkinIndex"":0,""SkillIndex"":0,""AutoMerge"":false,""Name"":""blueprint_evolution_weapon_400"",""Localization"":"""",""ItemValue"":0,""ItemLevel"":0,""Background"":{""spriteAtlas"":""RGTexture/sprite_atlas/items.spriteatlasv2"",""sprite"":""weapon_evolution_blueprint_ui"",""tex"":""Assets/RGTexture/items/weapon_evolution_blueprint_ui.png""},""Icon"":{""spriteAtlas"":""RGTexture/sprite_atlas/weapon.spriteatlasv2"",""sprite"":""weapon_storm_axe"",""tex"":""Assets/RGTexture/weapon/weapon_storm_axe.png""},""IconPosition"":{""x"":-0.35,""y"":0.1,""z"":0.0},""IconScale"":0.6,""IconRotation"":0.0}"
blueprint_evolution_weapon_317,BluePrint,Blueprint,"{""BlueprintType"":8,""ItemName"":""weapon_317"",""ResearchMaterials"":[{""item"":""material_gem"",""num"":3000},{""item"":""material_iron"",""num"":15},{""item"":""material_cell"",""num"":15},{""item"":""material_magic_black"",""num"":4},{""item"":""material_magic_purple"",""num"":4},{""item"":""material_ancient_weapon_fragment"",""num"":20}],""NotRequiredInResearch"":false,""BluePrintLevel"":0,""WeaponDropLevel"":-1,""NeedRecordConsume"":true,""IsFromMechFragment"":false,""Hero"":0,""SkinIndex"":0,""SkillIndex"":0,""AutoMerge"":false,""Name"":""blueprint_evolution_weapon_317"",""Localization"":"""",""ItemValue"":0,""ItemLevel"":0,""Background"":{""spriteAtlas"":""RGTexture/sprite_atlas/items.spriteatlasv2"",""sprite"":""weapon_evolution_blueprint_ui"",""tex"":""Assets/RGTexture/items/weapon_evolution_blueprint_ui.png""},""Icon"":{""spriteAtlas"":""RGTexture/sprite_atlas/weapon.spriteatlasv2"",""sprite"":""weapons4_102"",""tex"":""Assets/RGTexture/weapon/weapons4.png""},""IconPosition"":{""x"":-0.36,""y"":0.0,""z"":0.0},""IconScale"":0.75,""IconRotation"":0.0}"
blueprint_evolution_weapon_064,BluePrint,Blueprint,"{""BlueprintType"":8,""ItemName"":""weapon_064"",""ResearchMaterials"":[{""item"":""material_gem"",""num"":2000},{""item"":""material_iron"",""num"":10},{""item"":""material_wood"",""num"":5},{""item"":""material_magic_blue"",""num"":5},{""item"":""material_ancient_weapon_fragment"",""num"":12}],""NotRequiredInResearch"":false,""BluePrintLevel"":0,""WeaponDropLevel"":-1,""NeedRecordConsume"":true,""IsFromMechFragment"":false,""Hero"":0,""SkinIndex"":0,""SkillIndex"":0,""AutoMerge"":false,""Name"":""blueprint_evolution_weapon_064"",""Localization"":"""",""ItemValue"":0,""ItemLevel"":0,""Background"":{""spriteAtlas"":""RGTexture/sprite_atlas/items.spriteatlasv2"",""sprite"":""weapon_evolution_blueprint_ui"",""tex"":""Assets/RGTexture/items/weapon_evolution_blueprint_ui.png""},""Icon"":{""spriteAtlas"":""RGTexture/sprite_atlas/weapon.spriteatlasv2"",""sprite"":""weapon_064"",""tex"":""Assets/RGTexture/weapon/weapon_064.png""},""IconPosition"":{""x"":-0.48,""y"":-0.02,""z"":0.0},""IconScale"":0.6,""IconRotation"":0.0}"
blueprint_evolution_weapon_008,BluePrint,Blueprint,"{""BlueprintType"":8,""ItemName"":""weapon_008"",""ResearchMaterials"":[{""item"":""material_gem"",""num"":1000},{""item"":""material_cell"",""num"":3},{""item"":""material_iron"",""num"":3},{""item"":""material_magic_green"",""num"":3},{""item"":""material_ancient_weapon_fragment"",""num"":8}],""NotRequiredInResearch"":false,""BluePrintLevel"":0,""WeaponDropLevel"":-1,""NeedRecordConsume"":true,""IsFromMechFragment"":false,""Hero"":0,""SkinIndex"":0,""SkillIndex"":0,""AutoMerge"":false,""Name"":""blueprint_evolution_weapon_008"",""Localization"":"""",""ItemValue"":0,""ItemLevel"":0,""Background"":{""spriteAtlas"":""RGTexture/sprite_atlas/items.spriteatlasv2"",""sprite"":""weapon_evolution_blueprint_ui"",""tex"":""Assets/RGTexture/items/weapon_evolution_blueprint_ui.png""},""Icon"":{""spriteAtlas"":""RGTexture/sprite_atlas/weapon.spriteatlasv2"",""sprite"":""weapons_10"",""tex"":""Assets/RGTexture/weapon/weapons.png""},""IconPosition"":{""x"":-0.12,""y"":-0.05,""z"":0.0},""IconScale"":0.8,""IconRotation"":0.0}"
blueprint_evolution_weapon_097,BluePrint,Blueprint,"{""BlueprintType"":8,""ItemName"":""weapon_097"",""ResearchMaterials"":[{""item"":""material_gem"",""num"":500},{""item"":""material_cell"",""num"":5},{""item"":""material_magic_cyan"",""num"":2},{""item"":""material_ancient_weapon_fragment"",""num"":5}],""NotRequiredInResearch"":false,""BluePrintLevel"":0,""WeaponDropLevel"":-1,""NeedRecordConsume"":true,""IsFromMechFragment"":false,""Hero"":0,""SkinIndex"":0,""SkillIndex"":0,""AutoMerge"":false,""Name"":""blueprint_evolution_weapon_097"",""Localization"":"""",""ItemValue"":0,""ItemLevel"":0,""Background"":{""spriteAtlas"":""RGTexture/sprite_atlas/items.spriteatlasv2"",""sprite"":""weapon_evolution_blueprint_ui"",""tex"":""Assets/RGTexture/items/weapon_evolution_blueprint_ui.png""},""Icon"":{""spriteAtlas"":""RGTexture/sprite_atlas/weapon.spriteatlasv2"",""sprite"":""weapons_115"",""tex"":""Assets/RGTexture/weapon/weapons.png""},""IconPosition"":{""x"":0.01,""y"":-0.01,""z"":0.0},""IconScale"":1.1,""IconRotation"":0.0}"
blueprint_evolution_weapon_320,BluePrint,Blueprint,"{""BlueprintType"":8,""ItemName"":""weapon_320"",""ResearchMaterials"":[{""item"":""material_gem"",""num"":3000},{""item"":""material_cell"",""num"":15},{""item"":""material_gear"",""num"":15},{""item"":""material_magic_cyan"",""num"":8},{""item"":""material_ancient_weapon_fragment"",""num"":20}],""NotRequiredInResearch"":false,""BluePrintLevel"":0,""WeaponDropLevel"":-1,""NeedRecordConsume"":true,""IsFromMechFragment"":false,""Hero"":0,""SkinIndex"":0,""SkillIndex"":0,""AutoMerge"":false,""Name"":""blueprint_evolution_weapon_320"",""Localization"":"""",""ItemValue"":0,""ItemLevel"":0,""Background"":{""spriteAtlas"":""RGTexture/sprite_atlas/items.spriteatlasv2"",""sprite"":""weapon_evolution_blueprint_ui"",""tex"":""Assets/RGTexture/items/weapon_evolution_blueprint_ui.png""},""Icon"":{""spriteAtlas"":""RGTexture/sprite_atlas/weapon.spriteatlasv2"",""sprite"":""weapon_320_1"",""tex"":""Assets/RGTexture/weapon/weapon_320.png""},""IconPosition"":{""x"":-0.01,""y"":0.0,""z"":0.0},""IconScale"":0.65,""IconRotation"":0.0}"
blueprint_evolution_weapon_371,BluePrint,Blueprint,"{""BlueprintType"":8,""ItemName"":""weapon_371"",""ResearchMaterials"":[{""item"":""material_gem"",""num"":2500},{""item"":""material_cell"",""num"":10},{""item"":""material_iron"",""num"":10},{""item"":""material_magic_black"",""num"":6},{""item"":""material_ancient_weapon_fragment"",""num"":15}],""NotRequiredInResearch"":false,""BluePrintLevel"":0,""WeaponDropLevel"":-1,""NeedRecordConsume"":true,""IsFromMechFragment"":false,""Hero"":0,""SkinIndex"":0,""SkillIndex"":0,""AutoMerge"":false,""Name"":""blueprint_evolution_weapon_371"",""Localization"":"""",""ItemValue"":0,""ItemLevel"":0,""Background"":{""spriteAtlas"":""RGTexture/sprite_atlas/items.spriteatlasv2"",""sprite"":""weapon_evolution_blueprint_ui"",""tex"":""Assets/RGTexture/items/weapon_evolution_blueprint_ui.png""},""Icon"":{""spriteAtlas"":""RGTexture/sprite_atlas/weapon.spriteatlasv2"",""sprite"":""weapon_371"",""tex"":""Assets/RGTexture/weapon/weapon_371.png""},""IconPosition"":{""x"":-0.09,""y"":-0.2,""z"":0.0},""IconScale"":0.55,""IconRotation"":0.0}"
blueprint_evolution_weapon_326,BluePrint,Blueprint,"{""BlueprintType"":8,""ItemName"":""weapon_326"",""ResearchMaterials"":[{""item"":""material_gem"",""num"":2000},{""item"":""material_gear"",""num"":5},{""item"":""material_iron"",""num"":10},{""item"":""material_magic_blue"",""num"":5},{""item"":""material_ancient_weapon_fragment"",""num"":12}],""NotRequiredInResearch"":false,""BluePrintLevel"":0,""WeaponDropLevel"":-1,""NeedRecordConsume"":true,""IsFromMechFragment"":false,""Hero"":0,""SkinIndex"":0,""SkillIndex"":0,""AutoMerge"":false,""Name"":""blueprint_evolution_weapon_326"",""Localization"":"""",""ItemValue"":0,""ItemLevel"":0,""Background"":{""spriteAtlas"":""RGTexture/sprite_atlas/items.spriteatlasv2"",""sprite"":""weapon_evolution_blueprint_ui"",""tex"":""Assets/RGTexture/items/weapon_evolution_blueprint_ui.png""},""Icon"":{""spriteAtlas"":""RGTexture/sprite_atlas/weapon.spriteatlasv2"",""sprite"":""weapons4_119"",""tex"":""Assets/RGTexture/weapon/weapons4.png""},""IconPosition"":{""x"":-0.12,""y"":-0.13,""z"":0.0},""IconScale"":0.65,""IconRotation"":0.0}"
blueprint_evolution_weapon_406,BluePrint,Blueprint,"{""BlueprintType"":8,""ItemName"":""weapon_406"",""ResearchMaterials"":[{""item"":""material_gem"",""num"":2000},{""item"":""material_battery"",""num"":5},{""item"":""material_gear"",""num"":10},{""item"":""material_magic_orange"",""num"":5},{""item"":""material_ancient_weapon_fragment"",""num"":12}],""NotRequiredInResearch"":false,""BluePrintLevel"":0,""WeaponDropLevel"":-1,""NeedRecordConsume"":true,""IsFromMechFragment"":false,""Hero"":0,""SkinIndex"":0,""SkillIndex"":0,""AutoMerge"":false,""Name"":""blueprint_evolution_weapon_406"",""Localization"":"""",""ItemValue"":0,""ItemLevel"":0,""Background"":{""spriteAtlas"":""RGTexture/sprite_atlas/items.spriteatlasv2"",""sprite"":""weapon_evolution_blueprint_ui"",""tex"":""Assets/RGTexture/items/weapon_evolution_blueprint_ui.png""},""Icon"":{""spriteAtlas"":""RGTexture/sprite_atlas/weapon.spriteatlasv2"",""sprite"":""weapon_406_0"",""tex"":""Assets/RGTexture/weapon/weapon_406.png""},""IconPosition"":{""x"":0.0,""y"":-0.06,""z"":0.0},""IconScale"":0.6,""IconRotation"":0.0}"
blueprint_evolution_weapon_210,BluePrint,Blueprint,"{""BlueprintType"":8,""ItemName"":""weapon_210"",""ResearchMaterials"":[{""item"":""material_gem"",""num"":500},{""item"":""material_wood"",""num"":5},{""item"":""material_magic_blue"",""num"":2},{""item"":""material_ancient_weapon_fragment"",""num"":5}],""NotRequiredInResearch"":false,""BluePrintLevel"":0,""WeaponDropLevel"":-1,""NeedRecordConsume"":true,""IsFromMechFragment"":false,""Hero"":0,""SkinIndex"":0,""SkillIndex"":0,""AutoMerge"":false,""Name"":""blueprint_evolution_weapon_210"",""Localization"":"""",""ItemValue"":0,""ItemLevel"":0,""Background"":{""spriteAtlas"":""RGTexture/sprite_atlas/items.spriteatlasv2"",""sprite"":""weapon_evolution_blueprint_ui"",""tex"":""Assets/RGTexture/items/weapon_evolution_blueprint_ui.png""},""Icon"":{""spriteAtlas"":""RGTexture/sprite_atlas/weapon.spriteatlasv2"",""sprite"":""weapons3_13"",""tex"":""Assets/RGTexture/weapon/weapons3.png""},""IconPosition"":{""x"":-0.22,""y"":0.0,""z"":0.0},""IconScale"":0.75,""IconRotation"":0.0}"
blueprint_evolution_weapon_327,BluePrint,Blueprint,"{""BlueprintType"":8,""ItemName"":""weapon_327"",""ResearchMaterials"":[{""item"":""material_gem"",""num"":1000},{""item"":""material_cell"",""num"":3},{""item"":""material_iron"",""num"":3},{""item"":""material_magic_green"",""num"":3},{""item"":""material_ancient_weapon_fragment"",""num"":8}],""NotRequiredInResearch"":false,""BluePrintLevel"":0,""WeaponDropLevel"":-1,""NeedRecordConsume"":true,""IsFromMechFragment"":false,""Hero"":0,""SkinIndex"":0,""SkillIndex"":0,""AutoMerge"":false,""Name"":""blueprint_evolution_weapon_327"",""Localization"":"""",""ItemValue"":0,""ItemLevel"":0,""Background"":{""spriteAtlas"":""RGTexture/sprite_atlas/items.spriteatlasv2"",""sprite"":""weapon_evolution_blueprint_ui"",""tex"":""Assets/RGTexture/items/weapon_evolution_blueprint_ui.png""},""Icon"":{""spriteAtlas"":""RGTexture/sprite_atlas/weapon.spriteatlasv2"",""sprite"":""weapons4_116"",""tex"":""Assets/RGTexture/weapon/weapons4.png""},""IconPosition"":{""x"":-0.26,""y"":-0.06,""z"":0.0},""IconScale"":0.75,""IconRotation"":0.0}"
blueprint_evolution_weapon_404,BluePrint,Blueprint,"{""BlueprintType"":8,""ItemName"":""weapon_404"",""ResearchMaterials"":[{""item"":""material_gem"",""num"":2000},{""item"":""material_iron"",""num"":5},{""item"":""material_battery"",""num"":10},{""item"":""material_magic_cyan"",""num"":5},{""item"":""material_ancient_weapon_fragment"",""num"":12}],""NotRequiredInResearch"":false,""BluePrintLevel"":0,""WeaponDropLevel"":-1,""NeedRecordConsume"":true,""IsFromMechFragment"":false,""Hero"":0,""SkinIndex"":0,""SkillIndex"":0,""AutoMerge"":false,""Name"":""blueprint_evolution_weapon_404"",""Localization"":"""",""ItemValue"":0,""ItemLevel"":0,""Background"":{""spriteAtlas"":""RGTexture/sprite_atlas/items.spriteatlasv2"",""sprite"":""weapon_evolution_blueprint_ui"",""tex"":""Assets/RGTexture/items/weapon_evolution_blueprint_ui.png""},""Icon"":{""spriteAtlas"":""RGTexture/sprite_atlas/weapon.spriteatlasv2"",""sprite"":""weapon_404"",""tex"":""Assets/RGTexture/weapon/weapon_404.png""},""IconPosition"":{""x"":0.01,""y"":0.0,""z"":0.0},""IconScale"":0.7,""IconRotation"":0.0}"
blueprint_evolution_weapon_141,BluePrint,Blueprint,"{""BlueprintType"":8,""ItemName"":""weapon_141"",""ResearchMaterials"":[{""item"":""material_gem"",""num"":3000},{""item"":""material_gear"",""num"":10},{""item"":""material_iron"",""num"":10},{""item"":""material_battery"",""num"":10},{""item"":""material_magic_black"",""num"":4},{""item"":""material_magic_orange"",""num"":4},{""item"":""material_ancient_weapon_fragment"",""num"":20}],""NotRequiredInResearch"":false,""BluePrintLevel"":0,""WeaponDropLevel"":-1,""NeedRecordConsume"":true,""IsFromMechFragment"":false,""Hero"":0,""SkinIndex"":0,""SkillIndex"":0,""AutoMerge"":false,""Name"":""blueprint_evolution_weapon_141"",""Localization"":"""",""ItemValue"":0,""ItemLevel"":0,""Background"":{""spriteAtlas"":""RGTexture/sprite_atlas/items.spriteatlasv2"",""sprite"":""weapon_evolution_blueprint_ui"",""tex"":""Assets/RGTexture/items/weapon_evolution_blueprint_ui.png""},""Icon"":{""spriteAtlas"":""RGTexture/sprite_atlas/weapon.spriteatlasv2"",""sprite"":""weapons2_32"",""tex"":""Assets/RGTexture/weapon/weapons2.png""},""IconPosition"":{""x"":-0.14,""y"":0.04,""z"":0.0},""IconScale"":0.7,""IconRotation"":0.0}"
blueprint_evolution_weapon_220,BluePrint,Blueprint,"{""BlueprintType"":8,""ItemName"":""weapon_141"",""ResearchMaterials"":[{""item"":""material_gem"",""num"":2500},{""item"":""material_gear"",""num"":10},{""item"":""material_wood"",""num"":10},{""item"":""material_magic_red"",""num"":3},{""item"":""material_magic_orange"",""num"":3},{""item"":""material_ancient_weapon_fragment"",""num"":15}],""NotRequiredInResearch"":false,""BluePrintLevel"":0,""WeaponDropLevel"":-1,""NeedRecordConsume"":true,""IsFromMechFragment"":false,""Hero"":0,""SkinIndex"":0,""SkillIndex"":0,""AutoMerge"":false,""Name"":""blueprint_evolution_weapon_220"",""Localization"":"""",""ItemValue"":0,""ItemLevel"":0,""Background"":{""spriteAtlas"":""RGTexture/sprite_atlas/items.spriteatlasv2"",""sprite"":""weapon_evolution_blueprint_ui"",""tex"":""Assets/RGTexture/items/weapon_evolution_blueprint_ui.png""},""Icon"":{""spriteAtlas"":""RGTexture/sprite_atlas/weapon.spriteatlasv2"",""sprite"":""weapons3_83"",""tex"":""Assets/RGTexture/weapon/weapons3.png""},""IconPosition"":{""x"":-0.34,""y"":-0.14,""z"":0.0},""IconScale"":0.7,""IconRotation"":0.0}"
blueprint_evolution_weapon_277,BluePrint,Blueprint,"{""BlueprintType"":8,""ItemName"":""weapon_277"",""ResearchMaterials"":[{""item"":""material_gem"",""num"":2000},{""item"":""material_battery"",""num"":5},{""item"":""material_gear"",""num"":10},{""item"":""material_magic_purple"",""num"":5},{""item"":""material_ancient_weapon_fragment"",""num"":12}],""NotRequiredInResearch"":false,""BluePrintLevel"":0,""WeaponDropLevel"":-1,""NeedRecordConsume"":true,""IsFromMechFragment"":false,""Hero"":0,""SkinIndex"":0,""SkillIndex"":0,""AutoMerge"":false,""Name"":""blueprint_evolution_weapon_277"",""Localization"":"""",""ItemValue"":0,""ItemLevel"":0,""Background"":{""spriteAtlas"":""RGTexture/sprite_atlas/items.spriteatlasv2"",""sprite"":""weapon_evolution_blueprint_ui"",""tex"":""Assets/RGTexture/items/weapon_evolution_blueprint_ui.png""},""Icon"":{""spriteAtlas"":""RGTexture/sprite_atlas/weapon.spriteatlasv2"",""sprite"":""weapons4_7"",""tex"":""Assets/RGTexture/weapon/weapons4.png""},""IconPosition"":{""x"":-0.21,""y"":-0.1,""z"":0.0},""IconScale"":0.7,""IconRotation"":0.0}"
blueprint_evolution_weapon_140,BluePrint,Blueprint,"{""BlueprintType"":8,""ItemName"":""weapon_140"",""ResearchMaterials"":[{""item"":""material_gem"",""num"":1500},{""item"":""material_cell"",""num"":5},{""item"":""material_gear"",""num"":5},{""item"":""material_magic_purple"",""num"":4},{""item"":""material_ancient_weapon_fragment"",""num"":10}],""NotRequiredInResearch"":false,""BluePrintLevel"":0,""WeaponDropLevel"":-1,""NeedRecordConsume"":true,""IsFromMechFragment"":false,""Hero"":0,""SkinIndex"":0,""SkillIndex"":0,""AutoMerge"":false,""Name"":""blueprint_evolution_weapon_140"",""Localization"":"""",""ItemValue"":0,""ItemLevel"":0,""Background"":{""spriteAtlas"":""RGTexture/sprite_atlas/items.spriteatlasv2"",""sprite"":""weapon_evolution_blueprint_ui"",""tex"":""Assets/RGTexture/items/weapon_evolution_blueprint_ui.png""},""Icon"":{""spriteAtlas"":""RGTexture/sprite_atlas/weapon.spriteatlasv2"",""sprite"":""weapons_154"",""tex"":""Assets/RGTexture/weapon/weapons.png""},""IconPosition"":{""x"":-0.24,""y"":-0.06,""z"":0.0},""IconScale"":0.7,""IconRotation"":0.0}"
blueprint_evolution_weapon_015,BluePrint,Blueprint,"{""BlueprintType"":8,""ItemName"":""weapon_015"",""ResearchMaterials"":[{""item"":""material_gem"",""num"":500},{""item"":""material_iron"",""num"":5},{""item"":""material_magic_black"",""num"":2},{""item"":""material_ancient_weapon_fragment"",""num"":5}],""NotRequiredInResearch"":false,""BluePrintLevel"":0,""WeaponDropLevel"":-1,""NeedRecordConsume"":true,""IsFromMechFragment"":false,""Hero"":0,""SkinIndex"":0,""SkillIndex"":0,""AutoMerge"":false,""Name"":""blueprint_evolution_weapon_015"",""Localization"":"""",""ItemValue"":0,""ItemLevel"":0,""Background"":{""spriteAtlas"":""RGTexture/sprite_atlas/items.spriteatlasv2"",""sprite"":""weapon_evolution_blueprint_ui"",""tex"":""Assets/RGTexture/items/weapon_evolution_blueprint_ui.png""},""Icon"":{""spriteAtlas"":""RGTexture/sprite_atlas/weapon.spriteatlasv2"",""sprite"":""weapons_23"",""tex"":""Assets/RGTexture/weapon/weapons.png""},""IconPosition"":{""x"":-0.4,""y"":-0.06,""z"":0.0},""IconScale"":0.85,""IconRotation"":0.0}"
blueprint_evolution_weapon_009,BluePrint,Blueprint,"{""BlueprintType"":8,""ItemName"":""weapon_009"",""ResearchMaterials"":[{""item"":""material_gem"",""num"":1500},{""item"":""material_iron"",""num"":5},{""item"":""material_gear"",""num"":5},{""item"":""material_magic_orange"",""num"":4},{""item"":""material_ancient_weapon_fragment"",""num"":10}],""NotRequiredInResearch"":false,""BluePrintLevel"":0,""WeaponDropLevel"":-1,""NeedRecordConsume"":true,""IsFromMechFragment"":false,""Hero"":0,""SkinIndex"":0,""SkillIndex"":0,""AutoMerge"":false,""Name"":""blueprint_evolution_weapon_009"",""Localization"":"""",""ItemValue"":0,""ItemLevel"":0,""Background"":{""spriteAtlas"":""RGTexture/sprite_atlas/items.spriteatlasv2"",""sprite"":""weapon_evolution_blueprint_ui"",""tex"":""Assets/RGTexture/items/weapon_evolution_blueprint_ui.png""},""Icon"":{""spriteAtlas"":""RGTexture/sprite_atlas/weapon.spriteatlasv2"",""sprite"":""weapons_11"",""tex"":""Assets/RGTexture/weapon/weapons.png""},""IconPosition"":{""x"":-0.14,""y"":-0.04,""z"":0.0},""IconScale"":0.8,""IconRotation"":0.0}"
blueprint_evolution_weapon_183,BluePrint,Blueprint,"{""BlueprintType"":8,""ItemName"":""weapon_183"",""ResearchMaterials"":[{""item"":""material_gem"",""num"":1000},{""item"":""material_iron"",""num"":3},{""item"":""material_gear"",""num"":3},{""item"":""material_magic_black"",""num"":3},{""item"":""material_ancient_weapon_fragment"",""num"":8}],""NotRequiredInResearch"":false,""BluePrintLevel"":0,""WeaponDropLevel"":-1,""NeedRecordConsume"":true,""IsFromMechFragment"":false,""Hero"":0,""SkinIndex"":0,""SkillIndex"":0,""AutoMerge"":false,""Name"":""blueprint_evolution_weapon_183"",""Localization"":"""",""ItemValue"":0,""ItemLevel"":0,""Background"":{""spriteAtlas"":""RGTexture/sprite_atlas/items.spriteatlasv2"",""sprite"":""weapon_evolution_blueprint_ui"",""tex"":""Assets/RGTexture/items/weapon_evolution_blueprint_ui.png""},""Icon"":{""spriteAtlas"":""RGTexture/sprite_atlas/weapon.spriteatlasv2"",""sprite"":""weapons3_14"",""tex"":""Assets/RGTexture/weapon/weapons3.png""},""IconPosition"":{""x"":-0.31,""y"":-0.075,""z"":0.0},""IconScale"":0.85,""IconRotation"":0.0}"
blueprint_evolution_weapon_224,BluePrint,Blueprint,"{""BlueprintType"":8,""ItemName"":""weapon_224"",""ResearchMaterials"":[{""item"":""material_gem"",""num"":2500},{""item"":""material_gear"",""num"":10},{""item"":""material_iron"",""num"":10},{""item"":""material_magic_cyan"",""num"":6},{""item"":""material_ancient_weapon_fragment"",""num"":15}],""NotRequiredInResearch"":false,""BluePrintLevel"":0,""WeaponDropLevel"":-1,""NeedRecordConsume"":true,""IsFromMechFragment"":false,""Hero"":0,""SkinIndex"":0,""SkillIndex"":0,""AutoMerge"":false,""Name"":""blueprint_evolution_weapon_224"",""Localization"":"""",""ItemValue"":0,""ItemLevel"":0,""Background"":{""spriteAtlas"":""RGTexture/sprite_atlas/items.spriteatlasv2"",""sprite"":""weapon_evolution_blueprint_ui"",""tex"":""Assets/RGTexture/items/weapon_evolution_blueprint_ui.png""},""Icon"":{""spriteAtlas"":""RGTexture/sprite_atlas/weapon.spriteatlasv2"",""sprite"":""weapons3_85"",""tex"":""Assets/RGTexture/weapon/weapons3.png""},""IconPosition"":{""x"":0.0,""y"":0.0,""z"":0.0},""IconScale"":0.55,""IconRotation"":0.0}"
blueprint_evolution_weapon_061,BluePrint,Blueprint,"{""BlueprintType"":8,""ItemName"":""weapon_061"",""ResearchMaterials"":[{""item"":""material_gem"",""num"":500},{""item"":""material_iron"",""num"":5},{""item"":""material_magic_black"",""num"":2},{""item"":""material_ancient_weapon_fragment"",""num"":5}],""NotRequiredInResearch"":false,""BluePrintLevel"":0,""WeaponDropLevel"":-1,""NeedRecordConsume"":true,""IsFromMechFragment"":false,""Hero"":0,""SkinIndex"":0,""SkillIndex"":0,""AutoMerge"":false,""Name"":""blueprint_evolution_weapon_061"",""Localization"":"""",""ItemValue"":0,""ItemLevel"":0,""Background"":{""spriteAtlas"":""RGTexture/sprite_atlas/items.spriteatlasv2"",""sprite"":""weapon_evolution_blueprint_ui"",""tex"":""Assets/RGTexture/items/weapon_evolution_blueprint_ui.png""},""Icon"":{""spriteAtlas"":""RGTexture/sprite_atlas/weapon.spriteatlasv2"",""sprite"":""weapons_133"",""tex"":""Assets/RGTexture/weapon/weapons.png""},""IconPosition"":{""x"":-0.2,""y"":-0.03,""z"":0.0},""IconScale"":0.7,""IconRotation"":0.0}"
blueprint_evolution_weapon_122,BluePrint,Blueprint,"{""BlueprintType"":8,""ItemName"":""weapon_122"",""ResearchMaterials"":[{""item"":""material_gem"",""num"":3000},{""item"":""material_gear"",""num"":10},{""item"":""material_iron"",""num"":10},{""item"":""material_magic_cyan"",""num"":4},{""item"":""material_magic_blue"",""num"":4},{""item"":""material_ancient_weapon_fragment"",""num"":20}],""NotRequiredInResearch"":false,""BluePrintLevel"":0,""WeaponDropLevel"":-1,""NeedRecordConsume"":true,""IsFromMechFragment"":false,""Hero"":0,""SkinIndex"":0,""SkillIndex"":0,""AutoMerge"":false,""Name"":""blueprint_evolution_weapon_122"",""Localization"":"""",""ItemValue"":0,""ItemLevel"":0,""Background"":{""spriteAtlas"":""RGTexture/sprite_atlas/items.spriteatlasv2"",""sprite"":""weapon_evolution_blueprint_ui"",""tex"":""Assets/RGTexture/items/weapon_evolution_blueprint_ui.png""},""Icon"":{""spriteAtlas"":""RGTexture/sprite_atlas/weapon.spriteatlasv2"",""sprite"":""weapons2_15"",""tex"":""Assets/RGTexture/weapon/weapons2.png""},""IconPosition"":{""x"":-0.15,""y"":0.0,""z"":0.0},""IconScale"":0.58,""IconRotation"":0.0}"
blueprint_evolution_weapon_323,BluePrint,Blueprint,"{""BlueprintType"":8,""ItemName"":""weapon_323"",""ResearchMaterials"":[{""item"":""material_gem"",""num"":2500},{""item"":""material_iron"",""num"":12},{""item"":""material_cell"",""num"":8},{""item"":""material_magic_red"",""num"":3},{""item"":""material_magic_black"",""num"":3},{""item"":""material_ancient_weapon_fragment"",""num"":15}],""NotRequiredInResearch"":false,""BluePrintLevel"":0,""WeaponDropLevel"":-1,""NeedRecordConsume"":true,""IsFromMechFragment"":false,""Hero"":0,""SkinIndex"":0,""SkillIndex"":0,""AutoMerge"":false,""Name"":""blueprint_evolution_weapon_323"",""Localization"":"""",""ItemValue"":0,""ItemLevel"":0,""Background"":{""spriteAtlas"":""RGTexture/sprite_atlas/items.spriteatlasv2"",""sprite"":""weapon_evolution_blueprint_ui"",""tex"":""Assets/RGTexture/items/weapon_evolution_blueprint_ui.png""},""Icon"":{""spriteAtlas"":""RGTexture/sprite_atlas/weapon.spriteatlasv2"",""sprite"":""weapons4_109"",""tex"":""Assets/RGTexture/weapon/weapons4.png""},""IconPosition"":{""x"":-0.15,""y"":-0.06,""z"":0.0},""IconScale"":0.48,""IconRotation"":0.0}"
blueprint_evolution_weapon_302,BluePrint,Blueprint,"{""BlueprintType"":8,""ItemName"":""weapon_302"",""ResearchMaterials"":[{""item"":""material_gem"",""num"":2000},{""item"":""material_gear"",""num"":10},{""item"":""material_iron"",""num"":8},{""item"":""material_ancient_weapon_fragment"",""num"":12}],""NotRequiredInResearch"":false,""BluePrintLevel"":0,""WeaponDropLevel"":-1,""NeedRecordConsume"":true,""IsFromMechFragment"":false,""Hero"":0,""SkinIndex"":0,""SkillIndex"":0,""AutoMerge"":false,""Name"":""blueprint_evolution_weapon_302"",""Localization"":"""",""ItemValue"":0,""ItemLevel"":0,""Background"":{""spriteAtlas"":""RGTexture/sprite_atlas/items.spriteatlasv2"",""sprite"":""weapon_evolution_blueprint_ui"",""tex"":""Assets/RGTexture/items/weapon_evolution_blueprint_ui.png""},""Icon"":{""spriteAtlas"":""RGTexture/sprite_atlas/weapon.spriteatlasv2"",""sprite"":""weapons4_74"",""tex"":""Assets/RGTexture/weapon/weapons4.png""},""IconPosition"":{""x"":-0.16,""y"":-0.08,""z"":0.0},""IconScale"":0.62,""IconRotation"":0.0}"
blueprint_evolution_weapon_411,BluePrint,Blueprint,"{""BlueprintType"":8,""ItemName"":""weapon_411"",""ResearchMaterials"":[{""item"":""material_gem"",""num"":2000},{""item"":""material_cell"",""num"":15},{""item"":""material_magic_green"",""num"":5},{""item"":""material_ancient_weapon_fragment"",""num"":12}],""NotRequiredInResearch"":false,""BluePrintLevel"":0,""WeaponDropLevel"":-1,""NeedRecordConsume"":true,""IsFromMechFragment"":false,""Hero"":0,""SkinIndex"":0,""SkillIndex"":0,""AutoMerge"":false,""Name"":""blueprint_evolution_weapon_411"",""Localization"":"""",""ItemValue"":0,""ItemLevel"":0,""Background"":{""spriteAtlas"":""RGTexture/sprite_atlas/items.spriteatlasv2"",""sprite"":""weapon_evolution_blueprint_ui"",""tex"":""Assets/RGTexture/items/weapon_evolution_blueprint_ui.png""},""Icon"":{""spriteAtlas"":""RGTexture/sprite_atlas/weapon.spriteatlasv2"",""sprite"":""weapon_411"",""tex"":""Assets/RGTexture/weapon/weapon_411.png""},""IconPosition"":{""x"":-0.35,""y"":-0.08,""z"":0.0},""IconScale"":0.7,""IconRotation"":0.0}"
blueprint_evolution_weapon_120,BluePrint,Blueprint,"{""BlueprintType"":8,""ItemName"":""weapon_120"",""ResearchMaterials"":[{""item"":""material_gem"",""num"":3000},{""item"":""material_iron"",""num"":15},{""item"":""material_battery"",""num"":15},{""item"":""material_magic_orange"",""num"":8},{""item"":""material_ancient_weapon_fragment"",""num"":20}],""NotRequiredInResearch"":false,""BluePrintLevel"":0,""WeaponDropLevel"":-1,""NeedRecordConsume"":true,""IsFromMechFragment"":false,""Hero"":0,""SkinIndex"":0,""SkillIndex"":0,""AutoMerge"":false,""Name"":""blueprint_evolution_weapon_120"",""Localization"":"""",""ItemValue"":0,""ItemLevel"":0,""Background"":{""spriteAtlas"":""RGTexture/sprite_atlas/items.spriteatlasv2"",""sprite"":""weapon_evolution_blueprint_ui"",""tex"":""Assets/RGTexture/items/weapon_evolution_blueprint_ui.png""},""Icon"":{""spriteAtlas"":""RGTexture/sprite_atlas/weapon.spriteatlasv2"",""sprite"":""weapons2_27"",""tex"":""Assets/RGTexture/weapon/weapons2.png""},""IconPosition"":{""x"":-0.4,""y"":0.0,""z"":0.0},""IconScale"":0.68,""IconRotation"":0.0}"
blueprint_evolution_weapon_044,BluePrint,Blueprint,"{""BlueprintType"":8,""ItemName"":""weapon_044"",""ResearchMaterials"":[{""item"":""material_gem"",""num"":2500},{""item"":""material_gear"",""num"":10},{""item"":""material_battery"",""num"":10},{""item"":""material_magic_red"",""num"":6},{""item"":""material_ancient_weapon_fragment"",""num"":15}],""NotRequiredInResearch"":false,""BluePrintLevel"":0,""WeaponDropLevel"":-1,""NeedRecordConsume"":true,""IsFromMechFragment"":false,""Hero"":0,""SkinIndex"":0,""SkillIndex"":0,""AutoMerge"":false,""Name"":""blueprint_evolution_weapon_044"",""Localization"":"""",""ItemValue"":0,""ItemLevel"":0,""Background"":{""spriteAtlas"":""RGTexture/sprite_atlas/items.spriteatlasv2"",""sprite"":""weapon_evolution_blueprint_ui"",""tex"":""Assets/RGTexture/items/weapon_evolution_blueprint_ui.png""},""Icon"":{""spriteAtlas"":""RGTexture/sprite_atlas/weapon.spriteatlasv2"",""sprite"":""weapons_36"",""tex"":""Assets/RGTexture/weapon/weapons.png""},""IconPosition"":{""x"":-0.15,""y"":-0.15,""z"":0.0},""IconScale"":0.8,""IconRotation"":0.0}"
blueprint_evolution_weapon_115,BluePrint,Blueprint,"{""BlueprintType"":8,""ItemName"":""weapon_115"",""ResearchMaterials"":[{""item"":""material_gem"",""num"":500},{""item"":""material_wood"",""num"":3},{""item"":""material_iron"",""num"":2},{""item"":""material_magic_green"",""num"":2},{""item"":""material_ancient_weapon_fragment"",""num"":5}],""NotRequiredInResearch"":false,""BluePrintLevel"":0,""WeaponDropLevel"":-1,""NeedRecordConsume"":true,""IsFromMechFragment"":false,""Hero"":0,""SkinIndex"":0,""SkillIndex"":0,""AutoMerge"":false,""Name"":""blueprint_evolution_weapon_115"",""Localization"":"""",""ItemValue"":0,""ItemLevel"":0,""Background"":{""spriteAtlas"":""RGTexture/sprite_atlas/items.spriteatlasv2"",""sprite"":""weapon_evolution_blueprint_ui"",""tex"":""Assets/RGTexture/items/weapon_evolution_blueprint_ui.png""},""Icon"":{""spriteAtlas"":""RGTexture/sprite_atlas/weapon.spriteatlasv2"",""sprite"":""weapons_85"",""tex"":""Assets/RGTexture/weapon/weapons.png""},""IconPosition"":{""x"":-0.2,""y"":-0.05,""z"":0.0},""IconScale"":0.7,""IconRotation"":0.0}"
blueprint_evolution_weapon_370,BluePrint,Blueprint,"{""BlueprintType"":8,""ItemName"":""weapon_370"",""ResearchMaterials"":[{""item"":""material_gem"",""num"":2500},{""item"":""material_iron"",""num"":10},{""item"":""material_wood"",""num"":10},{""item"":""material_magic_black"",""num"":6},{""item"":""material_ancient_weapon_fragment"",""num"":15}],""NotRequiredInResearch"":false,""BluePrintLevel"":0,""WeaponDropLevel"":-1,""NeedRecordConsume"":true,""IsFromMechFragment"":false,""Hero"":0,""SkinIndex"":0,""SkillIndex"":0,""AutoMerge"":false,""Name"":""blueprint_evolution_weapon_370"",""Localization"":"""",""ItemValue"":0,""ItemLevel"":0,""Background"":{""spriteAtlas"":""RGTexture/sprite_atlas/items.spriteatlasv2"",""sprite"":""weapon_evolution_blueprint_ui"",""tex"":""Assets/RGTexture/items/weapon_evolution_blueprint_ui.png""},""Icon"":{""spriteAtlas"":""RGTexture/sprite_atlas/weapon.spriteatlasv2"",""sprite"":""weapon_370"",""tex"":""Assets/RGTexture/weapon/weapon_370.PNG""},""IconPosition"":{""x"":-0.1,""y"":-0.2,""z"":0.0},""IconScale"":0.5,""IconRotation"":0.0}"
blueprint_evolution_weapon_412,BluePrint,Blueprint,"{""BlueprintType"":8,""ItemName"":""weapon_412"",""ResearchMaterials"":[{""item"":""material_gem"",""num"":1500},{""item"":""material_iron"",""num"":2},{""item"":""material_wood"",""num"":8},{""item"":""material_magic_orange"",""num"":4},{""item"":""material_ancient_weapon_fragment"",""num"":10}],""NotRequiredInResearch"":false,""BluePrintLevel"":0,""WeaponDropLevel"":-1,""NeedRecordConsume"":true,""IsFromMechFragment"":false,""Hero"":0,""SkinIndex"":0,""SkillIndex"":0,""AutoMerge"":false,""Name"":""blueprint_evolution_weapon_412"",""Localization"":"""",""ItemValue"":0,""ItemLevel"":0,""Background"":{""spriteAtlas"":""RGTexture/sprite_atlas/items.spriteatlasv2"",""sprite"":""weapon_evolution_blueprint_ui"",""tex"":""Assets/RGTexture/items/weapon_evolution_blueprint_ui.png""},""Icon"":{""spriteAtlas"":""RGTexture/sprite_atlas/weapon.spriteatlasv2"",""sprite"":""weapon_412_0"",""tex"":""Assets/RGTexture/weapon/weapon_412.png""},""IconPosition"":{""x"":-0.2,""y"":0.22,""z"":0.0},""IconScale"":0.62,""IconRotation"":0.0}"
blueprint_evolution_weapon_139,BluePrint,Blueprint,"{""BlueprintType"":8,""ItemName"":""weapon_139"",""ResearchMaterials"":[{""item"":""material_gem"",""num"":500},{""item"":""material_iron"",""num"":5},{""item"":""material_magic_red"",""num"":2},{""item"":""material_ancient_weapon_fragment"",""num"":5}],""NotRequiredInResearch"":false,""BluePrintLevel"":0,""WeaponDropLevel"":-1,""NeedRecordConsume"":true,""IsFromMechFragment"":false,""Hero"":0,""SkinIndex"":0,""SkillIndex"":0,""AutoMerge"":false,""Name"":""blueprint_evolution_weapon_139"",""Localization"":"""",""ItemValue"":0,""ItemLevel"":0,""Background"":{""spriteAtlas"":""RGTexture/sprite_atlas/items.spriteatlasv2"",""sprite"":""weapon_evolution_blueprint_ui"",""tex"":""Assets/RGTexture/items/weapon_evolution_blueprint_ui.png""},""Icon"":{""spriteAtlas"":""RGTexture/sprite_atlas/weapon.spriteatlasv2"",""sprite"":""weapons2_36"",""tex"":""Assets/RGTexture/weapon/weapons2.png""},""IconPosition"":{""x"":-0.25,""y"":-0.1,""z"":0.0},""IconScale"":0.8,""IconRotation"":0.0}"
blueprint_evolution_weapon_175,BluePrint,Blueprint,"{""BlueprintType"":8,""ItemName"":""weapon_175"",""ResearchMaterials"":[{""item"":""material_gem"",""num"":3000},{""item"":""material_gear"",""num"":10},{""item"":""material_cell"",""num"":20},{""item"":""material_magic_red"",""num"":4},{""item"":""material_magic_green"",""num"":4},{""item"":""material_ancient_weapon_fragment"",""num"":20}],""NotRequiredInResearch"":false,""BluePrintLevel"":0,""WeaponDropLevel"":-1,""NeedRecordConsume"":true,""IsFromMechFragment"":false,""Hero"":0,""SkinIndex"":0,""SkillIndex"":0,""AutoMerge"":false,""Name"":""blueprint_evolution_weapon_175"",""Localization"":"""",""ItemValue"":0,""ItemLevel"":0,""Background"":{""spriteAtlas"":""RGTexture/sprite_atlas/items.spriteatlasv2"",""sprite"":""weapon_evolution_blueprint_ui"",""tex"":""Assets/RGTexture/items/weapon_evolution_blueprint_ui.png""},""Icon"":{""spriteAtlas"":""RGTexture/sprite_atlas/weapon.spriteatlasv2"",""sprite"":""weapons2_97"",""tex"":""Assets/RGTexture/weapon/weapons2.png""},""IconPosition"":{""x"":-0.25,""y"":-0.1,""z"":0.0},""IconScale"":0.8,""IconRotation"":0.0}"
blueprint_evolution_weapon_343,BluePrint,Blueprint,"{""BlueprintType"":8,""ItemName"":""weapon_343"",""ResearchMaterials"":[{""item"":""material_gem"",""num"":2000},{""item"":""material_gear"",""num"":5},{""item"":""material_battery"",""num"":10},{""item"":""material_magic_blue"",""num"":5},{""item"":""material_ancient_weapon_fragment"",""num"":12}],""NotRequiredInResearch"":false,""BluePrintLevel"":0,""WeaponDropLevel"":-1,""NeedRecordConsume"":true,""IsFromMechFragment"":false,""Hero"":0,""SkinIndex"":0,""SkillIndex"":0,""AutoMerge"":false,""Name"":""blueprint_evolution_weapon_343"",""Localization"":"""",""ItemValue"":0,""ItemLevel"":0,""Background"":{""spriteAtlas"":""RGTexture/sprite_atlas/items.spriteatlasv2"",""sprite"":""weapon_evolution_blueprint_ui"",""tex"":""Assets/RGTexture/items/weapon_evolution_blueprint_ui.png""},""Icon"":{""spriteAtlas"":""RGTexture/sprite_atlas/weapon.spriteatlasv2"",""sprite"":""weapons5_111"",""tex"":""Assets/RGTexture/weapon/weapons5.png""},""IconPosition"":{""x"":-0.18,""y"":0.0,""z"":0.0},""IconScale"":0.7,""IconRotation"":0.0}"
blueprint_evolution_weapon_413,BluePrint,Blueprint,"{""BlueprintType"":8,""ItemName"":""weapon_413"",""ResearchMaterials"":[{""item"":""material_gem"",""num"":2000},{""item"":""material_gear"",""num"":5},{""item"":""material_battery"",""num"":10},{""item"":""material_magic_blue"",""num"":5},{""item"":""material_ancient_weapon_fragment"",""num"":12}],""NotRequiredInResearch"":false,""BluePrintLevel"":0,""WeaponDropLevel"":-1,""NeedRecordConsume"":true,""IsFromMechFragment"":false,""Hero"":0,""SkinIndex"":0,""SkillIndex"":0,""AutoMerge"":false,""Name"":""blueprint_evolution_weapon_413"",""Localization"":"""",""ItemValue"":0,""ItemLevel"":0,""Background"":{""spriteAtlas"":""RGTexture/sprite_atlas/items.spriteatlasv2"",""sprite"":""weapon_evolution_blueprint_ui"",""tex"":""Assets/RGTexture/items/weapon_evolution_blueprint_ui.png""},""Icon"":{""spriteAtlas"":""RGTexture/sprite_atlas/weapon.spriteatlasv2"",""sprite"":""weapon_413"",""tex"":""Assets/RGTexture/weapon/weapon_413.png""},""IconPosition"":{""x"":-0.15,""y"":-0.18,""z"":0.0},""IconScale"":0.8,""IconRotation"":0.0}"
blueprint_evolution_weapon_cg_2,BluePrint,Blueprint,"{""BlueprintType"":8,""ItemName"":""weapon_cg_2"",""ResearchMaterials"":[{""item"":""material_gem"",""num"":2500},{""item"":""material_gear"",""num"":10},{""item"":""material_battery"",""num"":10},{""item"":""material_magic_orange"",""num"":3},{""item"":""material_magic_cyan"",""num"":3},{""item"":""material_ancient_weapon_fragment"",""num"":15}],""NotRequiredInResearch"":false,""BluePrintLevel"":0,""WeaponDropLevel"":-1,""NeedRecordConsume"":true,""IsFromMechFragment"":false,""Hero"":0,""SkinIndex"":0,""SkillIndex"":0,""AutoMerge"":false,""Name"":""blueprint_evolution_weapon_cg_2"",""Localization"":"""",""ItemValue"":0,""ItemLevel"":0,""Background"":{""spriteAtlas"":""RGTexture/sprite_atlas/items.spriteatlasv2"",""sprite"":""weapon_evolution_blueprint_ui"",""tex"":""Assets/RGTexture/items/weapon_evolution_blueprint_ui.png""},""Icon"":{""spriteAtlas"":""RGTexture/sprite_atlas/weapon.spriteatlasv2"",""sprite"":""weapon_cg_2"",""tex"":""Assets/RGTexture/weapon/weapon_cg_2.png""},""IconPosition"":{""x"":-0.11,""y"":-0.12,""z"":0.0},""IconScale"":0.5,""IconRotation"":0.0}"
blueprint_evolution_weapon_274,BluePrint,Blueprint,"{""BlueprintType"":8,""ItemName"":""weapon_274"",""ResearchMaterials"":[{""item"":""material_gem"",""num"":2500},{""item"":""material_cell"",""num"":10},{""item"":""material_battery"",""num"":10},{""item"":""material_magic_blue"",""num"":3},{""item"":""material_magic_cyan"",""num"":3},{""item"":""material_ancient_weapon_fragment"",""num"":15}],""NotRequiredInResearch"":false,""BluePrintLevel"":0,""WeaponDropLevel"":-1,""NeedRecordConsume"":true,""IsFromMechFragment"":false,""Hero"":0,""SkinIndex"":0,""SkillIndex"":0,""AutoMerge"":false,""Name"":""blueprint_evolution_weapon_274"",""Localization"":"""",""ItemValue"":0,""ItemLevel"":0,""Background"":{""spriteAtlas"":""RGTexture/sprite_atlas/items.spriteatlasv2"",""sprite"":""weapon_evolution_blueprint_ui"",""tex"":""Assets/RGTexture/items/weapon_evolution_blueprint_ui.png""},""Icon"":{""spriteAtlas"":""RGTexture/sprite_atlas/weapon.spriteatlasv2"",""sprite"":""weapons3_168"",""tex"":""Assets/RGTexture/weapon/weapons3.png""},""IconPosition"":{""x"":-0.4,""y"":-0.1,""z"":0.0},""IconScale"":0.8,""IconRotation"":0.0}"
blueprint_evolution_weapon_260,BluePrint,Blueprint,"{""BlueprintType"":8,""ItemName"":""weapon_260"",""ResearchMaterials"":[{""item"":""material_gem"",""num"":1500},{""item"":""material_gear"",""num"":3},{""item"":""material_battery"",""num"":7},{""item"":""material_magic_blue"",""num"":4},{""item"":""material_ancient_weapon_fragment"",""num"":10}],""NotRequiredInResearch"":false,""BluePrintLevel"":0,""WeaponDropLevel"":-1,""NeedRecordConsume"":true,""IsFromMechFragment"":false,""Hero"":0,""SkinIndex"":0,""SkillIndex"":0,""AutoMerge"":false,""Name"":""blueprint_evolution_weapon_260"",""Localization"":"""",""ItemValue"":0,""ItemLevel"":0,""Background"":{""spriteAtlas"":""RGTexture/sprite_atlas/items.spriteatlasv2"",""sprite"":""weapon_evolution_blueprint_ui"",""tex"":""Assets/RGTexture/items/weapon_evolution_blueprint_ui.png""},""Icon"":{""spriteAtlas"":""RGTexture/sprite_atlas/weapon.spriteatlasv2"",""sprite"":""weapons3_173"",""tex"":""Assets/RGTexture/weapon/weapons3.png""},""IconPosition"":{""x"":-0.3,""y"":0.0,""z"":0.0},""IconScale"":0.8,""IconRotation"":0.0}"
blueprint_evolution_weapon_043,BluePrint,Blueprint,"{""BlueprintType"":8,""ItemName"":""weapon_043"",""ResearchMaterials"":[{""item"":""material_gem"",""num"":2000},{""item"":""material_gear"",""num"":10},{""item"":""material_battery"",""num"":5},{""item"":""material_magic_red"",""num"":5},{""item"":""material_ancient_weapon_fragment"",""num"":12}],""NotRequiredInResearch"":false,""BluePrintLevel"":0,""WeaponDropLevel"":-1,""NeedRecordConsume"":true,""IsFromMechFragment"":false,""Hero"":0,""SkinIndex"":0,""SkillIndex"":0,""AutoMerge"":false,""Name"":""blueprint_evolution_weapon_043"",""Localization"":"""",""ItemValue"":0,""ItemLevel"":0,""Background"":{""spriteAtlas"":""RGTexture/sprite_atlas/items.spriteatlasv2"",""sprite"":""weapon_evolution_blueprint_ui"",""tex"":""Assets/RGTexture/items/weapon_evolution_blueprint_ui.png""},""Icon"":{""spriteAtlas"":""RGTexture/sprite_atlas/weapon.spriteatlasv2"",""sprite"":""weapons_30"",""tex"":""Assets/RGTexture/weapon/weapons.png""},""IconPosition"":{""x"":-0.25,""y"":-0.05,""z"":0.0},""IconScale"":0.8,""IconRotation"":0.0}"
blueprint_evolution_weapon_307,BluePrint,Blueprint,"{""BlueprintType"":8,""ItemName"":""weapon_307"",""ResearchMaterials"":[{""item"":""material_gem"",""num"":3000},{""item"":""material_iron"",""num"":25},{""item"":""material_gear"",""num"":5},{""item"":""material_magic_red"",""num"":3},{""item"":""material_magic_black"",""num"":5},{""item"":""material_ancient_weapon_fragment"",""num"":20}],""NotRequiredInResearch"":false,""BluePrintLevel"":0,""WeaponDropLevel"":-1,""NeedRecordConsume"":true,""IsFromMechFragment"":false,""Hero"":0,""SkinIndex"":0,""SkillIndex"":0,""AutoMerge"":false,""Name"":""blueprint_evolution_weapon_307"",""Localization"":"""",""ItemValue"":0,""ItemLevel"":0,""Background"":{""spriteAtlas"":""RGTexture/sprite_atlas/items.spriteatlasv2"",""sprite"":""weapon_evolution_blueprint_ui"",""tex"":""Assets/RGTexture/items/weapon_evolution_blueprint_ui.png""},""Icon"":{""spriteAtlas"":""RGTexture/sprite_atlas/weapon.spriteatlasv2"",""sprite"":""weapons4_86"",""tex"":""Assets/RGTexture/weapon/weapons4.png""},""IconPosition"":{""x"":-0.5,""y"":-0.04,""z"":0.0},""IconScale"":0.5,""IconRotation"":0.0}"
blueprint_evolution_weapon_414,BluePrint,Blueprint,"{""BlueprintType"":8,""ItemName"":""weapon_414"",""ResearchMaterials"":[{""item"":""material_gem"",""num"":2000},{""item"":""material_battery"",""num"":15},{""item"":""material_magic_red"",""num"":5},{""item"":""material_ancient_weapon_fragment"",""num"":12}],""NotRequiredInResearch"":false,""BluePrintLevel"":0,""WeaponDropLevel"":-1,""NeedRecordConsume"":true,""IsFromMechFragment"":false,""Hero"":0,""SkinIndex"":0,""SkillIndex"":0,""AutoMerge"":false,""Name"":""blueprint_evolution_weapon_414"",""Localization"":"""",""ItemValue"":0,""ItemLevel"":0,""Background"":{""spriteAtlas"":""RGTexture/sprite_atlas/items.spriteatlasv2"",""sprite"":""weapon_evolution_blueprint_ui"",""tex"":""Assets/RGTexture/items/weapon_evolution_blueprint_ui.png""},""Icon"":{""spriteAtlas"":""RGTexture/sprite_atlas/weapon.spriteatlasv2"",""sprite"":""weapon_414"",""tex"":""Assets/RGTexture/weapon/weapon_414.png""},""IconPosition"":{""x"":-0.1,""y"":-0.1,""z"":0.0},""IconScale"":0.75,""IconRotation"":0.0}"
blueprint_evolution_weapon_415,BluePrint,Blueprint,"{""BlueprintType"":8,""ItemName"":""weapon_415"",""ResearchMaterials"":[{""item"":""material_gem"",""num"":2000},{""item"":""material_iron"",""num"":25},{""item"":""material_gear"",""num"":5},{""item"":""material_magic_blue"",""num"":5},{""item"":""material_ancient_weapon_fragment"",""num"":12}],""NotRequiredInResearch"":false,""BluePrintLevel"":0,""WeaponDropLevel"":-1,""NeedRecordConsume"":true,""IsFromMechFragment"":false,""Hero"":0,""SkinIndex"":0,""SkillIndex"":0,""AutoMerge"":false,""Name"":""blueprint_evolution_weapon_415"",""Localization"":"""",""ItemValue"":0,""ItemLevel"":0,""Background"":{""spriteAtlas"":""RGTexture/sprite_atlas/items.spriteatlasv2"",""sprite"":""weapon_evolution_blueprint_ui"",""tex"":""Assets/RGTexture/items/weapon_evolution_blueprint_ui.png""},""Icon"":{""spriteAtlas"":""RGTexture/sprite_atlas/weapon.spriteatlasv2"",""sprite"":""weapon_415"",""tex"":""Assets/RGTexture/weapon/weapon_415.png""},""IconPosition"":{""x"":0.0,""y"":0.0,""z"":0.0},""IconScale"":1.0,""IconRotation"":0.0}"
blueprint_evolution_weapon_095,BluePrint,Blueprint,"{""BlueprintType"":8,""ItemName"":""weapon_095"",""ResearchMaterials"":[{""item"":""material_gem"",""num"":3000},{""item"":""material_iron"",""num"":25},{""item"":""material_wood"",""num"":5},{""item"":""material_magic_orange"",""num"":4},{""item"":""material_magic_black"",""num"":4},{""item"":""material_ancient_weapon_fragment"",""num"":20}],""NotRequiredInResearch"":false,""BluePrintLevel"":0,""WeaponDropLevel"":-1,""NeedRecordConsume"":true,""IsFromMechFragment"":false,""Hero"":0,""SkinIndex"":0,""SkillIndex"":0,""AutoMerge"":false,""Name"":""blueprint_evolution_weapon_095"",""Localization"":"""",""ItemValue"":0,""ItemLevel"":0,""Background"":{""spriteAtlas"":""RGTexture/sprite_atlas/items.spriteatlasv2"",""sprite"":""weapon_evolution_blueprint_ui"",""tex"":""Assets/RGTexture/items/weapon_evolution_blueprint_ui.png""},""Icon"":{""spriteAtlas"":""RGTexture/sprite_atlas/weapon.spriteatlasv2"",""sprite"":""paladin_0_skill_0_effect_0_0"",""tex"":""Assets/RGTexture/weapon/paladin_0_skill_0_effect_0.png""},""IconPosition"":{""x"":0.0,""y"":0.0,""z"":0.0},""IconScale"":0.76,""IconRotation"":0.0}"
blueprint_evolution_weapon_028,BluePrint,Blueprint,"{""BlueprintType"":8,""ItemName"":""weapon_028"",""ResearchMaterials"":[{""item"":""material_gem"",""num"":2500},{""item"":""material_gear"",""num"":10},{""item"":""material_iron"",""num"":10},{""item"":""material_magic_orange"",""num"":6},{""item"":""material_ancient_weapon_fragment"",""num"":15}],""NotRequiredInResearch"":false,""BluePrintLevel"":0,""WeaponDropLevel"":-1,""NeedRecordConsume"":true,""IsFromMechFragment"":false,""Hero"":0,""SkinIndex"":0,""SkillIndex"":0,""AutoMerge"":false,""Name"":""blueprint_evolution_weapon_028"",""Localization"":"""",""ItemValue"":0,""ItemLevel"":0,""Background"":{""spriteAtlas"":""RGTexture/sprite_atlas/items.spriteatlasv2"",""sprite"":""weapon_evolution_blueprint_ui"",""tex"":""Assets/RGTexture/items/weapon_evolution_blueprint_ui.png""},""Icon"":{""spriteAtlas"":""RGTexture/sprite_atlas/weapon.spriteatlasv2"",""sprite"":""weapons_117"",""tex"":""Assets/RGTexture/weapon/weapons.png""},""IconPosition"":{""x"":-0.14,""y"":-0.06,""z"":0.0},""IconScale"":0.82,""IconRotation"":0.0}"
blueprint_evolution_weapon_309,BluePrint,Blueprint,"{""BlueprintType"":8,""ItemName"":""weapon_309"",""ResearchMaterials"":[{""item"":""material_gem"",""num"":2500},{""item"":""material_iron"",""num"":5},{""item"":""material_gear"",""num"":5},{""item"":""material_battery"",""num"":10},{""item"":""material_magic_orange"",""num"":6},{""item"":""material_ancient_weapon_fragment"",""num"":15}],""NotRequiredInResearch"":false,""BluePrintLevel"":0,""WeaponDropLevel"":-1,""NeedRecordConsume"":true,""IsFromMechFragment"":false,""Hero"":0,""SkinIndex"":0,""SkillIndex"":0,""AutoMerge"":false,""Name"":""blueprint_evolution_weapon_309"",""Localization"":"""",""ItemValue"":0,""ItemLevel"":0,""Background"":{""spriteAtlas"":""RGTexture/sprite_atlas/items.spriteatlasv2"",""sprite"":""weapon_evolution_blueprint_ui"",""tex"":""Assets/RGTexture/items/weapon_evolution_blueprint_ui.png""},""Icon"":{""spriteAtlas"":""RGTexture/sprite_atlas/weapon.spriteatlasv2"",""sprite"":""weapons4_87"",""tex"":""Assets/RGTexture/weapon/weapons4.png""},""IconPosition"":{""x"":0.0,""y"":0.0,""z"":0.0},""IconScale"":0.6,""IconRotation"":0.0}"
blueprint_evolution_weapon_128,BluePrint,Blueprint,"{""BlueprintType"":8,""ItemName"":""weapon_128"",""ResearchMaterials"":[{""item"":""material_gem"",""num"":3000},{""item"":""material_iron"",""num"":10},{""item"":""material_gear"",""num"":20},{""item"":""material_magic_red"",""num"":2},{""item"":""material_magic_black"",""num"":6},{""item"":""material_ancient_weapon_fragment"",""num"":20}],""NotRequiredInResearch"":false,""BluePrintLevel"":0,""WeaponDropLevel"":-1,""NeedRecordConsume"":true,""IsFromMechFragment"":false,""Hero"":0,""SkinIndex"":0,""SkillIndex"":0,""AutoMerge"":false,""Name"":""blueprint_evolution_weapon_128"",""Localization"":"""",""ItemValue"":0,""ItemLevel"":0,""Background"":{""spriteAtlas"":""RGTexture/sprite_atlas/items.spriteatlasv2"",""sprite"":""weapon_evolution_blueprint_ui"",""tex"":""Assets/RGTexture/items/weapon_evolution_blueprint_ui.png""},""Icon"":{""spriteAtlas"":""RGTexture/sprite_atlas/weapon.spriteatlasv2"",""sprite"":""weapons2_30"",""tex"":""Assets/RGTexture/weapon/weapons2.png""},""IconPosition"":{""x"":-0.22,""y"":-0.1,""z"":0.0},""IconScale"":0.66,""IconRotation"":0.0}"
blueprint_evolution_weapon_310,BluePrint,Blueprint,"{""BlueprintType"":8,""ItemName"":""weapon_310"",""ResearchMaterials"":[{""item"":""material_gem"",""num"":2000},{""item"":""material_iron"",""num"":15},{""item"":""material_magic_purple"",""num"":5},{""item"":""material_ancient_weapon_fragment"",""num"":12}],""NotRequiredInResearch"":false,""BluePrintLevel"":0,""WeaponDropLevel"":-1,""NeedRecordConsume"":true,""IsFromMechFragment"":false,""Hero"":0,""SkinIndex"":0,""SkillIndex"":0,""AutoMerge"":false,""Name"":""blueprint_evolution_weapon_310"",""Localization"":"""",""ItemValue"":0,""ItemLevel"":0,""Background"":{""spriteAtlas"":""RGTexture/sprite_atlas/items.spriteatlasv2"",""sprite"":""weapon_evolution_blueprint_ui"",""tex"":""Assets/RGTexture/items/weapon_evolution_blueprint_ui.png""},""Icon"":{""spriteAtlas"":""RGTexture/sprite_atlas/weapon.spriteatlasv2"",""sprite"":""weapons4_91"",""tex"":""Assets/RGTexture/weapon/weapons4.png""},""IconPosition"":{""x"":-0.58,""y"":-0.02,""z"":0.0},""IconScale"":0.45,""IconRotation"":0.0}"
blueprint_evolution_weapon_181,BluePrint,Blueprint,"{""BlueprintType"":8,""ItemName"":""weapon_181"",""ResearchMaterials"":[{""item"":""material_gem"",""num"":2000},{""item"":""material_gear"",""num"":15},{""item"":""material_magic_black"",""num"":5},{""item"":""material_ancient_weapon_fragment"",""num"":12}],""NotRequiredInResearch"":false,""BluePrintLevel"":0,""WeaponDropLevel"":-1,""NeedRecordConsume"":true,""IsFromMechFragment"":false,""Hero"":0,""SkinIndex"":0,""SkillIndex"":0,""AutoMerge"":false,""Name"":""blueprint_evolution_weapon_181"",""Localization"":"""",""ItemValue"":0,""ItemLevel"":0,""Background"":{""spriteAtlas"":""RGTexture/sprite_atlas/items.spriteatlasv2"",""sprite"":""weapon_evolution_blueprint_ui"",""tex"":""Assets/RGTexture/items/weapon_evolution_blueprint_ui.png""},""Icon"":{""spriteAtlas"":""RGTexture/sprite_atlas/weapon.spriteatlasv2"",""sprite"":""weapons2_128"",""tex"":""Assets/RGTexture/weapon/weapons2.png""},""IconPosition"":{""x"":-0.12,""y"":-0.08,""z"":0.0},""IconScale"":0.62,""IconRotation"":0.0}"
blueprint_evolution_weapon_330,BluePrint,Blueprint,"{""BlueprintType"":8,""ItemName"":""weapon_330"",""ResearchMaterials"":[{""item"":""material_gem"",""num"":1500},{""item"":""material_battery"",""num"":4},{""item"":""material_gear"",""num"":6},{""item"":""material_magic_orange"",""num"":4},{""item"":""material_ancient_weapon_fragment"",""num"":10}],""NotRequiredInResearch"":false,""BluePrintLevel"":0,""WeaponDropLevel"":-1,""NeedRecordConsume"":true,""IsFromMechFragment"":false,""Hero"":0,""SkinIndex"":0,""SkillIndex"":0,""AutoMerge"":false,""Name"":""blueprint_evolution_weapon_330"",""Localization"":"""",""ItemValue"":0,""ItemLevel"":0,""Background"":{""spriteAtlas"":""RGTexture/sprite_atlas/items.spriteatlasv2"",""sprite"":""weapon_evolution_blueprint_ui"",""tex"":""Assets/RGTexture/items/weapon_evolution_blueprint_ui.png""},""Icon"":{""spriteAtlas"":""RGTexture/sprite_atlas/weapon.spriteatlasv2"",""sprite"":""weapons4_115"",""tex"":""Assets/RGTexture/weapon/weapons4.png""},""IconPosition"":{""x"":-0.27,""y"":-0.08,""z"":0.0},""IconScale"":0.62,""IconRotation"":0.0}"
blueprint_evolution_weapon_192,BluePrint,Blueprint,"{""BlueprintType"":8,""ItemName"":""weapon_192"",""ResearchMaterials"":[{""item"":""material_gem"",""num"":500},{""item"":""material_iron"",""num"":5},{""item"":""material_magic_red"",""num"":2},{""item"":""material_ancient_weapon_fragment"",""num"":5}],""NotRequiredInResearch"":false,""BluePrintLevel"":0,""WeaponDropLevel"":-1,""NeedRecordConsume"":true,""IsFromMechFragment"":false,""Hero"":0,""SkinIndex"":0,""SkillIndex"":0,""AutoMerge"":false,""Name"":""blueprint_evolution_weapon_192"",""Localization"":"""",""ItemValue"":0,""ItemLevel"":0,""Background"":{""spriteAtlas"":""RGTexture/sprite_atlas/items.spriteatlasv2"",""sprite"":""weapon_evolution_blueprint_ui"",""tex"":""Assets/RGTexture/items/weapon_evolution_blueprint_ui.png""},""Icon"":{""spriteAtlas"":""RGTexture/sprite_atlas/weapon.spriteatlasv2"",""sprite"":""weapons2_121"",""tex"":""Assets/RGTexture/weapon/weapons2.png""},""IconPosition"":{""x"":-0.27,""y"":0.0,""z"":0.0},""IconScale"":0.62,""IconRotation"":0.0}"
blueprint_evolution_weapon_034,BluePrint,Blueprint,"{""BlueprintType"":8,""ItemName"":""weapon_034"",""ResearchMaterials"":[{""item"":""material_gem"",""num"":1500},{""item"":""material_wood"",""num"":5},{""item"":""material_iron"",""num"":5},{""item"":""material_magic_blue"",""num"":4},{""item"":""material_ancient_weapon_fragment"",""num"":10}],""NotRequiredInResearch"":false,""BluePrintLevel"":0,""WeaponDropLevel"":-1,""NeedRecordConsume"":true,""IsFromMechFragment"":false,""Hero"":0,""SkinIndex"":0,""SkillIndex"":0,""AutoMerge"":false,""Name"":""blueprint_evolution_weapon_034"",""Localization"":"""",""ItemValue"":0,""ItemLevel"":0,""Background"":{""spriteAtlas"":""RGTexture/sprite_atlas/items.spriteatlasv2"",""sprite"":""weapon_evolution_blueprint_ui"",""tex"":""Assets/RGTexture/items/weapon_evolution_blueprint_ui.png""},""Icon"":{""spriteAtlas"":""RGTexture/sprite_atlas/weapon.spriteatlasv2"",""sprite"":""weapons_3"",""tex"":""Assets/RGTexture/weapon/weapons.png""},""IconPosition"":{""x"":-0.35,""y"":-0.05,""z"":0.0},""IconScale"":0.8,""IconRotation"":0.0}"
blueprint_evolution_weapon_050,BluePrint,Blueprint,"{""BlueprintType"":8,""ItemName"":""weapon_050"",""ResearchMaterials"":[{""item"":""material_gem"",""num"":1000},{""item"":""material_iron"",""num"":6},{""item"":""material_magic_green"",""num"":3},{""item"":""material_ancient_weapon_fragment"",""num"":8}],""NotRequiredInResearch"":false,""BluePrintLevel"":0,""WeaponDropLevel"":-1,""NeedRecordConsume"":true,""IsFromMechFragment"":false,""Hero"":0,""SkinIndex"":0,""SkillIndex"":0,""AutoMerge"":false,""Name"":""blueprint_evolution_weapon_050"",""Localization"":"""",""ItemValue"":0,""ItemLevel"":0,""Background"":{""spriteAtlas"":""RGTexture/sprite_atlas/items.spriteatlasv2"",""sprite"":""weapon_evolution_blueprint_ui"",""tex"":""Assets/RGTexture/items/weapon_evolution_blueprint_ui.png""},""Icon"":{""spriteAtlas"":""RGTexture/sprite_atlas/weapon.spriteatlasv2"",""sprite"":""weapons_0"",""tex"":""Assets/RGTexture/weapon/weapons.png""},""IconPosition"":{""x"":-0.35,""y"":-0.05,""z"":0.0},""IconScale"":0.8,""IconRotation"":0.0}"
blueprint_evolution_weapon_306,BluePrint,Blueprint,"{""BlueprintType"":8,""ItemName"":""weapon_306"",""ResearchMaterials"":[{""item"":""material_gem"",""num"":3000},{""item"":""material_iron"",""num"":20},{""item"":""material_cell"",""num"":10},{""item"":""material_magic_orange"",""num"":5},{""item"":""material_magic_black"",""num"":3},{""item"":""material_ancient_weapon_fragment"",""num"":20}],""NotRequiredInResearch"":false,""BluePrintLevel"":0,""WeaponDropLevel"":-1,""NeedRecordConsume"":true,""IsFromMechFragment"":false,""Hero"":0,""SkinIndex"":0,""SkillIndex"":0,""AutoMerge"":false,""Name"":""blueprint_evolution_weapon_306"",""Localization"":"""",""ItemValue"":0,""ItemLevel"":0,""Background"":{""spriteAtlas"":""RGTexture/sprite_atlas/items.spriteatlasv2"",""sprite"":""weapon_evolution_blueprint_ui"",""tex"":""Assets/RGTexture/items/weapon_evolution_blueprint_ui.png""},""Icon"":{""spriteAtlas"":""RGTexture/sprite_atlas/weapon.spriteatlasv2"",""sprite"":""weapons4_82"",""tex"":""Assets/RGTexture/weapon/weapons4.png""},""IconPosition"":{""x"":-0.35,""y"":-0.05,""z"":0.0},""IconScale"":0.45,""IconRotation"":0.0}"
blueprint_evolution_weapon_247,BluePrint,Blueprint,"{""BlueprintType"":8,""ItemName"":""weapon_247"",""ResearchMaterials"":[{""item"":""material_gem"",""num"":2500},{""item"":""material_iron"",""num"":20},{""item"":""material_cell"",""num"":10},{""item"":""material_magic_red"",""num"":2},{""item"":""material_magic_blue"",""num"":2},{""item"":""material_magic_green"",""num"":2},{""item"":""material_ancient_weapon_fragment"",""num"":15}],""NotRequiredInResearch"":false,""BluePrintLevel"":0,""WeaponDropLevel"":-1,""NeedRecordConsume"":true,""IsFromMechFragment"":false,""Hero"":0,""SkinIndex"":0,""SkillIndex"":0,""AutoMerge"":false,""Name"":""blueprint_evolution_weapon_247"",""Localization"":"""",""ItemValue"":0,""ItemLevel"":0,""Background"":{""spriteAtlas"":""RGTexture/sprite_atlas/items.spriteatlasv2"",""sprite"":""weapon_evolution_blueprint_ui"",""tex"":""Assets/RGTexture/items/weapon_evolution_blueprint_ui.png""},""Icon"":{""spriteAtlas"":""RGTexture/sprite_atlas/weapon.spriteatlasv2"",""sprite"":""weapons3_139"",""tex"":""Assets/RGTexture/weapon/weapons3.png""},""IconPosition"":{""x"":-0.2,""y"":0.0,""z"":0.0},""IconScale"":0.65,""IconRotation"":0.0}"
blueprint_evolution_weapon_169,BluePrint,Blueprint,"{""BlueprintType"":8,""ItemName"":""weapon_169"",""ResearchMaterials"":[{""item"":""material_gem"",""num"":500},{""item"":""material_iron"",""num"":3},{""item"":""material_wood"",""num"":2},{""item"":""material_magic_black"",""num"":2},{""item"":""material_ancient_weapon_fragment"",""num"":5}],""NotRequiredInResearch"":false,""BluePrintLevel"":0,""WeaponDropLevel"":-1,""NeedRecordConsume"":true,""IsFromMechFragment"":false,""Hero"":0,""SkinIndex"":0,""SkillIndex"":0,""AutoMerge"":false,""Name"":""blueprint_evolution_weapon_169"",""Localization"":"""",""ItemValue"":0,""ItemLevel"":0,""Background"":{""spriteAtlas"":""RGTexture/sprite_atlas/items.spriteatlasv2"",""sprite"":""weapon_evolution_blueprint_ui"",""tex"":""Assets/RGTexture/items/weapon_evolution_blueprint_ui.png""},""Icon"":{""spriteAtlas"":""RGTexture/sprite_atlas/weapon.spriteatlasv2"",""sprite"":""weapons2_66"",""tex"":""Assets/RGTexture/weapon/weapons2.png""},""IconPosition"":{""x"":-0.35,""y"":0.07,""z"":0.0},""IconScale"":0.7,""IconRotation"":0.0}"
blueprint_evolution_weapon_299,BluePrint,Blueprint,"{""BlueprintType"":8,""ItemName"":""weapon_299"",""ResearchMaterials"":[{""item"":""material_gem"",""num"":1000},{""item"":""material_cell"",""num"":3},{""item"":""material_wood"",""num"":3},{""item"":""material_magic_red"",""num"":3},{""item"":""material_ancient_weapon_fragment"",""num"":8}],""NotRequiredInResearch"":false,""BluePrintLevel"":0,""WeaponDropLevel"":-1,""NeedRecordConsume"":true,""IsFromMechFragment"":false,""Hero"":0,""SkinIndex"":0,""SkillIndex"":0,""AutoMerge"":false,""Name"":""blueprint_evolution_weapon_299"",""Localization"":"""",""ItemValue"":0,""ItemLevel"":0,""Background"":{""spriteAtlas"":""RGTexture/sprite_atlas/items.spriteatlasv2"",""sprite"":""weapon_evolution_blueprint_ui"",""tex"":""Assets/RGTexture/items/weapon_evolution_blueprint_ui.png""},""Icon"":{""spriteAtlas"":""RGTexture/sprite_atlas/weapon.spriteatlasv2"",""sprite"":""weapons4_73"",""tex"":""Assets/RGTexture/weapon/weapons4.png""},""IconPosition"":{""x"":-0.45,""y"":0.0,""z"":0.0},""IconScale"":0.45,""IconRotation"":0.0}"
blueprint_evolution_weapon_253,BluePrint,Blueprint,"{""BlueprintType"":8,""ItemName"":""weapon_253"",""ResearchMaterials"":[{""item"":""material_gem"",""num"":1000},{""item"":""material_cell"",""num"":3},{""item"":""material_wood"",""num"":3},{""item"":""material_magic_red"",""num"":3},{""item"":""material_ancient_weapon_fragment"",""num"":8}],""NotRequiredInResearch"":false,""BluePrintLevel"":0,""WeaponDropLevel"":-1,""NeedRecordConsume"":true,""IsFromMechFragment"":false,""Hero"":0,""SkinIndex"":0,""SkillIndex"":0,""AutoMerge"":false,""Name"":""blueprint_evolution_weapon_253"",""Localization"":"""",""ItemValue"":0,""ItemLevel"":0,""Background"":{""spriteAtlas"":""RGTexture/sprite_atlas/items.spriteatlasv2"",""sprite"":""weapon_evolution_blueprint_ui"",""tex"":""Assets/RGTexture/items/weapon_evolution_blueprint_ui.png""},""Icon"":{""spriteAtlas"":""RGTexture/sprite_atlas/weapon.spriteatlasv2"",""sprite"":""weapons3_152"",""tex"":""Assets/RGTexture/weapon/weapons3.png""},""IconPosition"":{""x"":0.0,""y"":0.0,""z"":0.0},""IconScale"":0.8,""IconRotation"":0.0}"
blueprint_evolution_weapon_167,BluePrint,Blueprint,"{""BlueprintType"":8,""ItemName"":""weapon_167"",""ResearchMaterials"":[{""item"":""material_gem"",""num"":2000},{""item"":""material_battery"",""num"":15},{""item"":""material_wood"",""num"":15},{""item"":""material_magic_purple"",""num"":5},{""item"":""material_ancient_weapon_fragment"",""num"":12}],""NotRequiredInResearch"":false,""BluePrintLevel"":0,""WeaponDropLevel"":-1,""NeedRecordConsume"":true,""IsFromMechFragment"":false,""Hero"":0,""SkinIndex"":0,""SkillIndex"":0,""AutoMerge"":false,""Name"":""blueprint_evolution_weapon_167"",""Localization"":"""",""ItemValue"":0,""ItemLevel"":0,""Background"":{""spriteAtlas"":""RGTexture/sprite_atlas/items.spriteatlasv2"",""sprite"":""weapon_evolution_blueprint_ui"",""tex"":""Assets/RGTexture/items/weapon_evolution_blueprint_ui.png""},""Icon"":{""spriteAtlas"":""RGTexture/sprite_atlas/weapon.spriteatlasv2"",""sprite"":""weapons2_68"",""tex"":""Assets/RGTexture/weapon/weapons2.png""},""IconPosition"":{""x"":0.0,""y"":0.0,""z"":0.0},""IconScale"":1.3,""IconRotation"":0.0}"
blueprint_evolution_weapon_298,BluePrint,Blueprint,"{""BlueprintType"":8,""ItemName"":""weapon_298"",""ResearchMaterials"":[{""item"":""material_gem"",""num"":1000},{""item"":""material_iron"",""num"":23}],""NotRequiredInResearch"":false,""BluePrintLevel"":0,""WeaponDropLevel"":-1,""NeedRecordConsume"":true,""IsFromMechFragment"":false,""Hero"":0,""SkinIndex"":0,""SkillIndex"":0,""AutoMerge"":false,""Name"":""blueprint_evolution_weapon_298"",""Localization"":"""",""ItemValue"":0,""ItemLevel"":0,""Background"":{""spriteAtlas"":""RGTexture/sprite_atlas/items.spriteatlasv2"",""sprite"":""weapon_evolution_blueprint_ui"",""tex"":""Assets/RGTexture/items/weapon_evolution_blueprint_ui.png""},""Icon"":{""spriteAtlas"":""RGTexture/sprite_atlas/weapon.spriteatlasv2"",""sprite"":""weapons4_72"",""tex"":""Assets/RGTexture/weapon/weapons4.png""},""IconPosition"":{""x"":-0.27,""y"":-0.08,""z"":0.0},""IconScale"":0.62,""IconRotation"":0.0}"
material_weapon_fragment_chest_0,Material,Material,"{""Name"":""material_weapon_fragment_chest_0"",""Localization"":""material_weapon_fragment_chest_desc"",""ItemValue"":0,""ItemLevel"":0,""Background"":{},""Icon"":{""spriteAtlas"":""RGTexture/sprite_atlas/ui/task.spriteatlasv2"",""sprite"":""material_weapon_fragment_chest_0"",""tex"":""Assets/RGTexture/ui/task/material_weapon_fragment_chest.png""},""IconPosition"":{""x"":0.0,""y"":0.0,""z"":0.0},""IconScale"":1.0,""IconRotation"":0.0}"
material_weapon_fragment_chest_1,Material,Material,"{""Name"":""material_weapon_fragment_chest_1"",""Localization"":""material_weapon_fragment_chest_desc"",""ItemValue"":0,""ItemLevel"":1,""Background"":{},""Icon"":{""spriteAtlas"":""RGTexture/sprite_atlas/ui/task.spriteatlasv2"",""sprite"":""material_weapon_fragment_chest_1"",""tex"":""Assets/RGTexture/ui/task/material_weapon_fragment_chest.png""},""IconPosition"":{""x"":0.0,""y"":0.0,""z"":0.0},""IconScale"":1.0,""IconRotation"":0.0}"
material_weapon_fragment_chest_2,Material,Material,"{""Name"":""material_weapon_fragment_chest_2"",""Localization"":""material_weapon_fragment_chest_desc"",""ItemValue"":0,""ItemLevel"":2,""Background"":{},""Icon"":{""spriteAtlas"":""RGTexture/sprite_atlas/ui/task.spriteatlasv2"",""sprite"":""material_weapon_fragment_chest_2"",""tex"":""Assets/RGTexture/ui/task/material_weapon_fragment_chest.png""},""IconPosition"":{""x"":0.0,""y"":0.0,""z"":0.0},""IconScale"":1.0,""IconRotation"":0.0}"
material_weapon_fragment_chest_3,Material,Material,"{""Name"":""material_weapon_fragment_chest_3"",""Localization"":""material_weapon_fragment_chest_desc"",""ItemValue"":0,""ItemLevel"":3,""Background"":{},""Icon"":{""spriteAtlas"":""RGTexture/sprite_atlas/ui/task.spriteatlasv2"",""sprite"":""material_weapon_fragment_chest_3"",""tex"":""Assets/RGTexture/ui/task/material_weapon_fragment_chest.png""},""IconPosition"":{""x"":0.0,""y"":0.0,""z"":0.0},""IconScale"":1.0,""IconRotation"":0.0}"
material_weapon_fragment_chest_4,Material,Material,"{""Name"":""material_weapon_fragment_chest_4"",""Localization"":""material_weapon_fragment_chest_desc"",""ItemValue"":0,""ItemLevel"":4,""Background"":{},""Icon"":{""spriteAtlas"":""RGTexture/sprite_atlas/ui/task.spriteatlasv2"",""sprite"":""material_weapon_fragment_chest_4"",""tex"":""Assets/RGTexture/ui/task/material_weapon_fragment_chest.png""},""IconPosition"":{""x"":0.0,""y"":0.0,""z"":0.0},""IconScale"":1.0,""IconRotation"":0.0}"
material_weapon_fragment_chest_5,Material,Material,"{""Name"":""material_weapon_fragment_chest_5"",""Localization"":""material_weapon_fragment_chest_desc"",""ItemValue"":0,""ItemLevel"":5,""Background"":{},""Icon"":{""spriteAtlas"":""RGTexture/sprite_atlas/ui/task.spriteatlasv2"",""sprite"":""material_weapon_fragment_chest_5"",""tex"":""Assets/RGTexture/ui/task/material_weapon_fragment_chest.png""},""IconPosition"":{""x"":0.0,""y"":0.0,""z"":0.0},""IconScale"":1.0,""IconRotation"":0.0}"
material_generic_weapon_fragment_0,Material,Material,"{""Name"":""material_generic_weapon_fragment_0"",""Localization"":""material_generic_weapon_fragment_desc"",""ItemValue"":0,""ItemLevel"":0,""Background"":{},""Icon"":{""spriteAtlas"":""RGTexture/sprite_atlas/items.spriteatlasv2"",""sprite"":""material_generic_weapon_fragment_0"",""tex"":""Assets/RGTexture/items/material_generic_weapon_fragment.png""},""IconPosition"":{""x"":0.0,""y"":0.0,""z"":0.0},""IconScale"":1.0,""IconRotation"":0.0}"
material_generic_weapon_fragment_1,Material,Material,"{""Name"":""material_generic_weapon_fragment_1"",""Localization"":""material_generic_weapon_fragment_desc"",""ItemValue"":0,""ItemLevel"":1,""Background"":{},""Icon"":{""spriteAtlas"":""RGTexture/sprite_atlas/items.spriteatlasv2"",""sprite"":""material_generic_weapon_fragment_1"",""tex"":""Assets/RGTexture/items/material_generic_weapon_fragment.png""},""IconPosition"":{""x"":0.0,""y"":0.0,""z"":0.0},""IconScale"":1.0,""IconRotation"":0.0}"
material_generic_weapon_fragment_2,Material,Material,"{""Name"":""material_generic_weapon_fragment_2"",""Localization"":""material_generic_weapon_fragment_desc"",""ItemValue"":0,""ItemLevel"":2,""Background"":{},""Icon"":{""spriteAtlas"":""RGTexture/sprite_atlas/items.spriteatlasv2"",""sprite"":""material_generic_weapon_fragment_2"",""tex"":""Assets/RGTexture/items/material_generic_weapon_fragment.png""},""IconPosition"":{""x"":0.0,""y"":0.0,""z"":0.0},""IconScale"":1.0,""IconRotation"":0.0}"
material_generic_weapon_fragment_3,Material,Material,"{""Name"":""material_generic_weapon_fragment_3"",""Localization"":""material_generic_weapon_fragment_desc"",""ItemValue"":0,""ItemLevel"":3,""Background"":{},""Icon"":{""spriteAtlas"":""RGTexture/sprite_atlas/items.spriteatlasv2"",""sprite"":""material_generic_weapon_fragment_3"",""tex"":""Assets/RGTexture/items/material_generic_weapon_fragment.png""},""IconPosition"":{""x"":0.0,""y"":0.0,""z"":0.0},""IconScale"":1.0,""IconRotation"":0.0}"
material_generic_weapon_fragment_4,Material,Material,"{""Name"":""material_generic_weapon_fragment_4"",""Localization"":""material_generic_weapon_fragment_desc"",""ItemValue"":0,""ItemLevel"":4,""Background"":{},""Icon"":{""spriteAtlas"":""RGTexture/sprite_atlas/items.spriteatlasv2"",""sprite"":""material_generic_weapon_fragment_4"",""tex"":""Assets/RGTexture/items/material_generic_weapon_fragment.png""},""IconPosition"":{""x"":0.0,""y"":0.0,""z"":0.0},""IconScale"":1.0,""IconRotation"":0.0}"
material_generic_weapon_fragment_5,Material,Material,"{""Name"":""material_generic_weapon_fragment_5"",""Localization"":""material_generic_weapon_fragment_desc"",""ItemValue"":0,""ItemLevel"":5,""Background"":{},""Icon"":{""spriteAtlas"":""RGTexture/sprite_atlas/items.spriteatlasv2"",""sprite"":""material_generic_weapon_fragment_5"",""tex"":""Assets/RGTexture/items/material_generic_weapon_fragment.png""},""IconPosition"":{""x"":0.0,""y"":0.0,""z"":0.0},""IconScale"":1.0,""IconRotation"":0.0}"
material_choose_hero_1,Material,Material,"{""Name"":""material_choose_hero_1"",""Localization"":"""",""ItemValue"":0,""ItemLevel"":0,""Background"":{},""Icon"":{""spriteAtlas"":""RGTexture/sprite_atlas/ui/common.spriteatlasv2"",""sprite"":""new_player_package_ui_10"",""tex"":""Assets/RGTexture/ui/common/new_player_package/new_player_package_ui.png""},""IconPosition"":{""x"":0.0,""y"":0.0,""z"":0.0},""IconScale"":1.0,""IconRotation"":0.0}"
material_choose_hero_return_player_1,Material,Material,"{""Name"":""material_choose_hero_return_player_1"",""Localization"":"""",""ItemValue"":0,""ItemLevel"":0,""Background"":{},""Icon"":{""spriteAtlas"":""RGTexture/sprite_atlas/ui/common.spriteatlasv2"",""sprite"":""new_player_package_ui_10"",""tex"":""Assets/RGTexture/ui/common/new_player_package/new_player_package_ui.png""},""IconPosition"":{""x"":0.0,""y"":0.0,""z"":0.0},""IconScale"":1.0,""IconRotation"":0.0}"
material_choose_skin_1,Material,Material,"{""Name"":""material_choose_skin_1"",""Localization"":"""",""ItemValue"":0,""ItemLevel"":0,""Background"":{},""Icon"":{""spriteAtlas"":""RGTexture/sprite_atlas/ui/common.spriteatlasv2"",""sprite"":""new_player_package_ui_8"",""tex"":""Assets/RGTexture/ui/common/new_player_package/new_player_package_ui.png""},""IconPosition"":{""x"":0.0,""y"":0.0,""z"":0.0},""IconScale"":1.0,""IconRotation"":0.0}"
material_choose_skin_return_player_1,Material,Material,"{""Name"":""material_choose_skin_return_player_1"",""Localization"":"""",""ItemValue"":0,""ItemLevel"":0,""Background"":{},""Icon"":{""spriteAtlas"":""RGTexture/sprite_atlas/ui/common.spriteatlasv2"",""sprite"":""new_player_package_ui_8"",""tex"":""Assets/RGTexture/ui/common/new_player_package/new_player_package_ui.png""},""IconPosition"":{""x"":0.0,""y"":0.0,""z"":0.0},""IconScale"":1.0,""IconRotation"":0.0}"
material_choose_skin_bp_1,Material,Material,"{""Name"":""material_choose_skin_bp_1"",""Localization"":"""",""ItemValue"":0,""ItemLevel"":0,""Background"":{},""Icon"":{""spriteAtlas"":""RGTexture/sprite_atlas/ui/common.spriteatlasv2"",""sprite"":""new_player_package_ui_8"",""tex"":""Assets/RGTexture/ui/common/new_player_package/new_player_package_ui.png""},""IconPosition"":{""x"":0.0,""y"":0.0,""z"":0.0},""IconScale"":1.0,""IconRotation"":0.0}"
feature_more_select_seat,Material,Material,"{""Name"":""feature_more_select_seat"",""Localization"":"""",""ItemValue"":3,""ItemLevel"":0,""Background"":{},""Icon"":{""spriteAtlas"":""RGTexture/sprite_atlas/season_store.spriteatlasv2"",""sprite"":""feature_more_select_seat"",""tex"":""Assets/RGTexture/season_store/feature_more_select_seat.png""},""IconPosition"":{""x"":0.0,""y"":0.0,""z"":0.0},""IconScale"":1.0,""IconRotation"":0.0}"
material_ancient_weapon_fragment,Material,Material,"{""Name"":""material_ancient_weapon_fragment"",""Localization"":"""",""ItemValue"":30,""ItemLevel"":0,""Background"":{},""Icon"":{""spriteAtlas"":""RGTexture/sprite_atlas/items.spriteatlasv2"",""sprite"":""objects_pickable_89"",""tex"":""Assets/RGTexture/items/objects_pickable.png""},""IconPosition"":{""x"":0.0,""y"":0.0,""z"":0.0},""IconScale"":1.0,""IconRotation"":0.0}"
material_battery,Material,Material,"{""Name"":""material_battery"",""Localization"":"""",""ItemValue"":30,""ItemLevel"":0,""Background"":{},""Icon"":{""spriteAtlas"":""RGTexture/sprite_atlas/items.spriteatlasv2"",""sprite"":""objects_pickable_9"",""tex"":""Assets/RGTexture/items/objects_pickable.png""},""IconPosition"":{""x"":0.0,""y"":0.0,""z"":0.0},""IconScale"":1.0,""IconRotation"":0.0}"
material_c17_book_1,Material,Material,"{""Name"":""material_c17_book_1"",""Localization"":"""",""ItemValue"":20000,""ItemLevel"":5,""Background"":{},""Icon"":{""spriteAtlas"":""RGTexture/sprite_atlas/items.spriteatlasv2"",""sprite"":""objects_pickable_86"",""tex"":""Assets/RGTexture/items/objects_pickable.png""},""IconPosition"":{""x"":0.0,""y"":0.0,""z"":0.0},""IconScale"":1.0,""IconRotation"":0.0}"
material_c17_book_2,Material,Material,"{""Name"":""material_c17_book_2"",""Localization"":"""",""ItemValue"":20000,""ItemLevel"":5,""Background"":{},""Icon"":{""spriteAtlas"":""RGTexture/sprite_atlas/items.spriteatlasv2"",""sprite"":""objects_pickable_87"",""tex"":""Assets/RGTexture/items/objects_pickable.png""},""IconPosition"":{""x"":0.0,""y"":0.0,""z"":0.0},""IconScale"":1.0,""IconRotation"":0.0}"
material_c18_book_1,Material,Material,"{""Name"":""material_c18_book_1"",""Localization"":"""",""ItemValue"":20000,""ItemLevel"":5,""Background"":{},""Icon"":{""spriteAtlas"":""RGTexture/sprite_atlas/items.spriteatlasv2"",""sprite"":""objects_pickable_82"",""tex"":""Assets/RGTexture/items/objects_pickable.png""},""IconPosition"":{""x"":0.0,""y"":0.0,""z"":0.0},""IconScale"":1.0,""IconRotation"":0.0}"
material_c18_book_2,Material,Material,"{""Name"":""material_c18_book_2"",""Localization"":"""",""ItemValue"":20000,""ItemLevel"":5,""Background"":{},""Icon"":{""spriteAtlas"":""RGTexture/sprite_atlas/items.spriteatlasv2"",""sprite"":""objects_pickable_85"",""tex"":""Assets/RGTexture/items/objects_pickable.png""},""IconPosition"":{""x"":0.0,""y"":0.0,""z"":0.0},""IconScale"":1.0,""IconRotation"":0.0}"
material_c20_book_1,Material,Material,"{""Name"":""material_c20_book_1"",""Localization"":"""",""ItemValue"":20000,""ItemLevel"":5,""Background"":{},""Icon"":{""spriteAtlas"":""RGTexture/sprite_atlas/items.spriteatlasv2"",""sprite"":""material_c20_book_1"",""tex"":""Assets/RGTexture/items/objects_pickable.png""},""IconPosition"":{""x"":0.0,""y"":0.0,""z"":0.0},""IconScale"":1.0,""IconRotation"":0.0}"
material_c20_book_2,Material,Material,"{""Name"":""material_c20_book_2"",""Localization"":"""",""ItemValue"":20000,""ItemLevel"":5,""Background"":{},""Icon"":{""spriteAtlas"":""RGTexture/sprite_atlas/items.spriteatlasv2"",""sprite"":""material_c20_book_2"",""tex"":""Assets/RGTexture/items/objects_pickable.png""},""IconPosition"":{""x"":0.0,""y"":0.0,""z"":0.0},""IconScale"":1.0,""IconRotation"":0.0}"
material_c21_book_1,Material,Material,"{""Name"":""material_c21_book_1"",""Localization"":"""",""ItemValue"":20000,""ItemLevel"":5,""Background"":{},""Icon"":{""spriteAtlas"":""RGTexture/sprite_atlas/items.spriteatlasv2"",""sprite"":""material_c21_book_1"",""tex"":""Assets/RGTexture/items/objects_pickable.png""},""IconPosition"":{""x"":0.0,""y"":0.0,""z"":0.0},""IconScale"":1.0,""IconRotation"":0.0}"
material_c21_book_2,Material,Material,"{""Name"":""material_c21_book_2"",""Localization"":"""",""ItemValue"":20000,""ItemLevel"":5,""Background"":{},""Icon"":{""spriteAtlas"":""RGTexture/sprite_atlas/items.spriteatlasv2"",""sprite"":""material_c21_book_2"",""tex"":""Assets/RGTexture/items/objects_pickable.png""},""IconPosition"":{""x"":0.0,""y"":0.0,""z"":0.0},""IconScale"":1.0,""IconRotation"":0.0}"
material_cell,Material,Material,"{""Name"":""material_cell"",""Localization"":"""",""ItemValue"":30,""ItemLevel"":0,""Background"":{},""Icon"":{""spriteAtlas"":""RGTexture/sprite_atlas/items.spriteatlasv2"",""sprite"":""objects_pickable_12"",""tex"":""Assets/RGTexture/items/objects_pickable.png""},""IconPosition"":{""x"":0.0,""y"":0.0,""z"":0.0},""IconScale"":1.0,""IconRotation"":0.0}"
material_dead_cell,Material,Material,"{""Name"":""material_dead_cell"",""Localization"":"""",""ItemValue"":30,""ItemLevel"":0,""Background"":{},""Icon"":{""spriteAtlas"":""RGTexture/sprite_atlas/items.spriteatlasv2"",""sprite"":""dead_cell_0"",""tex"":""Assets/RGTexture/items/dead_cell.png""},""IconPosition"":{""x"":0.0,""y"":0.0,""z"":0.0},""IconScale"":1.0,""IconRotation"":0.0}"
material_fertilize,Material,Material,"{""Name"":""material_fertilize"",""Localization"":"""",""ItemValue"":200,""ItemLevel"":0,""Background"":{},""Icon"":{""spriteAtlas"":""RGTexture/sprite_atlas/weapon.spriteatlasv2"",""sprite"":""weapons3_21"",""tex"":""Assets/RGTexture/weapon/weapons3.png""},""IconPosition"":{""x"":0.0,""y"":0.0,""z"":0.0},""IconScale"":1.0,""IconRotation"":0.0}"
material_fish,Material,Material,"{""Name"":""material_fish"",""Localization"":"""",""ItemValue"":30,""ItemLevel"":0,""Background"":{},""Icon"":{""spriteAtlas"":""RGTexture/sprite_atlas/ui/common.spriteatlasv2"",""sprite"":""ui_84"",""tex"":""Assets/RGTexture/ui/common/ui.png""},""IconPosition"":{""x"":0.0,""y"":0.0,""z"":0.0},""IconScale"":1.5,""IconRotation"":0.0}"
material_fragment_c6h8o6,Material,Material,"{""Name"":""material_fragment_c6h8o6"",""Localization"":"""",""ItemValue"":30,""ItemLevel"":0,""Background"":{},""Icon"":{""spriteAtlas"":""RGTexture/sprite_atlas/items.spriteatlasv2"",""sprite"":""objects_pickable_15"",""tex"":""Assets/RGTexture/items/objects_pickable.png""},""IconPosition"":{""x"":0.0,""y"":0.0,""z"":0.0},""IconScale"":1.0,""IconRotation"":0.0}"
material_fragment_zulan,Material,Material,"{""Name"":""material_fragment_zulan"",""Localization"":"""",""ItemValue"":30,""ItemLevel"":0,""Background"":{},""Icon"":{""spriteAtlas"":""RGTexture/sprite_atlas/items.spriteatlasv2"",""sprite"":""objects_pickable_14"",""tex"":""Assets/RGTexture/items/objects_pickable.png""},""IconPosition"":{""x"":0.0,""y"":0.0,""z"":0.0},""IconScale"":1.0,""IconRotation"":0.0}"
material_gear,Material,Material,"{""Name"":""material_gear"",""Localization"":"""",""ItemValue"":30,""ItemLevel"":0,""Background"":{},""Icon"":{""spriteAtlas"":""RGTexture/sprite_atlas/items.spriteatlasv2"",""sprite"":""objects_pickable_1"",""tex"":""Assets/RGTexture/items/objects_pickable.png""},""IconPosition"":{""x"":0.0,""y"":0.0,""z"":0.0},""IconScale"":0.8,""IconRotation"":0.0}"
material_gem,Material,Material,"{""Name"":""material_gem"",""Localization"":"""",""ItemValue"":1,""ItemLevel"":0,""Background"":{},""Icon"":{""spriteAtlas"":""RGTexture/sprite_atlas/ui/common.spriteatlasv2"",""sprite"":""ui_52"",""tex"":""Assets/RGTexture/ui/common/ui.png""},""IconPosition"":{""x"":0.0,""y"":0.0,""z"":0.0},""IconScale"":2.0,""IconRotation"":0.0}"
material_grain,Material,Material,"{""Name"":""material_grain"",""Localization"":"""",""ItemValue"":30,""ItemLevel"":0,""Background"":{},""Icon"":{""spriteAtlas"":""RGTexture/sprite_atlas/ui/common.spriteatlasv2"",""sprite"":""ui_281"",""tex"":""Assets/RGTexture/ui/common/ui.png""},""IconPosition"":{""x"":0.0,""y"":0.0,""z"":0.0},""IconScale"":1.0,""IconRotation"":0.0}"
material_hopper_ticket,Material,Material,"{""Name"":""material_hopper_ticket"",""Localization"":""Object_postman_upgrade"",""ItemValue"":1,""ItemLevel"":0,""Background"":{},""Icon"":{""spriteAtlas"":""RGTexture/sprite_atlas/ui/common.spriteatlasv2"",""sprite"":""ui_203"",""tex"":""Assets/RGTexture/ui/common/ui.png""},""IconPosition"":{""x"":0.0,""y"":0.0,""z"":0.0},""IconScale"":1.0,""IconRotation"":0.0}"
material_iron,Material,Material,"{""Name"":""material_iron"",""Localization"":"""",""ItemValue"":30,""ItemLevel"":0,""Background"":{},""Icon"":{""spriteAtlas"":""RGTexture/sprite_atlas/items.spriteatlasv2"",""sprite"":""objects_pickable_11"",""tex"":""Assets/RGTexture/items/objects_pickable.png""},""IconPosition"":{""x"":0.0,""y"":0.0,""z"":0.0},""IconScale"":1.0,""IconRotation"":0.0}"
material_jewelry_fragment,Material,Material,"{""Name"":""material_jewelry_fragment"",""Localization"":"""",""ItemValue"":200,""ItemLevel"":0,""Background"":{},""Icon"":{""spriteAtlas"":""RGTexture/sprite_atlas/items.spriteatlasv2"",""sprite"":""objects_pickable_102"",""tex"":""Assets/RGTexture/items/objects_pickable.png""},""IconPosition"":{""x"":0.0,""y"":0.0,""z"":0.0},""IconScale"":1.0,""IconRotation"":0.0}"
material_magic_black,Material,Material,"{""Name"":""material_magic_black"",""Localization"":"""",""ItemValue"":200,""ItemLevel"":0,""Background"":{},""Icon"":{""spriteAtlas"":""RGTexture/sprite_atlas/items.spriteatlasv2"",""sprite"":""objects_pickable_30"",""tex"":""Assets/RGTexture/items/objects_pickable.png""},""IconPosition"":{""x"":0.0,""y"":0.0,""z"":0.0},""IconScale"":1.0,""IconRotation"":0.0}"
material_magic_blue,Material,Material,"{""Name"":""material_magic_blue"",""Localization"":"""",""ItemValue"":200,""ItemLevel"":0,""Background"":{},""Icon"":{""spriteAtlas"":""RGTexture/sprite_atlas/items.spriteatlasv2"",""sprite"":""objects_pickable_2"",""tex"":""Assets/RGTexture/items/objects_pickable.png""},""IconPosition"":{""x"":0.0,""y"":0.0,""z"":0.0},""IconScale"":1.0,""IconRotation"":0.0}"
material_magic_cyan,Material,Material,"{""Name"":""material_magic_cyan"",""Localization"":"""",""ItemValue"":200,""ItemLevel"":0,""Background"":{},""Icon"":{""spriteAtlas"":""RGTexture/sprite_atlas/items.spriteatlasv2"",""sprite"":""objects_pickable_79"",""tex"":""Assets/RGTexture/items/objects_pickable.png""},""IconPosition"":{""x"":0.0,""y"":0.0,""z"":0.0},""IconScale"":1.0,""IconRotation"":0.0}"
material_magic_green,Material,Material,"{""Name"":""material_magic_green"",""Localization"":"""",""ItemValue"":200,""ItemLevel"":0,""Background"":{},""Icon"":{""spriteAtlas"":""RGTexture/sprite_atlas/items.spriteatlasv2"",""sprite"":""objects_pickable_4"",""tex"":""Assets/RGTexture/items/objects_pickable.png""},""IconPosition"":{""x"":0.0,""y"":0.0,""z"":0.0},""IconScale"":1.0,""IconRotation"":0.0}"
material_magic_orange,Material,Material,"{""Name"":""material_magic_orange"",""Localization"":"""",""ItemValue"":200,""ItemLevel"":0,""Background"":null,""Icon"":{""spriteAtlas"":""RGTexture/sprite_atlas/items.spriteatlasv2"",""sprite"":""objects_pickable_31"",""tex"":""Assets/RGTexture/items/objects_pickable.png""},""IconPosition"":{""x"":0.0,""y"":0.0,""z"":0.0},""IconScale"":1.0,""IconRotation"":0.0}"
material_magic_purple,Material,Material,"{""Name"":""material_magic_purple"",""Localization"":"""",""ItemValue"":200,""ItemLevel"":0,""Background"":{},""Icon"":{""spriteAtlas"":""RGTexture/sprite_atlas/items.spriteatlasv2"",""sprite"":""objects_pickable_3"",""tex"":""Assets/RGTexture/items/objects_pickable.png""},""IconPosition"":{""x"":0.0,""y"":0.0,""z"":0.0},""IconScale"":1.0,""IconRotation"":0.0}"
material_magic_red,Material,Material,"{""Name"":""material_magic_red"",""Localization"":"""",""ItemValue"":200,""ItemLevel"":0,""Background"":{},""Icon"":{""spriteAtlas"":""RGTexture/sprite_atlas/items.spriteatlasv2"",""sprite"":""objects_pickable_5"",""tex"":""Assets/RGTexture/items/objects_pickable.png""},""IconPosition"":{""x"":0.0,""y"":0.0,""z"":0.0},""IconScale"":1.0,""IconRotation"":0.0}"
material_plantpot_1,Material,Material,"{""Name"":""material_plantpot_1"",""Localization"":"""",""ItemValue"":500,""ItemLevel"":0,""Background"":{},""Icon"":{""spriteAtlas"":""RGTexture/sprite_atlas/items.spriteatlasv2"",""sprite"":""plantpot"",""tex"":""Assets/RGTexture/items/plantpot.png""},""IconPosition"":{""x"":0.0,""y"":0.0,""z"":0.0},""IconScale"":0.5,""IconRotation"":0.0}"
material_plantpot_2,Material,Material,"{""Name"":""material_plantpot_2"",""Localization"":"""",""ItemValue"":500,""ItemLevel"":0,""Background"":{},""Icon"":{""spriteAtlas"":""RGTexture/sprite_atlas/items.spriteatlasv2"",""sprite"":""plantpot"",""tex"":""Assets/RGTexture/items/plantpot.png""},""IconPosition"":{""x"":0.0,""y"":0.0,""z"":0.0},""IconScale"":0.5,""IconRotation"":0.0}"
material_plantpot_3,Material,Material,"{""Name"":""material_plantpot_3"",""Localization"":"""",""ItemValue"":500,""ItemLevel"":0,""Background"":{},""Icon"":{""spriteAtlas"":""RGTexture/sprite_atlas/items.spriteatlasv2"",""sprite"":""plantpot"",""tex"":""Assets/RGTexture/items/plantpot.png""},""IconPosition"":{""x"":0.0,""y"":0.0,""z"":0.0},""IconScale"":0.5,""IconRotation"":0.0}"
material_plantpot_4,Material,Material,"{""Name"":""material_plantpot_4"",""Localization"":"""",""ItemValue"":500,""ItemLevel"":0,""Background"":{},""Icon"":{""spriteAtlas"":""RGTexture/sprite_atlas/items.spriteatlasv2"",""sprite"":""plantpot"",""tex"":""Assets/RGTexture/items/plantpot.png""},""IconPosition"":{""x"":0.0,""y"":0.0,""z"":0.0},""IconScale"":0.5,""IconRotation"":0.0}"
material_postman_upgrade,Material,Material,"{""Name"":""material_postman_upgrade"",""Localization"":""item/general_token"",""ItemValue"":1,""ItemLevel"":0,""Background"":{},""Icon"":{""spriteAtlas"":""RGTexture/sprite_atlas/ui/common.spriteatlasv2"",""sprite"":""postman_upgrade"",""tex"":""Assets/RGTexture/ui/common/postman_upgrade.png""},""IconPosition"":{""x"":0.0,""y"":0.0,""z"":0.0},""IconScale"":1.0,""IconRotation"":0.0}"
material_rebornCard,Material,Material,"{""Name"":""material_rebornCard"",""Localization"":"""",""ItemValue"":500,""ItemLevel"":0,""Background"":{},""Icon"":{""spriteAtlas"":""RGTexture/sprite_atlas/ui/common.spriteatlasv2"",""sprite"":""ui_68"",""tex"":""Assets/RGTexture/ui/common/ui.png""},""IconPosition"":{""x"":0.0,""y"":0.0,""z"":0.0},""IconScale"":1.0,""IconRotation"":0.0}"
material_season_coin,Material,Material,"{""Name"":""material_season_coin"",""Localization"":"""",""ItemValue"":3,""ItemLevel"":0,""Background"":{},""Icon"":{""spriteAtlas"":""RGTexture/sprite_atlas/ui/common.spriteatlasv2"",""sprite"":""ui_season_coin_0"",""tex"":""Assets/RGTexture/ui/common/ui_season_coin.png""},""IconPosition"":{""x"":0.0,""y"":0.0,""z"":0.0},""IconScale"":2.0,""IconRotation"":0.0}"
material_season_treasure_box,Material,Material,"{""Name"":""material_season_treasure_box"",""Localization"":"""",""ItemValue"":3,""ItemLevel"":0,""Background"":{},""Icon"":{""spriteAtlas"":""RGTexture/sprite_atlas/ui/common.spriteatlasv2"",""sprite"":""ui_season_coin_3"",""tex"":""Assets/RGTexture/ui/common/ui_season_coin.png""},""IconPosition"":{""x"":0.0,""y"":0.0,""z"":0.0},""IconScale"":1.0,""IconRotation"":0.0}"
material_season_treasure_box_1,Material,Material,"{""Name"":""material_season_treasure_box_1"",""Localization"":"""",""ItemValue"":3,""ItemLevel"":0,""Background"":{},""Icon"":{""spriteAtlas"":""RGTexture/sprite_atlas/season_store.spriteatlasv2"",""sprite"":""treasure_box_1_2"",""tex"":""Assets/RGTexture/season_store/treasure_box_1.png""},""IconPosition"":{""x"":0.0,""y"":0.0,""z"":0.0},""IconScale"":1.0,""IconRotation"":0.0}"
material_season_treasure_box_2,Material,Material,"{""Name"":""material_season_treasure_box_2"",""Localization"":"""",""ItemValue"":3,""ItemLevel"":0,""Background"":{},""Icon"":{""spriteAtlas"":""RGTexture/sprite_atlas/season_store.spriteatlasv2"",""sprite"":""treasure_box_1_2"",""tex"":""Assets/RGTexture/season_store/treasure_box_1.png""},""IconPosition"":{""x"":0.0,""y"":0.0,""z"":0.0},""IconScale"":1.0,""IconRotation"":0.0}"
material_season_ticket_treasure_box_2,Material,Material,"{""Name"":""material_season_ticket_treasure_box_2"",""Localization"":"""",""ItemValue"":3,""ItemLevel"":0,""Background"":{},""Icon"":{""spriteAtlas"":""RGTexture/sprite_atlas/season_store.spriteatlasv2"",""sprite"":""cg_treasure_box_ticket"",""tex"":""Assets/RGTexture/season_store/cg_treasure_box_ticket.png""},""IconPosition"":{""x"":0.0,""y"":0.0,""z"":0.0},""IconScale"":1.0,""IconRotation"":0.0}"
material_ticket,Material,Material,"{""Name"":""material_ticket"",""Localization"":"""",""ItemValue"":500,""ItemLevel"":0,""Background"":{},""Icon"":{""spriteAtlas"":""RGTexture/sprite_atlas/items.spriteatlasv2"",""sprite"":""objects_pickable_7"",""tex"":""Assets/RGTexture/items/objects_pickable.png""},""IconPosition"":{""x"":0.0,""y"":0.0,""z"":0.0},""IconScale"":1.0,""IconRotation"":0.0}"
material_ticket_bossrush,Material,Material,"{""Name"":""material_ticket_bossrush"",""Localization"":"""",""ItemValue"":500,""ItemLevel"":0,""Background"":{},""Icon"":{""spriteAtlas"":""RGTexture/sprite_atlas/items.spriteatlasv2"",""sprite"":""objects_pickable_29"",""tex"":""Assets/RGTexture/items/objects_pickable.png""},""IconPosition"":{""x"":0.0,""y"":0.0,""z"":0.0},""IconScale"":1.0,""IconRotation"":0.0}"
material_wood,Material,Material,"{""Name"":""material_wood"",""Localization"":"""",""ItemValue"":30,""ItemLevel"":0,""Background"":{},""Icon"":{""spriteAtlas"":""RGTexture/sprite_atlas/items.spriteatlasv2"",""sprite"":""objects_pickable_10"",""tex"":""Assets/RGTexture/items/objects_pickable.png""},""IconPosition"":{""x"":0.0,""y"":0.0,""z"":0.0},""IconScale"":1.0,""IconRotation"":0.0}"
material_soul_fragment,Material,Material,"{""Name"":""material_soul_fragment"",""Localization"":"""",""ItemValue"":30,""ItemLevel"":0,""Background"":{},""Icon"":{""spriteAtlas"":""RGTexture/sprite_atlas/items.spriteatlasv2"",""sprite"":""soul_fragment"",""tex"":""Assets/RGTexture/items/soul_fragment.png""},""IconPosition"":{""x"":0.0,""y"":0.0,""z"":0.0},""IconScale"":1.0,""IconRotation"":0.0}"
material_activity_coin_halloween,Material,Material,"{""Name"":""material_activity_coin_halloween"",""Localization"":"""",""ItemValue"":30,""ItemLevel"":0,""Background"":{},""Icon"":{""spriteAtlas"":""RGTexture/sprite_atlas/items.spriteatlasv2"",""sprite"":""soul_fragment"",""tex"":""Assets/RGTexture/items/soul_fragment.png""},""IconPosition"":{""x"":0.0,""y"":0.0,""z"":0.0},""IconScale"":1.0,""IconRotation"":0.0}"
material_combo_gun_spark_currency,Material,Material,"{""Name"":""material_combo_gun_spark_currency"",""Localization"":"""",""ItemValue"":1,""ItemLevel"":0,""Background"":{},""Icon"":{""spriteAtlas"":""RGTexture/sprite_atlas/season_store.spriteatlasv2"",""sprite"":""cg_treasure_box_spark"",""tex"":""Assets/RGTexture/season_store/cg_treasure_box_spark.png""},""IconPosition"":{""x"":0.0,""y"":0.0,""z"":0.0},""IconScale"":2.0,""IconRotation"":0.0}"
feature_more_bag_capacity,Material,Material,"{""Name"":""feature_more_bag_capacity"",""Localization"":"""",""ItemValue"":30,""ItemLevel"":0,""Background"":{},""Icon"":{""spriteAtlas"":""RGTexture/sprite_atlas/season_store.spriteatlasv2"",""sprite"":""feature_more_bag_capacity_0"",""tex"":""Assets/RGTexture/season_store/feature_more_bag_capacity.png""},""IconPosition"":{""x"":0.0,""y"":0.0,""z"":0.0},""IconScale"":1.0,""IconRotation"":0.0}"
material_fusion_fragment,Material,Material,"{""Name"":""material_fusion_fragment"",""Localization"":"""",""ItemValue"":30,""ItemLevel"":0,""Background"":{},""Icon"":{""spriteAtlas"":""RGTexture/sprite_atlas/items.spriteatlasv2"",""sprite"":""fusion_fragment"",""tex"":""Assets/RGTexture/items/fusion_fragment.png""},""IconPosition"":{""x"":0.0,""y"":0.0,""z"":0.0},""IconScale"":1.0,""IconRotation"":0.0}"
material_zongzi_fragment,Material,Material,"{""Name"":""material_zongzi_fragment"",""Localization"":"""",""ItemValue"":30,""ItemLevel"":0,""Background"":{},""Icon"":{""spriteAtlas"":""RGTexture/sprite_atlas/items.spriteatlasv2"",""sprite"":""zongzi_fragment"",""tex"":""Assets/RGTexture/items/zongzi_fragment.png""},""IconPosition"":{""x"":0.0,""y"":0.0,""z"":0.0},""IconScale"":1.0,""IconRotation"":0.0}"
feature_more_select_seat_season_troop2,Material,Material,"{""Name"":""feature_more_select_seat_season_troop2"",""Localization"":"""",""ItemValue"":30,""ItemLevel"":0,""Background"":{},""Icon"":{""spriteAtlas"":""RGTexture/sprite_atlas/season_store.spriteatlasv2"",""sprite"":""feature_more_select_seat_season_troop2"",""tex"":""Assets/ModeSeason/Troop2/Textures/UI/SeasonStore/feature_more_select_seat_season_troop2.png""},""IconPosition"":{""x"":0.0,""y"":0.0,""z"":0.0},""IconScale"":1.0,""IconRotation"":0.0}"
feature_season_troop2_skill_haste,Material,Material,"{""Name"":""feature_season_troop2_skill_haste"",""Localization"":"""",""ItemValue"":30,""ItemLevel"":0,""Background"":{},""Icon"":{""spriteAtlas"":""RGTexture/sprite_atlas/season_store.spriteatlasv2"",""sprite"":""CommanderAbilityHaste"",""tex"":""Assets/ModeSeason/Troop2/Textures/Ability/CommanderAbilityHaste.png""},""IconPosition"":{""x"":0.0,""y"":0.0,""z"":0.0},""IconScale"":1.0,""IconRotation"":0.0}"
feature_season_troop2_skill_frostburst,Material,Material,"{""Name"":""feature_season_troop2_skill_frostburst"",""Localization"":"""",""ItemValue"":30,""ItemLevel"":0,""Background"":{},""Icon"":{""spriteAtlas"":""RGTexture/sprite_atlas/season_store.spriteatlasv2"",""sprite"":""CommanderAbilityFrostBurst"",""tex"":""Assets/ModeSeason/Troop2/Textures/Ability/CommanderAbilityFrostBurst.png""},""IconPosition"":{""x"":0.0,""y"":0.0,""z"":0.0},""IconScale"":1.0,""IconRotation"":0.0}"
feature_season_troop2_skill_shield,Material,Material,"{""Name"":""feature_season_troop2_skill_shield"",""Localization"":"""",""ItemValue"":30,""ItemLevel"":0,""Background"":{},""Icon"":{""spriteAtlas"":""RGTexture/sprite_atlas/season_store.spriteatlasv2"",""sprite"":""CommanderAbilityShield"",""tex"":""Assets/ModeSeason/Troop2/Textures/Ability/CommanderAbilityShield.png""},""IconPosition"":{""x"":0.0,""y"":0.0,""z"":0.0},""IconScale"":1.0,""IconRotation"":0.0}"
feature_season_troop2_skill_powerup,Material,Material,"{""Name"":""feature_season_troop2_skill_powerup"",""Localization"":"""",""ItemValue"":30,""ItemLevel"":0,""Background"":{},""Icon"":{""spriteAtlas"":""RGTexture/sprite_atlas/season_store.spriteatlasv2"",""sprite"":""CommanderAbilityPowerUp"",""tex"":""Assets/ModeSeason/Troop2/Textures/Ability/CommanderAbilityPowerUp.png""},""IconPosition"":{""x"":0.0,""y"":0.0,""z"":0.0},""IconScale"":1.0,""IconRotation"":0.0}"
feature_season_troop2_skill_bonus,Material,Material,"{""Name"":""feature_season_troop2_skill_bonus"",""Localization"":"""",""ItemValue"":30,""ItemLevel"":0,""Background"":{},""Icon"":{""spriteAtlas"":""RGTexture/sprite_atlas/season_store.spriteatlasv2"",""sprite"":""CommanderAbilityBonus"",""tex"":""Assets/ModeSeason/Troop2/Textures/Ability/CommanderAbilityBonus.png""},""IconPosition"":{""x"":0.0,""y"":0.0,""z"":0.0},""IconScale"":1.0,""IconRotation"":0.0}"
material_activity_coin_bug_feature,Material,Material,"{""Name"":""material_activity_coin_bug_feature"",""Localization"":"""",""ItemValue"":30,""ItemLevel"":0,""Background"":{},""Icon"":{""spriteAtlas"":""RGTexture/sprite_atlas/items.spriteatlasv2"",""sprite"":""material_activity_coin_bug_feature"",""tex"":""Assets/RGTexture/items/material_activity_coin_bug_feature.png""},""IconPosition"":{""x"":0.0,""y"":0.0,""z"":0.0},""IconScale"":1.0,""IconRotation"":0.0}"
material_activity_coin_bug_feature2,Material,Material,"{""Name"":""material_activity_coin_bug_feature2"",""Localization"":"""",""ItemValue"":30,""ItemLevel"":0,""Background"":{},""Icon"":{""spriteAtlas"":""RGTexture/sprite_atlas/items.spriteatlasv2"",""sprite"":""material_activity_coin_bug_feature"",""tex"":""Assets/RGTexture/items/material_activity_coin_bug_feature.png""},""IconPosition"":{""x"":0.0,""y"":0.0,""z"":0.0},""IconScale"":1.0,""IconRotation"":0.0}"
material_activity_coin_bug_feature3,Material,Material,"{""Name"":""material_activity_coin_bug_feature3"",""Localization"":"""",""ItemValue"":30,""ItemLevel"":0,""Background"":{},""Icon"":{""spriteAtlas"":""RGTexture/sprite_atlas/items.spriteatlasv2"",""sprite"":""material_activity_coin_bug_feature"",""tex"":""Assets/RGTexture/items/material_activity_coin_bug_feature.png""},""IconPosition"":{""x"":0.0,""y"":0.0,""z"":0.0},""IconScale"":1.0,""IconRotation"":0.0}"
feature_season_troop2_init_present,Material,Material,"{""Name"":""feature_season_troop2_init_present"",""Localization"":"""",""ItemValue"":30,""ItemLevel"":0,""Background"":{},""Icon"":{""spriteAtlas"":""RGTexture/sprite_atlas/season_store.spriteatlasv2"",""sprite"":""feature_season_troop2_init_present"",""tex"":""Assets/ModeSeason/Troop2/Textures/UI/SeasonStore/feature_season_troop2_init_present.png""},""IconPosition"":{""x"":0.0,""y"":0.0,""z"":0.0},""IconScale"":0.6,""IconRotation"":0.0}"
feature_season_troop2_auto_store_level_up,Material,Material,"{""Name"":""feature_season_troop2_auto_store_level_up"",""Localization"":"""",""ItemValue"":30,""ItemLevel"":0,""Background"":{},""Icon"":{""spriteAtlas"":""RGTexture/sprite_atlas/season_store.spriteatlasv2"",""sprite"":""feature_season_troop2_auto_store_level_up"",""tex"":""Assets/ModeSeason/Troop2/Textures/UI/SeasonStore/feature_season_troop2_auto_store_level_up.png""},""IconPosition"":{""x"":0.0,""y"":0.0,""z"":0.0},""IconScale"":0.7,""IconRotation"":0.0}"
feature_season_troop2_extra_team_size,Material,Material,"{""Name"":""feature_season_troop2_extra_team_size"",""Localization"":"""",""ItemValue"":30,""ItemLevel"":0,""Background"":{},""Icon"":{""spriteAtlas"":""RGTexture/sprite_atlas/season_store.spriteatlasv2"",""sprite"":""feature_season_troop2_extra_team_size"",""tex"":""Assets/ModeSeason/Troop2/Textures/UI/SeasonStore/feature_season_troop2_extra_team_size.png""},""IconPosition"":{""x"":0.0,""y"":0.0,""z"":0.0},""IconScale"":1.0,""IconRotation"":0.0}"
material_activity_coin_school,Material,Material,"{""Name"":""material_activity_coin_school"",""Localization"":"""",""ItemValue"":30,""ItemLevel"":0,""Background"":{},""Icon"":{""spriteAtlas"":""RGTexture/sprite_atlas/items.spriteatlasv2"",""sprite"":""material_activity_coin_school"",""tex"":""Assets/RGTexture/items/material_activity_coin_school.png""},""IconPosition"":{""x"":0.0,""y"":0.0,""z"":0.0},""IconScale"":1.0,""IconRotation"":0.0}"
material_activity_coin_school_1,Material,Material,"{""Name"":""material_activity_coin_school_1"",""Localization"":""material_activity_coin_school"",""ItemValue"":30,""ItemLevel"":0,""Background"":{},""Icon"":{""spriteAtlas"":""RGTexture/sprite_atlas/items.spriteatlasv2"",""sprite"":""material_activity_coin_school"",""tex"":""Assets/RGTexture/items/material_activity_coin_school.png""},""IconPosition"":{""x"":0.0,""y"":0.0,""z"":0.0},""IconScale"":1.0,""IconRotation"":0.0}"
material_halloween_new_money,Material,Material,"{""Name"":""material_halloween_new_money"",""Localization"":""activity/halloween/new_money"",""ItemValue"":30,""ItemLevel"":0,""Background"":{},""Icon"":{""spriteAtlas"":""RGTexture/sprite_atlas/items.spriteatlasv2"",""sprite"":""coin_soul_fragment"",""tex"":""Assets/RGTexture/items/coin_soul_fragment.png""},""IconPosition"":{""x"":0.0,""y"":0.0,""z"":0.0},""IconScale"":1.0,""IconRotation"":0.0}"
material_activity_coin_dream,Material,Material,"{""Name"":""material_activity_coin_dream"",""Localization"":"""",""ItemValue"":30,""ItemLevel"":0,""Background"":{},""Icon"":{""spriteAtlas"":""RGTexture/sprite_atlas/items.spriteatlasv2"",""sprite"":""material_activity_coin_dream"",""tex"":""Assets/RGTexture/items/material_activity_coin_dream.png""},""IconPosition"":{""x"":0.0,""y"":0.0,""z"":0.0},""IconScale"":1.0,""IconRotation"":0.0}"
material_activity_christmas2024,Material,Material,"{""Name"":""material_activity_christmas2024"",""Localization"":"""",""ItemValue"":30,""ItemLevel"":0,""Background"":{},""Icon"":{""spriteAtlas"":""RGTexture/sprite_atlas/items.spriteatlasv2"",""sprite"":""material_activity_christmas2024"",""tex"":""Assets/RGTexture/items/material_activity_christmas2024.png""},""IconPosition"":{""x"":0.0,""y"":0.0,""z"":0.0},""IconScale"":1.0,""IconRotation"":0.0}"
material_season_treasure_box_3,Material,Material,"{""Name"":""material_season_treasure_box_3"",""Localization"":"""",""ItemValue"":3,""ItemLevel"":0,""Background"":{},""Icon"":{""spriteAtlas"":""RGTexture/sprite_atlas/season_store.spriteatlasv2"",""sprite"":""treasure_box_3_2"",""tex"":""Assets/RGTexture/season_store/treasure_box_3.png""},""IconPosition"":{""x"":0.0,""y"":0.0,""z"":0.0},""IconScale"":1.0,""IconRotation"":0.0}"
material_activity_coin_fire,Material,Material,"{""Name"":""material_activity_coin_fire"",""Localization"":"""",""ItemValue"":30,""ItemLevel"":0,""Background"":{},""Icon"":{""spriteAtlas"":""RGTexture/sprite_atlas/items.spriteatlasv2"",""sprite"":""material_activity_coin_fire"",""tex"":""Assets/RGTexture/items/material_activity_coin_fire.png""},""IconPosition"":{""x"":0.0,""y"":0.0,""z"":0.0},""IconScale"":1.0,""IconRotation"":0.0}"
material_activity_coin_fire2,Material,Material,"{""Name"":""material_activity_coin_fire2"",""Localization"":"""",""ItemValue"":30,""ItemLevel"":0,""Background"":{},""Icon"":{""spriteAtlas"":""RGTexture/sprite_atlas/items.spriteatlasv2"",""sprite"":""material_activity_coin_fire2"",""tex"":""Assets/RGTexture/items/material_activity_coin_fire2.png""},""IconPosition"":{""x"":0.0,""y"":0.0,""z"":0.0},""IconScale"":1.0,""IconRotation"":0.0}"
material_activity_coin_reborn_egg,Material,Material,"{""Name"":""material_activity_coin_reborn_egg"",""Localization"":"""",""ItemValue"":30,""ItemLevel"":0,""Background"":{},""Icon"":{""spriteAtlas"":""RGTexture/sprite_atlas/items.spriteatlasv2"",""sprite"":""material_activity_coin_reborn_egg"",""tex"":""Assets/RGTexture/items/material_activity_coin_reborn_egg.png""},""IconPosition"":{""x"":0.0,""y"":0.0,""z"":0.0},""IconScale"":1.0,""IconRotation"":0.0}"
material_activity_coin_fusion_2025,Material,Material,"{""Name"":""material_activity_coin_fusion_2025"",""Localization"":""material_fusion_fragment"",""ItemValue"":30,""ItemLevel"":0,""Background"":{},""Icon"":{""spriteAtlas"":""RGTexture/sprite_atlas/items.spriteatlasv2"",""sprite"":""fusion_fragment_2025"",""tex"":""Assets/RGTexture/items/fusion_fragment_2025.png""},""IconPosition"":{""x"":0.0,""y"":0.0,""z"":0.0},""IconScale"":1.0,""IconRotation"":0.0}"
material_activity_coin_zongzi,Material,Material,"{""Name"":""material_activity_coin_zongzi"",""Localization"":"""",""ItemValue"":30,""ItemLevel"":0,""Background"":{},""Icon"":{""spriteAtlas"":""RGTexture/sprite_atlas/items.spriteatlasv2"",""sprite"":""zongzi_fragment"",""tex"":""Assets/RGTexture/items/zongzi_fragment.png""},""IconPosition"":{""x"":0.0,""y"":0.0,""z"":0.0},""IconScale"":1.0,""IconRotation"":0.0}"
material_activity_coin_zongzi2026,Material,Material,"{""Name"":""material_activity_coin_zongzi2026"",""Localization"":"""",""ItemValue"":30,""ItemLevel"":0,""Background"":{},""Icon"":{""spriteAtlas"":""RGTexture/sprite_atlas/items.spriteatlasv2"",""sprite"":""material_activity_coin_zongzi2026"",""tex"":""Assets/RGTexture/items/material_activity_coin_zongzi2026.png""},""IconPosition"":{""x"":0.0,""y"":0.0,""z"":0.0},""IconScale"":1.0,""IconRotation"":0.0}"
material_activity_coin_mecha2,Material,Material,"{""Name"":""material_activity_coin_mecha2"",""Localization"":"""",""ItemValue"":30,""ItemLevel"":0,""Background"":{},""Icon"":{""spriteAtlas"":""RGTexture/sprite_atlas/items.spriteatlasv2"",""sprite"":""material_activity_coin_mecha2"",""tex"":""Assets/RGTexture/items/material_activity_coin_mecha2.png""},""IconPosition"":{""x"":0.0,""y"":0.2,""z"":0.0},""IconScale"":0.7,""IconRotation"":0.0}"
material_activity_coin_mecha2_ingame,Material,Material,"{""Name"":""material_activity_coin_mecha2_ingame"",""Localization"":"""",""ItemValue"":30,""ItemLevel"":0,""Background"":{},""Icon"":{""spriteAtlas"":""RGTexture/sprite_atlas/items.spriteatlasv2"",""sprite"":""material_activity_coin_mecha2_ingame"",""tex"":""Assets/RGTexture/items/material_activity_coin_mecha2_ingame.png""},""IconPosition"":{""x"":0.0,""y"":0.0,""z"":0.0},""IconScale"":1.3,""IconRotation"":0.0}"
material_activity_coin_legend,Material,Material,"{""Name"":""material_activity_coin_legend"",""Localization"":"""",""ItemValue"":30,""ItemLevel"":0,""Background"":{},""Icon"":{""spriteAtlas"":""RGTexture/sprite_atlas/items.spriteatlasv2"",""sprite"":""material_activity_coin_legend"",""tex"":""Assets/RGTexture/items/material_activity_coin_legend.png""},""IconPosition"":{""x"":0.0,""y"":0.0,""z"":0.0},""IconScale"":1.0,""IconRotation"":0.0}"
material_activity_coin_legend2,Material,Material,"{""Name"":""material_activity_coin_legend2"",""Localization"":"""",""ItemValue"":30,""ItemLevel"":0,""Background"":{},""Icon"":{""spriteAtlas"":""RGTexture/sprite_atlas/items.spriteatlasv2"",""sprite"":""material_activity_coin_legend"",""tex"":""Assets/RGTexture/items/material_activity_coin_legend.png""},""IconPosition"":{""x"":0.0,""y"":0.0,""z"":0.0},""IconScale"":1.0,""IconRotation"":0.0}"
material_activity_coin_legend_yin,Material,Material,"{""Name"":""material_activity_coin_legend_yin"",""Localization"":"""",""ItemValue"":30,""ItemLevel"":0,""Background"":{},""Icon"":{""spriteAtlas"":""RGTexture/sprite_atlas/items.spriteatlasv2"",""sprite"":""material_activity_coin_legend_yin"",""tex"":""Assets/RGTexture/items/material_activity_coin_legend_yin.png""},""IconPosition"":{""x"":0.0,""y"":0.0,""z"":0.0},""IconScale"":1.0,""IconRotation"":0.0}"
material_activity_coin_legend_token,Material,Material,"{""Name"":""material_activity_coin_legend_token"",""Localization"":"""",""ItemValue"":30,""ItemLevel"":0,""Background"":{},""Icon"":{""spriteAtlas"":""RGTexture/sprite_atlas/items.spriteatlasv2"",""sprite"":""material_activity_coin_legend_token"",""tex"":""Assets/RGTexture/items/material_activity_coin_legend_token.png""},""IconPosition"":{""x"":0.0,""y"":0.0,""z"":0.0},""IconScale"":0.82,""IconRotation"":0.0}"
material_activity_coin_legend_safe_token,Material,Material,"{""Name"":""material_activity_coin_legend_safe_token"",""Localization"":"""",""ItemValue"":30,""ItemLevel"":0,""Background"":{},""Icon"":{""spriteAtlas"":""RGTexture/sprite_atlas/items.spriteatlasv2"",""sprite"":""material_activity_coin_legend_safe_token"",""tex"":""Assets/RGTexture/items/material_activity_coin_legend_safe_token.png""},""IconPosition"":{""x"":0.0,""y"":0.0,""z"":0.0},""IconScale"":0.82,""IconRotation"":0.0}"
material_activity_coin_element,Material,Material,"{""Name"":""material_activity_coin_element"",""Localization"":"""",""ItemValue"":30,""ItemLevel"":0,""Background"":{},""Icon"":{""spriteAtlas"":""RGTexture/sprite_atlas/items.spriteatlasv2"",""sprite"":""material_activity_coin_element"",""tex"":""Assets/RGTexture/items/material_activity_coin_element.png""},""IconPosition"":{""x"":0.0,""y"":0.0,""z"":0.0},""IconScale"":1.0,""IconRotation"":0.0}"
material_activity_coin_plant,Material,Material,"{""Name"":""material_activity_coin_plant"",""Localization"":"""",""ItemValue"":30,""ItemLevel"":0,""Background"":{},""Icon"":{""spriteAtlas"":""RGTexture/sprite_atlas/items.spriteatlasv2"",""sprite"":""material_activity_coin_plant"",""tex"":""Assets/RGTexture/items/material_activity_coin_plant.png""},""IconPosition"":{""x"":0.0,""y"":0.0,""z"":0.0},""IconScale"":1.0,""IconRotation"":0.0}"
material_activity_coin_heroball,Material,Material,"{""Name"":""material_activity_coin_heroball"",""Localization"":"""",""ItemValue"":30,""ItemLevel"":0,""Background"":{},""Icon"":{""spriteAtlas"":""RGTexture/sprite_atlas/items.spriteatlasv2"",""sprite"":""material_activity_coin_heroball"",""tex"":""Assets/RGTexture/items/material_activity_coin_heroball.png""},""IconPosition"":{""x"":0.0,""y"":0.0,""z"":0.0},""IconScale"":1.0,""IconRotation"":0.0}"
material_activity_coin_gunmaster,Material,Material,"{""Name"":""material_activity_coin_gunmaster"",""Localization"":"""",""ItemValue"":30,""ItemLevel"":0,""Background"":{},""Icon"":{""spriteAtlas"":""RGTexture/sprite_atlas/items.spriteatlasv2"",""sprite"":""material_activity_coin_gunmaster"",""tex"":""Assets/RGTexture/items/material_activity_coin_gunmaster.png""},""IconPosition"":{""x"":0.0,""y"":0.0,""z"":0.0},""IconScale"":1.0,""IconRotation"":0.0}"
material_zongzi_leaf_basic,Material,Material,"{""Name"":""material_zongzi_leaf_basic"",""Localization"":"""",""ItemValue"":30,""ItemLevel"":0,""Background"":{},""Icon"":{""spriteAtlas"":""RGTexture/sprite_atlas/items.spriteatlasv2"",""sprite"":""material_zongzi_leaf_basic"",""tex"":""Assets/RGTexture/items/material_zongzi_leaf_basic.png""},""IconPosition"":{""x"":0.0,""y"":0.0,""z"":0.0},""IconScale"":1.0,""IconRotation"":0.0}"
material_zongzi_leaf_fire,Material,Material,"{""Name"":""material_zongzi_leaf_fire"",""Localization"":"""",""ItemValue"":30,""ItemLevel"":0,""Background"":{},""Icon"":{""spriteAtlas"":""RGTexture/sprite_atlas/items.spriteatlasv2"",""sprite"":""material_zongzi_leaf_fire"",""tex"":""Assets/RGTexture/items/material_zongzi_leaf_fire.png""},""IconPosition"":{""x"":0.0,""y"":0.0,""z"":0.0},""IconScale"":1.0,""IconRotation"":0.0}"
material_zongzi_leaf_guard,Material,Material,"{""Name"":""material_zongzi_leaf_guard"",""Localization"":"""",""ItemValue"":30,""ItemLevel"":0,""Background"":{},""Icon"":{""spriteAtlas"":""RGTexture/sprite_atlas/items.spriteatlasv2"",""sprite"":""material_zongzi_leaf_guard"",""tex"":""Assets/RGTexture/items/material_zongzi_leaf_guard.png""},""IconPosition"":{""x"":0.0,""y"":0.0,""z"":0.0},""IconScale"":1.0,""IconRotation"":0.0}"
material_zongzi_leaf_thunder,Material,Material,"{""Name"":""material_zongzi_leaf_thunder"",""Localization"":"""",""ItemValue"":30,""ItemLevel"":0,""Background"":{},""Icon"":{""spriteAtlas"":""RGTexture/sprite_atlas/items.spriteatlasv2"",""sprite"":""material_zongzi_leaf_thunder"",""tex"":""Assets/RGTexture/items/material_zongzi_leaf_thunder.png""},""IconPosition"":{""x"":0.0,""y"":0.0,""z"":0.0},""IconScale"":1.0,""IconRotation"":0.0}"
material_zongzi_leaf_wind,Material,Material,"{""Name"":""material_zongzi_leaf_wind"",""Localization"":"""",""ItemValue"":30,""ItemLevel"":0,""Background"":{},""Icon"":{""spriteAtlas"":""RGTexture/sprite_atlas/items.spriteatlasv2"",""sprite"":""material_zongzi_leaf_wind"",""tex"":""Assets/RGTexture/items/material_zongzi_leaf_wind.png""},""IconPosition"":{""x"":0.0,""y"":0.0,""z"":0.0},""IconScale"":1.0,""IconRotation"":0.0}"
material_mech_fragment_m_mecha_normal_2s,Material,MechFragment,"{""MaxCount"":8,""Blueprint"":{""item"":""blueprint_m_mecha_normal_2s""},""Name"":""material_mech_fragment_m_mecha_normal_2s"",""Localization"":"""",""ItemValue"":1200,""ItemLevel"":5,""Background"":{},""Icon"":{""spriteAtlas"":""RGTexture/sprite_atlas/items.spriteatlasv2"",""sprite"":""blueprint_mecha_3"",""tex"":""Assets/RGTexture/items/blueprint_mecha.png""},""IconPosition"":{""x"":0.0,""y"":0.0,""z"":0.0},""IconScale"":1.0,""IconRotation"":0.0}"
material_mech_fragment_m_mecha_normal_b,Material,MechFragment,"{""MaxCount"":8,""Blueprint"":{""item"":""blueprint_m_mecha_normal_b""},""Name"":""material_mech_fragment_m_mecha_normal_b"",""Localization"":"""",""ItemValue"":1200,""ItemLevel"":4,""Background"":{},""Icon"":{""spriteAtlas"":""RGTexture/sprite_atlas/items.spriteatlasv2"",""sprite"":""blueprint_mecha_0"",""tex"":""Assets/RGTexture/items/blueprint_mecha.png""},""IconPosition"":{""x"":0.0,""y"":0.0,""z"":0.0},""IconScale"":1.0,""IconRotation"":0.0}"
material_mech_fragment_m_mecha_normal_d,Material,MechFragment,"{""MaxCount"":8,""Blueprint"":{""item"":""blueprint_m_mecha_normal_d""},""Name"":""material_mech_fragment_m_mecha_normal_d"",""Localization"":"""",""ItemValue"":1200,""ItemLevel"":4,""Background"":{},""Icon"":{""spriteAtlas"":""RGTexture/sprite_atlas/items.spriteatlasv2"",""sprite"":""blueprint_mecha_1"",""tex"":""Assets/RGTexture/items/blueprint_mecha.png""},""IconPosition"":{""x"":0.0,""y"":0.0,""z"":0.0},""IconScale"":1.0,""IconRotation"":0.0}"
material_mech_fragment_m_mecha_normal_e,Material,MechFragment,"{""MaxCount"":8,""Blueprint"":{""item"":""blueprint_m_mecha_normal_e""},""Name"":""material_mech_fragment_m_mecha_normal_e"",""Localization"":"""",""ItemValue"":1200,""ItemLevel"":4,""Background"":{},""Icon"":{""spriteAtlas"":""RGTexture/sprite_atlas/items.spriteatlasv2"",""sprite"":""blueprint_mecha_2"",""tex"":""Assets/RGTexture/items/blueprint_mecha.png""},""IconPosition"":{""x"":0.0,""y"":0.0,""z"":0.0},""IconScale"":1.0,""IconRotation"":0.0}"
material_mech_fragment_m_mech_8,Material,MechFragment,"{""MaxCount"":4,""Blueprint"":{""item"":""blueprint_m_mech_8""},""Name"":""material_mech_fragment_m_mech_8"",""Localization"":"""",""ItemValue"":1200,""ItemLevel"":5,""Background"":{},""Icon"":{""spriteAtlas"":""RGTexture/sprite_atlas/items.spriteatlasv2"",""sprite"":""blueprint_mech_8"",""tex"":""Assets/RGTexture/items/blueprint_mech_8.png""},""IconPosition"":{""x"":0.0,""y"":0.0,""z"":0.0},""IconScale"":1.0,""IconRotation"":0.0}"
material_mech_fragment_m_mech_coin,Material,MechFragment,"{""MaxCount"":8,""Blueprint"":{""item"":""""},""Name"":""material_mech_fragment_m_mech_coin"",""Localization"":"""",""ItemValue"":1200,""ItemLevel"":3,""Background"":{},""Icon"":{""spriteAtlas"":""RGTexture/sprite_atlas/items.spriteatlasv2"",""sprite"":""blueprint_mech_coin"",""tex"":""Assets/RGTexture/items/blueprint_mech_coin.png""},""IconPosition"":{""x"":0.0,""y"":0.0,""z"":0.0},""IconScale"":1.0,""IconRotation"":0.0}"
material_weapon_fragment_weapon_159,Material,WeaponFragment,"{""MaxCount"":8,""Blueprint"":{""item"":""blueprint_evolution_weapon_159""},""Name"":""material_weapon_fragment_weapon_159"",""Localization"":"""",""ItemValue"":1200,""ItemLevel"":5,""Background"":{""spriteAtlas"":""RGTexture/sprite_atlas/items.spriteatlasv2"",""sprite"":""weapon_evolution_fragment_ui"",""tex"":""Assets/RGTexture/items/weapon_evolution_fragment_ui.png""},""Icon"":{""spriteAtlas"":""RGTexture/sprite_atlas/weapon.spriteatlasv2"",""sprite"":""weapons2_70"",""tex"":""Assets/RGTexture/weapon/weapons2.png""},""IconPosition"":{""x"":-0.3,""y"":0.0,""z"":0.0},""IconScale"":0.9,""IconRotation"":0.0}"
material_weapon_fragment_weapon_160,Material,WeaponFragment,"{""MaxCount"":8,""Blueprint"":{""item"":""blueprint_evolution_weapon_160""},""Name"":""material_weapon_fragment_weapon_160"",""Localization"":"""",""ItemValue"":1200,""ItemLevel"":5,""Background"":{""spriteAtlas"":""RGTexture/sprite_atlas/items.spriteatlasv2"",""sprite"":""weapon_evolution_fragment_ui"",""tex"":""Assets/RGTexture/items/weapon_evolution_fragment_ui.png""},""Icon"":{""spriteAtlas"":""RGTexture/sprite_atlas/weapon.spriteatlasv2"",""sprite"":""weapons2_75"",""tex"":""Assets/RGTexture/weapon/weapons2.png""},""IconPosition"":{""x"":-0.08,""y"":-0.1,""z"":0.0},""IconScale"":0.6,""IconRotation"":0.0}"
material_weapon_fragment_weapon_366,Material,WeaponFragment,"{""MaxCount"":8,""Blueprint"":{""item"":""blueprint_evolution_weapon_366""},""Name"":""material_weapon_fragment_weapon_366"",""Localization"":"""",""ItemValue"":1200,""ItemLevel"":5,""Background"":{""spriteAtlas"":""RGTexture/sprite_atlas/items.spriteatlasv2"",""sprite"":""weapon_evolution_fragment_ui"",""tex"":""Assets/RGTexture/items/weapon_evolution_fragment_ui.png""},""Icon"":{""spriteAtlas"":""RGTexture/sprite_atlas/weapon.spriteatlasv2"",""sprite"":""w366_icon"",""tex"":""Assets/RGTexture/weapon/weapon_366/w366_icon.png""},""IconPosition"":{""x"":0.0,""y"":0.0,""z"":0.0},""IconScale"":0.7,""IconRotation"":0.0}"
material_weapon_fragment_weapon_367,Material,WeaponFragment,"{""MaxCount"":8,""Blueprint"":{""item"":""blueprint_evolution_weapon_367""},""Name"":""material_weapon_fragment_weapon_367"",""Localization"":"""",""ItemValue"":1200,""ItemLevel"":5,""Background"":{""spriteAtlas"":""RGTexture/sprite_atlas/items.spriteatlasv2"",""sprite"":""weapon_evolution_fragment_ui"",""tex"":""Assets/RGTexture/items/weapon_evolution_fragment_ui.png""},""Icon"":{""spriteAtlas"":""RGTexture/sprite_atlas/weapon.spriteatlasv2"",""sprite"":""w367_icon"",""tex"":""Assets/RGTexture/weapon/weapon_367/w367_icon.png""},""IconPosition"":{""x"":0.0,""y"":0.0,""z"":0.0},""IconScale"":0.7,""IconRotation"":0.0}"
material_weapon_fragment_weapon_131,Material,WeaponFragment,"{""MaxCount"":8,""Blueprint"":{""item"":""blueprint_evolution_weapon_131""},""Name"":""material_weapon_fragment_weapon_131"",""Localization"":"""",""ItemValue"":1200,""ItemLevel"":5,""Background"":{""spriteAtlas"":""RGTexture/sprite_atlas/items.spriteatlasv2"",""sprite"":""weapon_evolution_fragment_ui"",""tex"":""Assets/RGTexture/items/weapon_evolution_fragment_ui.png""},""Icon"":{""spriteAtlas"":""RGTexture/sprite_atlas/weapon.spriteatlasv2"",""sprite"":""weapons2_52"",""tex"":""Assets/RGTexture/weapon/weapons2.png""},""IconPosition"":{""x"":-0.09,""y"":-0.05,""z"":0.0},""IconScale"":0.59,""IconRotation"":0.0}"
material_weapon_fragment_weapon_346,Material,WeaponFragment,"{""MaxCount"":8,""Blueprint"":{""item"":""blueprint_evolution_weapon_346""},""Name"":""material_weapon_fragment_weapon_346"",""Localization"":"""",""ItemValue"":1200,""ItemLevel"":5,""Background"":{""spriteAtlas"":""RGTexture/sprite_atlas/items.spriteatlasv2"",""sprite"":""weapon_evolution_fragment_ui"",""tex"":""Assets/RGTexture/items/weapon_evolution_fragment_ui.png""},""Icon"":{""spriteAtlas"":""RGTexture/sprite_atlas/weapon.spriteatlasv2"",""sprite"":""weapons5_143"",""tex"":""Assets/RGTexture/weapon/weapons5.png""},""IconPosition"":{""x"":0.0,""y"":0.0,""z"":0.0},""IconScale"":1.4,""IconRotation"":0.0}"
material_weapon_fragment_weapon_207,Material,WeaponFragment,"{""MaxCount"":8,""Blueprint"":{""item"":""blueprint_evolution_weapon_207""},""Name"":""material_weapon_fragment_weapon_207"",""Localization"":"""",""ItemValue"":1200,""ItemLevel"":5,""Background"":{""spriteAtlas"":""RGTexture/sprite_atlas/items.spriteatlasv2"",""sprite"":""weapon_evolution_fragment_ui"",""tex"":""Assets/RGTexture/items/weapon_evolution_fragment_ui.png""},""Icon"":{""spriteAtlas"":""RGTexture/sprite_atlas/weapon.spriteatlasv2"",""sprite"":""weapons3_0"",""tex"":""Assets/RGTexture/weapon/weapons3.png""},""IconPosition"":{""x"":0.0,""y"":0.05,""z"":0.0},""IconScale"":0.7,""IconRotation"":0.0}"
material_weapon_fragment_weapon_108,Material,WeaponFragment,"{""MaxCount"":8,""Blueprint"":{""item"":""blueprint_evolution_weapon_108""},""Name"":""material_weapon_fragment_weapon_108"",""Localization"":"""",""ItemValue"":1200,""ItemLevel"":5,""Background"":{""spriteAtlas"":""RGTexture/sprite_atlas/items.spriteatlasv2"",""sprite"":""weapon_evolution_fragment_ui"",""tex"":""Assets/RGTexture/items/weapon_evolution_fragment_ui.png""},""Icon"":{""spriteAtlas"":""RGTexture/sprite_atlas/weapon.spriteatlasv2"",""sprite"":""weapon_108"",""tex"":""Assets/RGTexture/weapon/weapon_108.png""},""IconPosition"":{""x"":-0.1,""y"":0.0,""z"":0.0},""IconScale"":0.7,""IconRotation"":0.0}"
material_weapon_fragment_weapon_132,Material,WeaponFragment,"{""MaxCount"":8,""Blueprint"":{""item"":""blueprint_evolution_weapon_108""},""Name"":""material_weapon_fragment_weapon_132"",""Localization"":"""",""ItemValue"":1200,""ItemLevel"":5,""Background"":{""spriteAtlas"":""RGTexture/sprite_atlas/items.spriteatlasv2"",""sprite"":""weapon_evolution_fragment_ui"",""tex"":""Assets/RGTexture/items/weapon_evolution_fragment_ui.png""},""Icon"":{""spriteAtlas"":""RGTexture/sprite_atlas/weapon.spriteatlasv2"",""sprite"":""weapons_waken_0"",""tex"":""Assets/RGTexture/weapon/weapons_waken.png""},""IconPosition"":{""x"":-0.07,""y"":-0.07,""z"":0.0},""IconScale"":0.7,""IconRotation"":0.0}"
material_weapon_fragment_weapon_134,Material,WeaponFragment,"{""MaxCount"":8,""Blueprint"":{""item"":""blueprint_evolution_weapon_134""},""Name"":""material_weapon_fragment_weapon_134"",""Localization"":"""",""ItemValue"":1200,""ItemLevel"":5,""Background"":{""spriteAtlas"":""RGTexture/sprite_atlas/items.spriteatlasv2"",""sprite"":""weapon_evolution_fragment_ui"",""tex"":""Assets/RGTexture/items/weapon_evolution_fragment_ui.png""},""Icon"":{""spriteAtlas"":""RGTexture/sprite_atlas/weapon.spriteatlasv2"",""sprite"":""weapon_134_eator_0"",""tex"":""Assets/RGTexture/weapon/weapon_134_eator.png""},""IconPosition"":{""x"":-0.21,""y"":0.0,""z"":0.0},""IconScale"":0.7,""IconRotation"":0.0}"
material_weapon_fragment_weapon_089,Material,WeaponFragment,"{""MaxCount"":8,""Blueprint"":{""item"":""blueprint_evolution_weapon_089""},""Name"":""material_weapon_fragment_weapon_089"",""Localization"":"""",""ItemValue"":1200,""ItemLevel"":5,""Background"":{""spriteAtlas"":""RGTexture/sprite_atlas/items.spriteatlasv2"",""sprite"":""weapon_evolution_fragment_ui"",""tex"":""Assets/RGTexture/items/weapon_evolution_fragment_ui.png""},""Icon"":{""spriteAtlas"":""RGTexture/sprite_atlas/weapon.spriteatlasv2"",""sprite"":""weapon_089_0"",""tex"":""Assets/RGTexture/weapon/weapon_089.png""},""IconPosition"":{""x"":-0.18,""y"":0.0,""z"":0.0},""IconScale"":0.7,""IconRotation"":0.0}"
material_weapon_fragment_weapon_170,Material,WeaponFragment,"{""MaxCount"":8,""Blueprint"":{""item"":""blueprint_evolution_weapon_170""},""Name"":""material_weapon_fragment_weapon_170"",""Localization"":"""",""ItemValue"":1200,""ItemLevel"":5,""Background"":{""spriteAtlas"":""RGTexture/sprite_atlas/items.spriteatlasv2"",""sprite"":""weapon_evolution_fragment_ui"",""tex"":""Assets/RGTexture/items/weapon_evolution_fragment_ui.png""},""Icon"":{""spriteAtlas"":""RGTexture/sprite_atlas/weapon.spriteatlasv2"",""sprite"":""weapon_170"",""tex"":""Assets/RGTexture/weapon/weapon_170.png""},""IconPosition"":{""x"":-0.17,""y"":0.0,""z"":0.0},""IconScale"":1.0,""IconRotation"":0.0}"
material_weapon_fragment_weapon_129,Material,WeaponFragment,"{""MaxCount"":8,""Blueprint"":{""item"":""blueprint_evolution_weapon_129""},""Name"":""material_weapon_fragment_weapon_129"",""Localization"":"""",""ItemValue"":1200,""ItemLevel"":5,""Background"":{""spriteAtlas"":""RGTexture/sprite_atlas/items.spriteatlasv2"",""sprite"":""weapon_evolution_fragment_ui"",""tex"":""Assets/RGTexture/items/weapon_evolution_fragment_ui.png""},""Icon"":{""spriteAtlas"":""RGTexture/sprite_atlas/weapon.spriteatlasv2"",""sprite"":""weapon_129"",""tex"":""Assets/RGTexture/weapon/weapon_129.png""},""IconPosition"":{""x"":-0.18,""y"":0.0,""z"":0.0},""IconScale"":0.7,""IconRotation"":0.0}"
material_weapon_fragment_weapon_374,Material,WeaponFragment,"{""MaxCount"":8,""Blueprint"":{""item"":""blueprint_evolution_weapon_200""},""Name"":""material_weapon_fragment_weapon_374"",""Localization"":"""",""ItemValue"":1200,""ItemLevel"":5,""Background"":{""spriteAtlas"":""RGTexture/sprite_atlas/items.spriteatlasv2"",""sprite"":""weapon_evolution_fragment_ui"",""tex"":""Assets/RGTexture/items/weapon_evolution_fragment_ui.png""},""Icon"":{""spriteAtlas"":""RGTexture/sprite_atlas/weapon.spriteatlasv2"",""sprite"":""weapon_374"",""tex"":""Assets/RGTexture/weapon/weapon_374.png""},""IconPosition"":{""x"":-0.2,""y"":-0.2,""z"":0.0},""IconScale"":0.6,""IconRotation"":0.0}"
material_weapon_fragment_weapon_223,Material,WeaponFragment,"{""MaxCount"":8,""Blueprint"":{""item"":""blueprint_evolution_weapon_200""},""Name"":""material_weapon_fragment_weapon_223"",""Localization"":"""",""ItemValue"":1200,""ItemLevel"":5,""Background"":{""spriteAtlas"":""RGTexture/sprite_atlas/items.spriteatlasv2"",""sprite"":""weapon_evolution_fragment_ui"",""tex"":""Assets/RGTexture/items/weapon_evolution_fragment_ui.png""},""Icon"":{""spriteAtlas"":""RGTexture/sprite_atlas/weapon.spriteatlasv2"",""sprite"":""weapon_green_hat"",""tex"":""Assets/RGTexture/weapon/weapon_green_hat.png""},""IconPosition"":{""x"":0.0,""y"":0.0,""z"":0.0},""IconScale"":1.0,""IconRotation"":0.0}"
material_weapon_fragment_weapon_215,Material,WeaponFragment,"{""MaxCount"":8,""Blueprint"":{""item"":""blueprint_evolution_weapon_215""},""Name"":""material_weapon_fragment_weapon_215"",""Localization"":"""",""ItemValue"":1200,""ItemLevel"":5,""Background"":{""spriteAtlas"":""RGTexture/sprite_atlas/items.spriteatlasv2"",""sprite"":""weapon_evolution_fragment_ui"",""tex"":""Assets/RGTexture/items/weapon_evolution_fragment_ui.png""},""Icon"":{""spriteAtlas"":""RGTexture/sprite_atlas/weapon.spriteatlasv2"",""sprite"":""weapons3_55"",""tex"":""Assets/RGTexture/weapon/weapons3.png""},""IconPosition"":{""x"":-0.18,""y"":-0.07,""z"":0.0},""IconScale"":0.75,""IconRotation"":0.0}"
material_weapon_fragment_weapon_403,Material,WeaponFragment,"{""MaxCount"":8,""Blueprint"":{""item"":""blueprint_evolution_weapon_200""},""Name"":""material_weapon_fragment_weapon_403"",""Localization"":"""",""ItemValue"":1200,""ItemLevel"":5,""Background"":{""spriteAtlas"":""RGTexture/sprite_atlas/items.spriteatlasv2"",""sprite"":""weapon_evolution_fragment_ui"",""tex"":""Assets/RGTexture/items/weapon_evolution_fragment_ui.png""},""Icon"":{""spriteAtlas"":""RGTexture/sprite_atlas/weapon.spriteatlasv2"",""sprite"":""weapons_403"",""tex"":""Assets/RGTexture/weapon/weapon_403/weapons_403.png""},""IconPosition"":{""x"":-0.35,""y"":0.0,""z"":0.0},""IconScale"":0.4,""IconRotation"":0.0}"
material_weapon_fragment_weapon_135,Material,WeaponFragment,"{""MaxCount"":8,""Blueprint"":{""item"":""blueprint_evolution_weapon_200""},""Name"":""material_weapon_fragment_weapon_135"",""Localization"":"""",""ItemValue"":1200,""ItemLevel"":5,""Background"":{""spriteAtlas"":""RGTexture/sprite_atlas/items.spriteatlasv2"",""sprite"":""weapon_evolution_fragment_ui"",""tex"":""Assets/RGTexture/items/weapon_evolution_fragment_ui.png""},""Icon"":{""spriteAtlas"":""RGTexture/sprite_atlas/weapon.spriteatlasv2"",""sprite"":""weapons_151"",""tex"":""Assets/RGTexture/weapon/weapons.png""},""IconPosition"":{""x"":-0.18,""y"":0.0,""z"":0.0},""IconScale"":0.7,""IconRotation"":0.0}"
material_weapon_fragment_weapon_243,Material,WeaponFragment,"{""MaxCount"":8,""Blueprint"":{""item"":""blueprint_evolution_weapon_243""},""Name"":""material_weapon_fragment_weapon_243"",""Localization"":"""",""ItemValue"":1200,""ItemLevel"":5,""Background"":{""spriteAtlas"":""RGTexture/sprite_atlas/items.spriteatlasv2"",""sprite"":""weapon_evolution_fragment_ui"",""tex"":""Assets/RGTexture/items/weapon_evolution_fragment_ui.png""},""Icon"":{""spriteAtlas"":""RGTexture/sprite_atlas/weapon.spriteatlasv2"",""sprite"":""weapon_243"",""tex"":""Assets/RGTexture/weapon/weapon_243.png""},""IconPosition"":{""x"":-0.26,""y"":-0.07,""z"":0.0},""IconScale"":0.7,""IconRotation"":0.0}"
material_weapon_fragment_weapon_033,Material,WeaponFragment,"{""MaxCount"":8,""Blueprint"":{""item"":""blueprint_evolution_weapon_033""},""Name"":""material_weapon_fragment_weapon_033"",""Localization"":"""",""ItemValue"":1200,""ItemLevel"":5,""Background"":{""spriteAtlas"":""RGTexture/sprite_atlas/items.spriteatlasv2"",""sprite"":""weapon_evolution_fragment_ui"",""tex"":""Assets/RGTexture/items/weapon_evolution_fragment_ui.png""},""Icon"":{""spriteAtlas"":""RGTexture/sprite_atlas/weapon.spriteatlasv2"",""sprite"":""weapons_138"",""tex"":""Assets/RGTexture/weapon/weapons.png""},""IconPosition"":{""x"":-0.35,""y"":-0.07,""z"":0.0},""IconScale"":0.6,""IconRotation"":0.0}"
material_weapon_fragment_weapon_076,Material,WeaponFragment,"{""MaxCount"":8,""Blueprint"":{""item"":""blueprint_evolution_weapon_200""},""Name"":""material_weapon_fragment_weapon_076"",""Localization"":"""",""ItemValue"":1200,""ItemLevel"":5,""Background"":{""spriteAtlas"":""RGTexture/sprite_atlas/items.spriteatlasv2"",""sprite"":""weapon_evolution_fragment_ui"",""tex"":""Assets/RGTexture/items/weapon_evolution_fragment_ui.png""},""Icon"":{""spriteAtlas"":""RGTexture/sprite_atlas/weapon.spriteatlasv2"",""sprite"":""weapons_076"",""tex"":""Assets/RGTexture/weapon/weapons_076.png""},""IconPosition"":{""x"":-0.15,""y"":0.0,""z"":0.0},""IconScale"":0.5,""IconRotation"":0.0}"
material_weapon_fragment_weapon_072,Material,WeaponFragment,"{""MaxCount"":8,""Blueprint"":{""item"":""blueprint_evolution_weapon_200""},""Name"":""material_weapon_fragment_weapon_072"",""Localization"":"""",""ItemValue"":1200,""ItemLevel"":5,""Background"":{""spriteAtlas"":""RGTexture/sprite_atlas/items.spriteatlasv2"",""sprite"":""weapon_evolution_fragment_ui"",""tex"":""Assets/RGTexture/items/weapon_evolution_fragment_ui.png""},""Icon"":{""spriteAtlas"":""RGTexture/sprite_atlas/weapon.spriteatlasv2"",""sprite"":""weapon_072"",""tex"":""Assets/RGTexture/weapon/weapon_072.png""},""IconPosition"":{""x"":-0.32,""y"":0.0,""z"":0.0},""IconScale"":0.7,""IconRotation"":0.0}"
material_weapon_fragment_weapon_156,Material,WeaponFragment,"{""MaxCount"":8,""Blueprint"":{""item"":""blueprint_evolution_weapon_200""},""Name"":""material_weapon_fragment_weapon_156"",""Localization"":"""",""ItemValue"":1200,""ItemLevel"":5,""Background"":{""spriteAtlas"":""RGTexture/sprite_atlas/items.spriteatlasv2"",""sprite"":""weapon_evolution_fragment_ui"",""tex"":""Assets/RGTexture/items/weapon_evolution_fragment_ui.png""},""Icon"":{""spriteAtlas"":""RGTexture/sprite_atlas/weapon.spriteatlasv2"",""sprite"":""weapons2_78"",""tex"":""Assets/RGTexture/weapon/weapons2.png""},""IconPosition"":{""x"":-0.32,""y"":0.0,""z"":0.0},""IconScale"":0.7,""IconRotation"":0.0}"
material_weapon_fragment_weapon_270,Material,WeaponFragment,"{""MaxCount"":8,""Blueprint"":{""item"":""blueprint_evolution_weapon_200""},""Name"":""material_weapon_fragment_weapon_270"",""Localization"":"""",""ItemValue"":1200,""ItemLevel"":5,""Background"":{""spriteAtlas"":""RGTexture/sprite_atlas/items.spriteatlasv2"",""sprite"":""weapon_evolution_fragment_ui"",""tex"":""Assets/RGTexture/items/weapon_evolution_fragment_ui.png""},""Icon"":{""spriteAtlas"":""RGTexture/sprite_atlas/weapon.spriteatlasv2"",""sprite"":""weapon_270_normal"",""tex"":""Assets/RGTexture/weapon/weapon_270_normal.png""},""IconPosition"":{""x"":0.0,""y"":0.0,""z"":0.0},""IconScale"":1.0,""IconRotation"":0.0}"
material_weapon_fragment_weapon_372,Material,WeaponFragment,"{""MaxCount"":8,""Blueprint"":{""item"":""blueprint_evolution_weapon_200""},""Name"":""material_weapon_fragment_weapon_372"",""Localization"":"""",""ItemValue"":1200,""ItemLevel"":5,""Background"":{""spriteAtlas"":""RGTexture/sprite_atlas/items.spriteatlasv2"",""sprite"":""weapon_evolution_fragment_ui"",""tex"":""Assets/RGTexture/items/weapon_evolution_fragment_ui.png""},""Icon"":{""spriteAtlas"":""RGTexture/sprite_atlas/weapon.spriteatlasv2"",""sprite"":""魔导师之杖-武器_0"",""tex"":""Assets/RGTexture/weapon/weapons_372.png""},""IconPosition"":{""x"":0.0,""y"":-0.05,""z"":0.0},""IconScale"":0.6,""IconRotation"":0.0}"
material_weapon_fragment_weapon_402,Material,WeaponFragment,"{""MaxCount"":8,""Blueprint"":{""item"":""blueprint_evolution_weapon_200""},""Name"":""material_weapon_fragment_weapon_402"",""Localization"":"""",""ItemValue"":1200,""ItemLevel"":5,""Background"":{""spriteAtlas"":""RGTexture/sprite_atlas/items.spriteatlasv2"",""sprite"":""weapon_evolution_fragment_ui"",""tex"":""Assets/RGTexture/items/weapon_evolution_fragment_ui.png""},""Icon"":{""spriteAtlas"":""RGTexture/sprite_atlas/weapon.spriteatlasv2"",""sprite"":""weapons_402"",""tex"":""Assets/RGTexture/weapon/weapons_402.png""},""IconPosition"":{""x"":0.0,""y"":0.0,""z"":0.0},""IconScale"":0.8,""IconRotation"":0.0}"
material_weapon_fragment_weapon_041,Material,WeaponFragment,"{""MaxCount"":8,""Blueprint"":{""item"":""blueprint_evolution_weapon_200""},""Name"":""material_weapon_fragment_weapon_041"",""Localization"":"""",""ItemValue"":1200,""ItemLevel"":5,""Background"":{""spriteAtlas"":""RGTexture/sprite_atlas/items.spriteatlasv2"",""sprite"":""weapon_evolution_fragment_ui"",""tex"":""Assets/RGTexture/items/weapon_evolution_fragment_ui.png""},""Icon"":{""spriteAtlas"":""RGTexture/sprite_atlas/weapon.spriteatlasv2"",""sprite"":""weapons_gatilin"",""tex"":""Assets/RGTexture/weapon/weapons_gatilin.png""},""IconPosition"":{""x"":-0.25,""y"":0.0,""z"":0.0},""IconScale"":0.9,""IconRotation"":0.0}"
material_weapon_fragment_weapon_377,Material,WeaponFragment,"{""MaxCount"":8,""Blueprint"":{""item"":""blueprint_evolution_weapon_200""},""Name"":""material_weapon_fragment_weapon_377"",""Localization"":"""",""ItemValue"":1200,""ItemLevel"":5,""Background"":{""spriteAtlas"":""RGTexture/sprite_atlas/items.spriteatlasv2"",""sprite"":""weapon_evolution_fragment_ui"",""tex"":""Assets/RGTexture/items/weapon_evolution_fragment_ui.png""},""Icon"":{""spriteAtlas"":""RGTexture/sprite_atlas/weapon.spriteatlasv2"",""sprite"":""weapon_377"",""tex"":""Assets/RGTexture/weapon/weapon_377.png""},""IconPosition"":{""x"":-0.1,""y"":0.0,""z"":0.0},""IconScale"":0.8,""IconRotation"":0.0}"
material_weapon_fragment_weapon_146,Material,WeaponFragment,"{""MaxCount"":8,""Blueprint"":{""item"":""blueprint_evolution_weapon_200""},""Name"":""material_weapon_fragment_weapon_146"",""Localization"":"""",""ItemValue"":1200,""ItemLevel"":5,""Background"":{""spriteAtlas"":""RGTexture/sprite_atlas/items.spriteatlasv2"",""sprite"":""weapon_evolution_fragment_ui"",""tex"":""Assets/RGTexture/items/weapon_evolution_fragment_ui.png""},""Icon"":{""spriteAtlas"":""RGTexture/sprite_atlas/weapon.spriteatlasv2"",""sprite"":""weapon_146"",""tex"":""Assets/RGTexture/weapon/weapon_146.png""},""IconPosition"":{""x"":0.0,""y"":0.0,""z"":0.0},""IconScale"":0.9,""IconRotation"":0.0}"
material_weapon_fragment_weapon_200,Material,WeaponFragment,"{""MaxCount"":8,""Blueprint"":{""item"":""blueprint_evolution_weapon_200""},""Name"":""material_weapon_fragment_weapon_200"",""Localization"":"""",""ItemValue"":1200,""ItemLevel"":5,""Background"":{""spriteAtlas"":""RGTexture/sprite_atlas/items.spriteatlasv2"",""sprite"":""weapon_evolution_fragment_ui"",""tex"":""Assets/RGTexture/items/weapon_evolution_fragment_ui.png""},""Icon"":{""spriteAtlas"":""RGTexture/sprite_atlas/weapon.spriteatlasv2"",""sprite"":""weapons3_12"",""tex"":""Assets/RGTexture/weapon/weapons3.png""},""IconPosition"":{""x"":-0.3,""y"":-0.1,""z"":0.0},""IconScale"":0.7,""IconRotation"":0.0}"
material_weapon_fragment_weapon_401,Material,WeaponFragment,"{""MaxCount"":8,""Blueprint"":{""item"":""blueprint_evolution_weapon_200""},""Name"":""material_weapon_fragment_weapon_401"",""Localization"":"""",""ItemValue"":1200,""ItemLevel"":5,""Background"":{""spriteAtlas"":""RGTexture/sprite_atlas/items.spriteatlasv2"",""sprite"":""weapon_evolution_fragment_ui"",""tex"":""Assets/RGTexture/items/weapon_evolution_fragment_ui.png""},""Icon"":{""spriteAtlas"":""RGTexture/sprite_atlas/weapon.spriteatlasv2"",""sprite"":""weapons_401_icon"",""tex"":""Assets/RGTexture/weapon/weapons_401_icon.png""},""IconPosition"":{""x"":0.0,""y"":0.0,""z"":0.0},""IconScale"":0.8,""IconRotation"":0.0}"
material_weapon_fragment_weapon_121,Material,WeaponFragment,"{""MaxCount"":8,""Blueprint"":{""item"":""blueprint_evolution_weapon_121""},""Name"":""material_weapon_fragment_weapon_121"",""Localization"":"""",""ItemValue"":1200,""ItemLevel"":5,""Background"":{""spriteAtlas"":""RGTexture/sprite_atlas/items.spriteatlasv2"",""sprite"":""weapon_evolution_fragment_ui"",""tex"":""Assets/RGTexture/items/weapon_evolution_fragment_ui.png""},""Icon"":{""spriteAtlas"":""RGTexture/sprite_atlas/weapon.spriteatlasv2"",""sprite"":""weapons_152"",""tex"":""Assets/RGTexture/weapon/weapons.png""},""IconPosition"":{""x"":-0.3,""y"":-0.1,""z"":0.0},""IconScale"":0.7,""IconRotation"":0.0}"
material_weapon_fragment_weapon_376,Material,WeaponFragment,"{""MaxCount"":8,""Blueprint"":{""item"":""blueprint_evolution_weapon_376""},""Name"":""material_weapon_fragment_weapon_376"",""Localization"":"""",""ItemValue"":1200,""ItemLevel"":5,""Background"":{""spriteAtlas"":""RGTexture/sprite_atlas/items.spriteatlasv2"",""sprite"":""weapon_evolution_fragment_ui"",""tex"":""Assets/RGTexture/items/weapon_evolution_fragment_ui.png""},""Icon"":{""spriteAtlas"":""RGTexture/sprite_atlas/weapon.spriteatlasv2"",""sprite"":""weapon_376"",""tex"":""Assets/RGTexture/weapon/weapon_376/weapon_376.png""},""IconPosition"":{""x"":-0.5,""y"":-0.35,""z"":0.0},""IconScale"":0.45,""IconRotation"":32.0}"
material_weapon_fragment_weapon_278,Material,WeaponFragment,"{""MaxCount"":8,""Blueprint"":{""item"":""blueprint_evolution_weapon_278""},""Name"":""material_weapon_fragment_weapon_278"",""Localization"":"""",""ItemValue"":1200,""ItemLevel"":5,""Background"":{""spriteAtlas"":""RGTexture/sprite_atlas/items.spriteatlasv2"",""sprite"":""weapon_evolution_fragment_ui"",""tex"":""Assets/RGTexture/items/weapon_evolution_fragment_ui.png""},""Icon"":{""spriteAtlas"":""RGTexture/sprite_atlas/weapon.spriteatlasv2"",""sprite"":""weapons4_6"",""tex"":""Assets/RGTexture/weapon/weapons4.png""},""IconPosition"":{""x"":-0.4,""y"":-0.07,""z"":0.0},""IconScale"":0.74,""IconRotation"":0.0}"
material_weapon_fragment_weapon_010,Material,WeaponFragment,"{""MaxCount"":8,""Blueprint"":{""item"":""blueprint_evolution_weapon_007""},""Name"":""material_weapon_fragment_weapon_010"",""Localization"":"""",""ItemValue"":1200,""ItemLevel"":5,""Background"":{""spriteAtlas"":""RGTexture/sprite_atlas/items.spriteatlasv2"",""sprite"":""weapon_evolution_fragment_ui"",""tex"":""Assets/RGTexture/items/weapon_evolution_fragment_ui.png""},""Icon"":{""spriteAtlas"":""RGTexture/sprite_atlas/weapon.spriteatlasv2"",""sprite"":""weapons_010"",""tex"":""Assets/RGTexture/weapon/weapons_010.png""},""IconPosition"":{""x"":-0.47,""y"":-0.09,""z"":0.0},""IconScale"":1.0,""IconRotation"":0.0}"
material_weapon_fragment_weapon_233,Material,WeaponFragment,"{""MaxCount"":8,""Blueprint"":{""item"":""blueprint_evolution_weapon_007""},""Name"":""material_weapon_fragment_weapon_233"",""Localization"":"""",""ItemValue"":1200,""ItemLevel"":5,""Background"":{""spriteAtlas"":""RGTexture/sprite_atlas/items.spriteatlasv2"",""sprite"":""weapon_evolution_fragment_ui"",""tex"":""Assets/RGTexture/items/weapon_evolution_fragment_ui.png""},""Icon"":{""spriteAtlas"":""RGTexture/sprite_atlas/weapon.spriteatlasv2"",""sprite"":""weapons3_99"",""tex"":""Assets/RGTexture/weapon/weapons3.png""},""IconPosition"":{""x"":-0.31,""y"":0.0,""z"":0.0},""IconScale"":0.8,""IconRotation"":0.0}"
material_weapon_fragment_weapon_007,Material,WeaponFragment,"{""MaxCount"":8,""Blueprint"":{""item"":""blueprint_evolution_weapon_007""},""Name"":""material_weapon_fragment_weapon_007"",""Localization"":"""",""ItemValue"":1200,""ItemLevel"":5,""Background"":{""spriteAtlas"":""RGTexture/sprite_atlas/items.spriteatlasv2"",""sprite"":""weapon_evolution_fragment_ui"",""tex"":""Assets/RGTexture/items/weapon_evolution_fragment_ui.png""},""Icon"":{""spriteAtlas"":""RGTexture/sprite_atlas/weapon.spriteatlasv2"",""sprite"":""weapons_12"",""tex"":""Assets/RGTexture/weapon/weapons.png""},""IconPosition"":{""x"":-0.1,""y"":0.0,""z"":0.0},""IconScale"":0.8,""IconRotation"":0.0}"
material_weapon_fragment_weapon_231,Material,WeaponFragment,"{""MaxCount"":8,""Blueprint"":{""item"":""blueprint_evolution_weapon_231""},""Name"":""material_weapon_fragment_weapon_231"",""Localization"":"""",""ItemValue"":1200,""ItemLevel"":5,""Background"":{""spriteAtlas"":""RGTexture/sprite_atlas/items.spriteatlasv2"",""sprite"":""weapon_evolution_fragment_ui"",""tex"":""Assets/RGTexture/items/weapon_evolution_fragment_ui.png""},""Icon"":{""spriteAtlas"":""RGTexture/sprite_atlas/weapon.spriteatlasv2"",""sprite"":""weapons3_17"",""tex"":""Assets/RGTexture/weapon/weapons3.png""},""IconPosition"":{""x"":-0.1,""y"":0.0,""z"":0.0},""IconScale"":1.0,""IconRotation"":0.0}"
material_weapon_fragment_weapon_006,Material,WeaponFragment,"{""MaxCount"":8,""Blueprint"":{""item"":""blueprint_evolution_weapon_006""},""Name"":""material_weapon_fragment_weapon_006"",""Localization"":"""",""ItemValue"":1200,""ItemLevel"":5,""Background"":{""spriteAtlas"":""RGTexture/sprite_atlas/items.spriteatlasv2"",""sprite"":""weapon_evolution_fragment_ui"",""tex"":""Assets/RGTexture/items/weapon_evolution_fragment_ui.png""},""Icon"":{""spriteAtlas"":""RGTexture/sprite_atlas/weapon.spriteatlasv2"",""sprite"":""weapons_123"",""tex"":""Assets/RGTexture/weapon/weapons.png""},""IconPosition"":{""x"":-0.2,""y"":-0.1,""z"":0.0},""IconScale"":0.8,""IconRotation"":0.0}"
material_weapon_fragment_weapon_315,Material,WeaponFragment,"{""MaxCount"":8,""Blueprint"":{""item"":""blueprint_evolution_weapon_315""},""Name"":""material_weapon_fragment_weapon_315"",""Localization"":"""",""ItemValue"":1200,""ItemLevel"":5,""Background"":{""spriteAtlas"":""RGTexture/sprite_atlas/items.spriteatlasv2"",""sprite"":""weapon_evolution_fragment_ui"",""tex"":""Assets/RGTexture/items/weapon_evolution_fragment_ui.png""},""Icon"":{""spriteAtlas"":""RGTexture/sprite_atlas/weapon.spriteatlasv2"",""sprite"":""weapons4_95"",""tex"":""Assets/RGTexture/weapon/weapons4.png""},""IconPosition"":{""x"":-0.3,""y"":-0.1,""z"":0.0},""IconScale"":0.7,""IconRotation"":0.0}"
material_weapon_fragment_weapon_111,Material,WeaponFragment,"{""MaxCount"":8,""Blueprint"":{""item"":""blueprint_evolution_weapon_111""},""Name"":""material_weapon_fragment_weapon_111"",""Localization"":"""",""ItemValue"":1200,""ItemLevel"":5,""Background"":{""spriteAtlas"":""RGTexture/sprite_atlas/items.spriteatlasv2"",""sprite"":""weapon_evolution_fragment_ui"",""tex"":""Assets/RGTexture/items/weapon_evolution_fragment_ui.png""},""Icon"":{""spriteAtlas"":""RGTexture/sprite_atlas/weapon.spriteatlasv2"",""sprite"":""weapons_132"",""tex"":""Assets/RGTexture/weapon/weapons.png""},""IconPosition"":{""x"":0.05,""y"":-0.15,""z"":0.0},""IconScale"":0.85,""IconRotation"":0.0}"
material_weapon_fragment_weapon_275,Material,WeaponFragment,"{""MaxCount"":8,""Blueprint"":{""item"":""blueprint_evolution_weapon_275""},""Name"":""material_weapon_fragment_weapon_275"",""Localization"":"""",""ItemValue"":1200,""ItemLevel"":5,""Background"":{""spriteAtlas"":""RGTexture/sprite_atlas/items.spriteatlasv2"",""sprite"":""weapon_evolution_fragment_ui"",""tex"":""Assets/RGTexture/items/weapon_evolution_fragment_ui.png""},""Icon"":{""spriteAtlas"":""RGTexture/sprite_atlas/weapon.spriteatlasv2"",""sprite"":""weapons3_162"",""tex"":""Assets/RGTexture/weapon/weapons3.png""},""IconPosition"":{""x"":0.0,""y"":0.0,""z"":0.0},""IconScale"":1.0,""IconRotation"":0.0}"
material_weapon_fragment_weapon_038,Material,WeaponFragment,"{""MaxCount"":8,""Blueprint"":{""item"":""blueprint_evolution_weapon_038""},""Name"":""material_weapon_fragment_weapon_038"",""Localization"":"""",""ItemValue"":1200,""ItemLevel"":5,""Background"":{""spriteAtlas"":""RGTexture/sprite_atlas/items.spriteatlasv2"",""sprite"":""weapon_evolution_fragment_ui"",""tex"":""Assets/RGTexture/items/weapon_evolution_fragment_ui.png""},""Icon"":{""spriteAtlas"":""RGTexture/sprite_atlas/weapon.spriteatlasv2"",""sprite"":""weapons_13"",""tex"":""Assets/RGTexture/weapon/weapons.png""},""IconPosition"":{""x"":-0.4,""y"":-0.15,""z"":0.0},""IconScale"":1.0,""IconRotation"":0.0}"
material_weapon_fragment_weapon_311,Material,WeaponFragment,"{""MaxCount"":8,""Blueprint"":{""item"":""blueprint_evolution_weapon_311""},""Name"":""material_weapon_fragment_weapon_311"",""Localization"":"""",""ItemValue"":1200,""ItemLevel"":5,""Background"":{""spriteAtlas"":""RGTexture/sprite_atlas/items.spriteatlasv2"",""sprite"":""weapon_evolution_fragment_ui"",""tex"":""Assets/RGTexture/items/weapon_evolution_fragment_ui.png""},""Icon"":{""spriteAtlas"":""RGTexture/sprite_atlas/weapon.spriteatlasv2"",""sprite"":""weapons4_85"",""tex"":""Assets/RGTexture/weapon/weapons4.png""},""IconPosition"":{""x"":0.0,""y"":0.0,""z"":0.0},""IconScale"":0.6,""IconRotation"":0.0}"
material_weapon_fragment_weapon_345,Material,WeaponFragment,"{""MaxCount"":8,""Blueprint"":{""item"":""blueprint_evolution_weapon_345""},""Name"":""material_weapon_fragment_weapon_345"",""Localization"":"""",""ItemValue"":1200,""ItemLevel"":5,""Background"":{""spriteAtlas"":""RGTexture/sprite_atlas/items.spriteatlasv2"",""sprite"":""weapon_evolution_fragment_ui"",""tex"":""Assets/RGTexture/items/weapon_evolution_fragment_ui.png""},""Icon"":{""spriteAtlas"":""RGTexture/sprite_atlas/weapon.spriteatlasv2"",""sprite"":""weapon_basalt_dark"",""tex"":""Assets/RGTexture/weapon/weapon_basalt_dark.png""},""IconPosition"":{""x"":0.1,""y"":0.0,""z"":0.0},""IconScale"":0.7,""IconRotation"":0.0}"
material_weapon_fragment_weapon_127,Material,WeaponFragment,"{""MaxCount"":8,""Blueprint"":{""item"":""blueprint_evolution_weapon_127""},""Name"":""material_weapon_fragment_weapon_127"",""Localization"":"""",""ItemValue"":1200,""ItemLevel"":5,""Background"":{""spriteAtlas"":""RGTexture/sprite_atlas/items.spriteatlasv2"",""sprite"":""weapon_evolution_fragment_ui"",""tex"":""Assets/RGTexture/items/weapon_evolution_fragment_ui.png""},""Icon"":{""spriteAtlas"":""RGTexture/sprite_atlas/weapon.spriteatlasv2"",""sprite"":""weapons2_47"",""tex"":""Assets/RGTexture/weapon/weapons2.png""},""IconPosition"":{""x"":-0.25,""y"":0.0,""z"":0.0},""IconScale"":0.5,""IconRotation"":0.0}"
material_weapon_fragment_weapon_239,Material,WeaponFragment,"{""MaxCount"":8,""Blueprint"":{""item"":""blueprint_evolution_weapon_239""},""Name"":""material_weapon_fragment_weapon_239"",""Localization"":"""",""ItemValue"":1200,""ItemLevel"":5,""Background"":{""spriteAtlas"":""RGTexture/sprite_atlas/items.spriteatlasv2"",""sprite"":""weapon_evolution_fragment_ui"",""tex"":""Assets/RGTexture/items/weapon_evolution_fragment_ui.png""},""Icon"":{""spriteAtlas"":""RGTexture/sprite_atlas/weapon.spriteatlasv2"",""sprite"":""weapons3_121"",""tex"":""Assets/RGTexture/weapon/weapons3.png""},""IconPosition"":{""x"":-0.21,""y"":0.0,""z"":0.0},""IconScale"":1.0,""IconRotation"":0.0}"
material_weapon_fragment_weapon_316,Material,WeaponFragment,"{""MaxCount"":8,""Blueprint"":{""item"":""blueprint_evolution_weapon_316""},""Name"":""material_weapon_fragment_weapon_316"",""Localization"":"""",""ItemValue"":1200,""ItemLevel"":5,""Background"":{""spriteAtlas"":""RGTexture/sprite_atlas/items.spriteatlasv2"",""sprite"":""weapon_evolution_fragment_ui"",""tex"":""Assets/RGTexture/items/weapon_evolution_fragment_ui.png""},""Icon"":{""spriteAtlas"":""RGTexture/sprite_atlas/weapon.spriteatlasv2"",""sprite"":""weapons4_99"",""tex"":""Assets/RGTexture/weapon/weapons4.png""},""IconPosition"":{""x"":-0.3,""y"":0.0,""z"":0.0},""IconScale"":0.6,""IconRotation"":0.0}"
material_weapon_fragment_weapon_399,Material,WeaponFragment,"{""MaxCount"":8,""Blueprint"":{""item"":""blueprint_evolution_weapon_399""},""Name"":""material_weapon_fragment_weapon_399"",""Localization"":"""",""ItemValue"":1200,""ItemLevel"":5,""Background"":{""spriteAtlas"":""RGTexture/sprite_atlas/items.spriteatlasv2"",""sprite"":""weapon_evolution_fragment_ui"",""tex"":""Assets/RGTexture/items/weapon_evolution_fragment_ui.png""},""Icon"":{""spriteAtlas"":""RGTexture/sprite_atlas/weapon.spriteatlasv2"",""sprite"":""weapon_399"",""tex"":""Assets/RGTexture/weapon/weapon_399.png""},""IconPosition"":{""x"":0.0,""y"":0.0,""z"":0.0},""IconScale"":0.6,""IconRotation"":0.0}"
material_weapon_fragment_weapon_405,Material,WeaponFragment,"{""MaxCount"":8,""Blueprint"":{""item"":""blueprint_evolution_weapon_405""},""Name"":""material_weapon_fragment_weapon_405"",""Localization"":"""",""ItemValue"":1200,""ItemLevel"":5,""Background"":{""spriteAtlas"":""RGTexture/sprite_atlas/items.spriteatlasv2"",""sprite"":""weapon_evolution_fragment_ui"",""tex"":""Assets/RGTexture/items/weapon_evolution_fragment_ui.png""},""Icon"":{""spriteAtlas"":""RGTexture/sprite_atlas/weapon.spriteatlasv2"",""sprite"":""weapon_405_0"",""tex"":""Assets/RGTexture/weapon/weapon_405.png""},""IconPosition"":{""x"":-0.49,""y"":-0.04,""z"":0.0},""IconScale"":0.6,""IconRotation"":0.0}"
material_weapon_fragment_weapon_093,Material,WeaponFragment,"{""MaxCount"":8,""Blueprint"":{""item"":""blueprint_evolution_weapon_093""},""Name"":""material_weapon_fragment_weapon_093"",""Localization"":"""",""ItemValue"":1200,""ItemLevel"":5,""Background"":{""spriteAtlas"":""RGTexture/sprite_atlas/items.spriteatlasv2"",""sprite"":""weapon_evolution_fragment_ui"",""tex"":""Assets/RGTexture/items/weapon_evolution_fragment_ui.png""},""Icon"":{""spriteAtlas"":""RGTexture/sprite_atlas/weapon.spriteatlasv2"",""sprite"":""bullet_fish_evo_0"",""tex"":""Assets/RGTexture/weapon/weapon_093.png""},""IconPosition"":{""x"":-0.33,""y"":-0.07,""z"":0.0},""IconScale"":1.0,""IconRotation"":0.0}"
material_weapon_fragment_weapon_094,Material,WeaponFragment,"{""MaxCount"":8,""Blueprint"":{""item"":""blueprint_evolution_weapon_094""},""Name"":""material_weapon_fragment_weapon_094"",""Localization"":"""",""ItemValue"":1200,""ItemLevel"":5,""Background"":{""spriteAtlas"":""RGTexture/sprite_atlas/items.spriteatlasv2"",""sprite"":""weapon_evolution_fragment_ui"",""tex"":""Assets/RGTexture/items/weapon_evolution_fragment_ui.png""},""Icon"":{""spriteAtlas"":""RGTexture/sprite_atlas/weapon.spriteatlasv2"",""sprite"":""weapon_laser_fish"",""tex"":""Assets/RGTexture/weapon/weapon_laser_fish.png""},""IconPosition"":{""x"":0.0,""y"":-0.07,""z"":0.0},""IconScale"":1.0,""IconRotation"":0.0}"
material_weapon_fragment_weapon_161,Material,WeaponFragment,"{""MaxCount"":8,""Blueprint"":{""item"":""blueprint_evolution_weapon_161""},""Name"":""material_weapon_fragment_weapon_161"",""Localization"":"""",""ItemValue"":1200,""ItemLevel"":5,""Background"":{""spriteAtlas"":""RGTexture/sprite_atlas/items.spriteatlasv2"",""sprite"":""weapon_evolution_fragment_ui"",""tex"":""Assets/RGTexture/items/weapon_evolution_fragment_ui.png""},""Icon"":{""spriteAtlas"":""RGTexture/sprite_atlas/weapon.spriteatlasv2"",""sprite"":""weapon_161"",""tex"":""Assets/RGTexture/weapon/weapon_161.png""},""IconPosition"":{""x"":-0.33,""y"":-0.07,""z"":0.0},""IconScale"":1.0,""IconRotation"":0.0}"
material_weapon_fragment_weapon_079,Material,WeaponFragment,"{""MaxCount"":8,""Blueprint"":{""item"":""blueprint_evolution_weapon_079""},""Name"":""material_weapon_fragment_weapon_079"",""Localization"":"""",""ItemValue"":1200,""ItemLevel"":5,""Background"":{""spriteAtlas"":""RGTexture/sprite_atlas/items.spriteatlasv2"",""sprite"":""weapon_evolution_fragment_ui"",""tex"":""Assets/RGTexture/items/weapon_evolution_fragment_ui.png""},""Icon"":{""spriteAtlas"":""RGTexture/sprite_atlas/weapon.spriteatlasv2"",""sprite"":""weapon_079"",""tex"":""Assets/RGTexture/weapon/weapon_079.png""},""IconPosition"":{""x"":-0.5,""y"":0.0,""z"":0.0},""IconScale"":0.8,""IconRotation"":0.0}"
material_weapon_fragment_weapon_078,Material,WeaponFragment,"{""MaxCount"":8,""Blueprint"":{""item"":""blueprint_evolution_weapon_078""},""Name"":""material_weapon_fragment_weapon_078"",""Localization"":"""",""ItemValue"":1200,""ItemLevel"":5,""Background"":{""spriteAtlas"":""RGTexture/sprite_atlas/items.spriteatlasv2"",""sprite"":""weapon_evolution_fragment_ui"",""tex"":""Assets/RGTexture/items/weapon_evolution_fragment_ui.png""},""Icon"":{""spriteAtlas"":""RGTexture/sprite_atlas/weapon.spriteatlasv2"",""sprite"":""weapon_078"",""tex"":""Assets/RGTexture/weapon/weapon_078.png""},""IconPosition"":{""x"":-0.5,""y"":0.0,""z"":0.0},""IconScale"":0.65,""IconRotation"":0.0}"
material_weapon_fragment_weapon_246,Material,WeaponFragment,"{""MaxCount"":8,""Blueprint"":{""item"":""blueprint_evolution_weapon_246""},""Name"":""material_weapon_fragment_weapon_246"",""Localization"":"""",""ItemValue"":1200,""ItemLevel"":5,""Background"":{""spriteAtlas"":""RGTexture/sprite_atlas/items.spriteatlasv2"",""sprite"":""weapon_evolution_fragment_ui"",""tex"":""Assets/RGTexture/items/weapon_evolution_fragment_ui.png""},""Icon"":{""spriteAtlas"":""RGTexture/sprite_atlas/weapon.spriteatlasv2"",""sprite"":""weapons3_136"",""tex"":""Assets/RGTexture/weapon/weapons3.png""},""IconPosition"":{""x"":-0.5,""y"":0.0,""z"":0.0},""IconScale"":0.6,""IconRotation"":0.0}"
material_weapon_fragment_weapon_400,Material,WeaponFragment,"{""MaxCount"":8,""Blueprint"":{""item"":""blueprint_evolution_weapon_400""},""Name"":""material_weapon_fragment_weapon_400"",""Localization"":"""",""ItemValue"":0,""ItemLevel"":5,""Background"":{""spriteAtlas"":""RGTexture/sprite_atlas/items.spriteatlasv2"",""sprite"":""weapon_evolution_fragment_ui"",""tex"":""Assets/RGTexture/items/weapon_evolution_fragment_ui.png""},""Icon"":{""spriteAtlas"":""RGTexture/sprite_atlas/weapon.spriteatlasv2"",""sprite"":""weapon_storm_axe"",""tex"":""Assets/RGTexture/weapon/weapon_storm_axe.png""},""IconPosition"":{""x"":-0.35,""y"":0.1,""z"":0.0},""IconScale"":0.6,""IconRotation"":0.0}"
material_weapon_fragment_weapon_317,Material,WeaponFragment,"{""MaxCount"":8,""Blueprint"":{""item"":""blueprint_evolution_weapon_317""},""Name"":""material_weapon_fragment_weapon_317"",""Localization"":"""",""ItemValue"":0,""ItemLevel"":5,""Background"":{""spriteAtlas"":""RGTexture/sprite_atlas/items.spriteatlasv2"",""sprite"":""weapon_evolution_fragment_ui"",""tex"":""Assets/RGTexture/items/weapon_evolution_fragment_ui.png""},""Icon"":{""spriteAtlas"":""RGTexture/sprite_atlas/weapon.spriteatlasv2"",""sprite"":""weapons4_102"",""tex"":""Assets/RGTexture/weapon/weapons4.png""},""IconPosition"":{""x"":-0.33,""y"":0.02,""z"":0.0},""IconScale"":0.7,""IconRotation"":0.0}"
material_weapon_fragment_weapon_064,Material,WeaponFragment,"{""MaxCount"":8,""Blueprint"":{""item"":""blueprint_evolution_weapon_064""},""Name"":""material_weapon_fragment_weapon_064"",""Localization"":"""",""ItemValue"":0,""ItemLevel"":5,""Background"":{""spriteAtlas"":""RGTexture/sprite_atlas/items.spriteatlasv2"",""sprite"":""weapon_evolution_fragment_ui"",""tex"":""Assets/RGTexture/items/weapon_evolution_fragment_ui.png""},""Icon"":{""spriteAtlas"":""RGTexture/sprite_atlas/weapon.spriteatlasv2"",""sprite"":""weapon_064"",""tex"":""Assets/RGTexture/weapon/weapon_064.png""},""IconPosition"":{""x"":-0.48,""y"":-0.04,""z"":0.0},""IconScale"":0.6,""IconRotation"":0.0}"
material_weapon_fragment_weapon_008,Material,WeaponFragment,"{""MaxCount"":8,""Blueprint"":{""item"":""blueprint_evolution_weapon_008""},""Name"":""material_weapon_fragment_weapon_008"",""Localization"":"""",""ItemValue"":0,""ItemLevel"":5,""Background"":{""spriteAtlas"":""RGTexture/sprite_atlas/items.spriteatlasv2"",""sprite"":""weapon_evolution_fragment_ui"",""tex"":""Assets/RGTexture/items/weapon_evolution_fragment_ui.png""},""Icon"":{""spriteAtlas"":""RGTexture/sprite_atlas/weapon.spriteatlasv2"",""sprite"":""weapons_10"",""tex"":""Assets/RGTexture/weapon/weapons.png""},""IconPosition"":{""x"":-0.09,""y"":-0.05,""z"":0.0},""IconScale"":0.8,""IconRotation"":0.0}"
material_weapon_fragment_weapon_097,Material,WeaponFragment,"{""MaxCount"":8,""Blueprint"":{""item"":""blueprint_evolution_weapon_097""},""Name"":""material_weapon_fragment_weapon_097"",""Localization"":"""",""ItemValue"":0,""ItemLevel"":5,""Background"":{""spriteAtlas"":""RGTexture/sprite_atlas/items.spriteatlasv2"",""sprite"":""weapon_evolution_fragment_ui"",""tex"":""Assets/RGTexture/items/weapon_evolution_fragment_ui.png""},""Icon"":{""spriteAtlas"":""RGTexture/sprite_atlas/weapon.spriteatlasv2"",""sprite"":""weapons_115"",""tex"":""Assets/RGTexture/weapon/weapons.png""},""IconPosition"":{""x"":0.05,""y"":-0.01,""z"":0.0},""IconScale"":1.05,""IconRotation"":0.0}"
material_weapon_fragment_weapon_320,Material,WeaponFragment,"{""MaxCount"":8,""Blueprint"":{""item"":""blueprint_evolution_weapon_320""},""Name"":""material_weapon_fragment_weapon_320"",""Localization"":"""",""ItemValue"":1200,""ItemLevel"":5,""Background"":{""spriteAtlas"":""RGTexture/sprite_atlas/items.spriteatlasv2"",""sprite"":""weapon_evolution_fragment_ui"",""tex"":""Assets/RGTexture/items/weapon_evolution_fragment_ui.png""},""Icon"":{""spriteAtlas"":""RGTexture/sprite_atlas/weapon.spriteatlasv2"",""sprite"":""weapon_320_1"",""tex"":""Assets/RGTexture/weapon/weapon_320.png""},""IconPosition"":{""x"":0.01,""y"":0.02,""z"":0.0},""IconScale"":0.62,""IconRotation"":0.0}"
material_weapon_fragment_weapon_371,Material,WeaponFragment,"{""MaxCount"":8,""Blueprint"":{""item"":""blueprint_evolution_weapon_371""},""Name"":""material_weapon_fragment_weapon_371"",""Localization"":"""",""ItemValue"":1200,""ItemLevel"":5,""Background"":{""spriteAtlas"":""RGTexture/sprite_atlas/items.spriteatlasv2"",""sprite"":""weapon_evolution_fragment_ui"",""tex"":""Assets/RGTexture/items/weapon_evolution_fragment_ui.png""},""Icon"":{""spriteAtlas"":""RGTexture/sprite_atlas/weapon.spriteatlasv2"",""sprite"":""weapon_371"",""tex"":""Assets/RGTexture/weapon/weapon_371.png""},""IconPosition"":{""x"":-0.03,""y"":-0.18,""z"":0.0},""IconScale"":0.5,""IconRotation"":0.0}"
material_weapon_fragment_weapon_326,Material,WeaponFragment,"{""MaxCount"":8,""Blueprint"":{""item"":""blueprint_evolution_weapon_326""},""Name"":""material_weapon_fragment_weapon_326"",""Localization"":"""",""ItemValue"":0,""ItemLevel"":5,""Background"":{""spriteAtlas"":""RGTexture/sprite_atlas/items.spriteatlasv2"",""sprite"":""weapon_evolution_fragment_ui"",""tex"":""Assets/RGTexture/items/weapon_evolution_fragment_ui.png""},""Icon"":{""spriteAtlas"":""RGTexture/sprite_atlas/weapon.spriteatlasv2"",""sprite"":""weapons4_119"",""tex"":""Assets/RGTexture/weapon/weapons4.png""},""IconPosition"":{""x"":-0.07,""y"":-0.15,""z"":0.0},""IconScale"":0.62,""IconRotation"":0.0}"
material_weapon_fragment_weapon_406,Material,WeaponFragment,"{""MaxCount"":8,""Blueprint"":{""item"":""blueprint_evolution_weapon_406""},""Name"":""material_weapon_fragment_weapon_406"",""Localization"":"""",""ItemValue"":0,""ItemLevel"":5,""Background"":{""spriteAtlas"":""RGTexture/sprite_atlas/items.spriteatlasv2"",""sprite"":""weapon_evolution_fragment_ui"",""tex"":""Assets/RGTexture/items/weapon_evolution_fragment_ui.png""},""Icon"":{""spriteAtlas"":""RGTexture/sprite_atlas/weapon.spriteatlasv2"",""sprite"":""weapon_406_0"",""tex"":""Assets/RGTexture/weapon/weapon_406.png""},""IconPosition"":{""x"":0.09,""y"":-0.07,""z"":0.0},""IconScale"":0.6,""IconRotation"":0.0}"
material_weapon_fragment_weapon_210,Material,WeaponFragment,"{""MaxCount"":8,""Blueprint"":{""item"":""blueprint_evolution_weapon_210""},""Name"":""material_weapon_fragment_weapon_210"",""Localization"":"""",""ItemValue"":0,""ItemLevel"":5,""Background"":{""spriteAtlas"":""RGTexture/sprite_atlas/items.spriteatlasv2"",""sprite"":""weapon_evolution_fragment_ui"",""tex"":""Assets/RGTexture/items/weapon_evolution_fragment_ui.png""},""Icon"":{""spriteAtlas"":""RGTexture/sprite_atlas/weapon.spriteatlasv2"",""sprite"":""weapons3_13"",""tex"":""Assets/RGTexture/weapon/weapons3.png""},""IconPosition"":{""x"":-0.15,""y"":-0.02,""z"":0.0},""IconScale"":0.7,""IconRotation"":0.0}"
material_weapon_fragment_weapon_327,Material,WeaponFragment,"{""MaxCount"":8,""Blueprint"":{""item"":""blueprint_evolution_weapon_327""},""Name"":""material_weapon_fragment_weapon_327"",""Localization"":"""",""ItemValue"":0,""ItemLevel"":5,""Background"":{""spriteAtlas"":""RGTexture/sprite_atlas/items.spriteatlasv2"",""sprite"":""weapon_evolution_fragment_ui"",""tex"":""Assets/RGTexture/items/weapon_evolution_fragment_ui.png""},""Icon"":{""spriteAtlas"":""RGTexture/sprite_atlas/weapon.spriteatlasv2"",""sprite"":""weapons4_116"",""tex"":""Assets/RGTexture/weapon/weapons4.png""},""IconPosition"":{""x"":-0.2,""y"":-0.06,""z"":0.0},""IconScale"":0.7,""IconRotation"":0.0}"
material_weapon_fragment_weapon_404,Material,WeaponFragment,"{""MaxCount"":8,""Blueprint"":{""item"":""blueprint_evolution_weapon_404""},""Name"":""material_weapon_fragment_weapon_404"",""Localization"":"""",""ItemValue"":0,""ItemLevel"":5,""Background"":{""spriteAtlas"":""RGTexture/sprite_atlas/items.spriteatlasv2"",""sprite"":""weapon_evolution_fragment_ui"",""tex"":""Assets/RGTexture/items/weapon_evolution_fragment_ui.png""},""Icon"":{""spriteAtlas"":""RGTexture/sprite_atlas/weapon.spriteatlasv2"",""sprite"":""weapon_404"",""tex"":""Assets/RGTexture/weapon/weapon_404.png""},""IconPosition"":{""x"":0.04,""y"":0.05,""z"":0.0},""IconScale"":0.65,""IconRotation"":0.0}"
material_weapon_fragment_weapon_141,Material,WeaponFragment,"{""MaxCount"":8,""Blueprint"":{""item"":""blueprint_evolution_weapon_141""},""Name"":""material_weapon_fragment_weapon_141"",""Localization"":"""",""ItemValue"":0,""ItemLevel"":5,""Background"":{""spriteAtlas"":""RGTexture/sprite_atlas/items.spriteatlasv2"",""sprite"":""weapon_evolution_fragment_ui"",""tex"":""Assets/RGTexture/items/weapon_evolution_fragment_ui.png""},""Icon"":{""spriteAtlas"":""RGTexture/sprite_atlas/weapon.spriteatlasv2"",""sprite"":""weapons2_32"",""tex"":""Assets/RGTexture/weapon/weapons2.png""},""IconPosition"":{""x"":-0.1,""y"":0.03,""z"":0.0},""IconScale"":0.65,""IconRotation"":0.0}"
material_weapon_fragment_weapon_220,Material,WeaponFragment,"{""MaxCount"":8,""Blueprint"":{""item"":""blueprint_evolution_weapon_220""},""Name"":""material_weapon_fragment_weapon_220"",""Localization"":"""",""ItemValue"":0,""ItemLevel"":5,""Background"":{""spriteAtlas"":""RGTexture/sprite_atlas/items.spriteatlasv2"",""sprite"":""weapon_evolution_fragment_ui"",""tex"":""Assets/RGTexture/items/weapon_evolution_fragment_ui.png""},""Icon"":{""spriteAtlas"":""RGTexture/sprite_atlas/weapon.spriteatlasv2"",""sprite"":""weapons3_83"",""tex"":""Assets/RGTexture/weapon/weapons3.png""},""IconPosition"":{""x"":-0.23,""y"":-0.1,""z"":0.0},""IconScale"":0.65,""IconRotation"":0.0}"
material_weapon_fragment_weapon_277,Material,WeaponFragment,"{""MaxCount"":8,""Blueprint"":{""item"":""blueprint_evolution_weapon_277""},""Name"":""material_weapon_fragment_weapon_277"",""Localization"":"""",""ItemValue"":0,""ItemLevel"":5,""Background"":{""spriteAtlas"":""RGTexture/sprite_atlas/items.spriteatlasv2"",""sprite"":""weapon_evolution_fragment_ui"",""tex"":""Assets/RGTexture/items/weapon_evolution_fragment_ui.png""},""Icon"":{""spriteAtlas"":""RGTexture/sprite_atlas/weapon.spriteatlasv2"",""sprite"":""weapons4_7"",""tex"":""Assets/RGTexture/weapon/weapons4.png""},""IconPosition"":{""x"":-0.14,""y"":-0.08,""z"":0.0},""IconScale"":0.66,""IconRotation"":0.0}"
material_weapon_fragment_weapon_329,Material,WeaponFragment,"{""MaxCount"":8,""Blueprint"":{""item"":""blueprint_evolution_weapon_329""},""Name"":""material_weapon_fragment_weapon_329"",""Localization"":"""",""ItemValue"":0,""ItemLevel"":5,""Background"":{""spriteAtlas"":""RGTexture/sprite_atlas/items.spriteatlasv2"",""sprite"":""weapon_evolution_fragment_ui"",""tex"":""Assets/RGTexture/items/weapon_evolution_fragment_ui.png""},""Icon"":{""spriteAtlas"":""RGTexture/sprite_atlas/weapon.spriteatlasv2"",""sprite"":""weapons4_118"",""tex"":""Assets/RGTexture/weapon/weapons4.png""},""IconPosition"":{""x"":-0.29,""y"":0.05,""z"":0.0},""IconScale"":1.0,""IconRotation"":0.0}"
material_weapon_fragment_weapon_140,Material,WeaponFragment,"{""MaxCount"":8,""Blueprint"":{""item"":""blueprint_evolution_weapon_140""},""Name"":""material_weapon_fragment_weapon_140"",""Localization"":"""",""ItemValue"":0,""ItemLevel"":5,""Background"":{""spriteAtlas"":""RGTexture/sprite_atlas/items.spriteatlasv2"",""sprite"":""weapon_evolution_fragment_ui"",""tex"":""Assets/RGTexture/items/weapon_evolution_fragment_ui.png""},""Icon"":{""spriteAtlas"":""RGTexture/sprite_atlas/weapon.spriteatlasv2"",""sprite"":""weapons_154"",""tex"":""Assets/RGTexture/weapon/weapons.png""},""IconPosition"":{""x"":-0.16,""y"":-0.05,""z"":0.0},""IconScale"":0.65,""IconRotation"":0.0}"
material_weapon_fragment_weapon_015,Material,WeaponFragment,"{""MaxCount"":8,""Blueprint"":{""item"":""blueprint_evolution_weapon_015""},""Name"":""material_weapon_fragment_weapon_015"",""Localization"":"""",""ItemValue"":0,""ItemLevel"":5,""Background"":{""spriteAtlas"":""RGTexture/sprite_atlas/items.spriteatlasv2"",""sprite"":""weapon_evolution_fragment_ui"",""tex"":""Assets/RGTexture/items/weapon_evolution_fragment_ui.png""},""Icon"":{""spriteAtlas"":""RGTexture/sprite_atlas/weapon.spriteatlasv2"",""sprite"":""weapons_23"",""tex"":""Assets/RGTexture/weapon/weapons.png""},""IconPosition"":{""x"":-0.35,""y"":-0.05,""z"":0.0},""IconScale"":0.85,""IconRotation"":0.0}"
material_weapon_fragment_weapon_009,Material,WeaponFragment,"{""MaxCount"":8,""Blueprint"":{""item"":""blueprint_evolution_weapon_009""},""Name"":""material_weapon_fragment_weapon_009"",""Localization"":"""",""ItemValue"":0,""ItemLevel"":5,""Background"":{""spriteAtlas"":""RGTexture/sprite_atlas/items.spriteatlasv2"",""sprite"":""weapon_evolution_fragment_ui"",""tex"":""Assets/RGTexture/items/weapon_evolution_fragment_ui.png""},""Icon"":{""spriteAtlas"":""RGTexture/sprite_atlas/weapon.spriteatlasv2"",""sprite"":""weapons_11"",""tex"":""Assets/RGTexture/weapon/weapons.png""},""IconPosition"":{""x"":-0.07,""y"":-0.04,""z"":0.0},""IconScale"":0.75,""IconRotation"":0.0}"
material_weapon_fragment_weapon_183,Material,WeaponFragment,"{""MaxCount"":8,""Blueprint"":{""item"":""blueprint_evolution_weapon_009""},""Name"":""material_weapon_fragment_weapon_183"",""Localization"":"""",""ItemValue"":0,""ItemLevel"":5,""Background"":{""spriteAtlas"":""RGTexture/sprite_atlas/items.spriteatlasv2"",""sprite"":""weapon_evolution_fragment_ui"",""tex"":""Assets/RGTexture/items/weapon_evolution_fragment_ui.png""},""Icon"":{""spriteAtlas"":""RGTexture/sprite_atlas/weapon.spriteatlasv2"",""sprite"":""weapons3_14"",""tex"":""Assets/RGTexture/weapon/weapons3.png""},""IconPosition"":{""x"":-0.24,""y"":-0.04,""z"":0.0},""IconScale"":0.75,""IconRotation"":0.0}"
material_weapon_fragment_weapon_224,Material,WeaponFragment,"{""MaxCount"":8,""Blueprint"":{""item"":""blueprint_weapon_224""},""Name"":""material_weapon_fragment_weapon_224"",""Localization"":"""",""ItemValue"":0,""ItemLevel"":5,""Background"":{""spriteAtlas"":""RGTexture/sprite_atlas/items.spriteatlasv2"",""sprite"":""weapon_evolution_fragment_ui"",""tex"":""Assets/RGTexture/items/weapon_evolution_fragment_ui.png""},""Icon"":{""spriteAtlas"":""RGTexture/sprite_atlas/weapon.spriteatlasv2"",""sprite"":""weapons3_85"",""tex"":""Assets/RGTexture/weapon/weapons3.png""},""IconPosition"":{""x"":0.03,""y"":0.01,""z"":0.0},""IconScale"":0.5,""IconRotation"":0.0}"
material_weapon_fragment_weapon_061,Material,WeaponFragment,"{""MaxCount"":8,""Blueprint"":{""item"":""blueprint_evolution_weapon_061""},""Name"":""material_weapon_fragment_weapon_061"",""Localization"":"""",""ItemValue"":0,""ItemLevel"":5,""Background"":{""spriteAtlas"":""RGTexture/sprite_atlas/items.spriteatlasv2"",""sprite"":""weapon_evolution_fragment_ui"",""tex"":""Assets/RGTexture/items/weapon_evolution_fragment_ui.png""},""Icon"":{""spriteAtlas"":""RGTexture/sprite_atlas/weapon.spriteatlasv2"",""sprite"":""weapons_133"",""tex"":""Assets/RGTexture/weapon/weapons.png""},""IconPosition"":{""x"":-0.21,""y"":-0.03,""z"":0.0},""IconScale"":0.75,""IconRotation"":0.0}"
material_weapon_fragment_weapon_122,Material,WeaponFragment,"{""MaxCount"":8,""Blueprint"":{""item"":""blueprint_evolution_weapon_122""},""Name"":""material_weapon_fragment_weapon_122"",""Localization"":"""",""ItemValue"":0,""ItemLevel"":5,""Background"":{""spriteAtlas"":""RGTexture/sprite_atlas/items.spriteatlasv2"",""sprite"":""weapon_evolution_fragment_ui"",""tex"":""Assets/RGTexture/items/weapon_evolution_fragment_ui.png""},""Icon"":{""spriteAtlas"":""RGTexture/sprite_atlas/weapon.spriteatlasv2"",""sprite"":""weapons2_15"",""tex"":""Assets/RGTexture/weapon/weapons2.png""},""IconPosition"":{""x"":-0.14,""y"":0.05,""z"":0.0},""IconScale"":0.55,""IconRotation"":0.0}"
material_weapon_fragment_weapon_323,Material,WeaponFragment,"{""MaxCount"":8,""Blueprint"":{""item"":""blueprint_evolution_weapon_323""},""Name"":""material_weapon_fragment_weapon_323"",""Localization"":"""",""ItemValue"":0,""ItemLevel"":5,""Background"":{""spriteAtlas"":""RGTexture/sprite_atlas/items.spriteatlasv2"",""sprite"":""weapon_evolution_fragment_ui"",""tex"":""Assets/RGTexture/items/weapon_evolution_fragment_ui.png""},""Icon"":{""spriteAtlas"":""RGTexture/sprite_atlas/weapon.spriteatlasv2"",""sprite"":""weapons4_109"",""tex"":""Assets/RGTexture/weapon/weapons4.png""},""IconPosition"":{""x"":-0.12,""y"":-0.02,""z"":0.0},""IconScale"":0.4,""IconRotation"":0.0}"
material_weapon_fragment_weapon_302,Material,WeaponFragment,"{""MaxCount"":8,""Blueprint"":{""item"":""blueprint_evolution_weapon_302""},""Name"":""material_weapon_fragment_weapon_302"",""Localization"":"""",""ItemValue"":0,""ItemLevel"":5,""Background"":{""spriteAtlas"":""RGTexture/sprite_atlas/items.spriteatlasv2"",""sprite"":""weapon_evolution_fragment_ui"",""tex"":""Assets/RGTexture/items/weapon_evolution_fragment_ui.png""},""Icon"":{""spriteAtlas"":""RGTexture/sprite_atlas/weapon.spriteatlasv2"",""sprite"":""weapons4_74"",""tex"":""Assets/RGTexture/weapon/weapons4.png""},""IconPosition"":{""x"":-0.14,""y"":-0.08,""z"":0.0},""IconScale"":0.58,""IconRotation"":0.0}"
material_weapon_fragment_weapon_411,Material,WeaponFragment,"{""MaxCount"":8,""Blueprint"":{""item"":""blueprint_evolution_weapon_411""},""Name"":""material_weapon_fragment_weapon_411"",""Localization"":"""",""ItemValue"":0,""ItemLevel"":5,""Background"":{""spriteAtlas"":""RGTexture/sprite_atlas/items.spriteatlasv2"",""sprite"":""weapon_evolution_fragment_ui"",""tex"":""Assets/RGTexture/items/weapon_evolution_fragment_ui.png""},""Icon"":{""spriteAtlas"":""RGTexture/sprite_atlas/weapon.spriteatlasv2"",""sprite"":""weapon_411"",""tex"":""Assets/RGTexture/weapon/weapon_411.png""},""IconPosition"":{""x"":-0.25,""y"":-0.06,""z"":0.0},""IconScale"":0.68,""IconRotation"":0.0}"
material_weapon_fragment_weapon_120,Material,WeaponFragment,"{""MaxCount"":8,""Blueprint"":{""item"":""blueprint_evolution_weapon_120""},""Name"":""material_weapon_fragment_weapon_120"",""Localization"":"""",""ItemValue"":0,""ItemLevel"":5,""Background"":{""spriteAtlas"":""RGTexture/sprite_atlas/items.spriteatlasv2"",""sprite"":""weapon_evolution_fragment_ui"",""tex"":""Assets/RGTexture/items/weapon_evolution_fragment_ui.png""},""Icon"":{""spriteAtlas"":""RGTexture/sprite_atlas/weapon.spriteatlasv2"",""sprite"":""weapons2_27"",""tex"":""Assets/RGTexture/weapon/weapons2.png""},""IconPosition"":{""x"":-0.4,""y"":0.0,""z"":0.0},""IconScale"":0.68,""IconRotation"":0.0}"
material_weapon_fragment_weapon_044,Material,WeaponFragment,"{""MaxCount"":8,""Blueprint"":{""item"":""blueprint_evolution_weapon_044""},""Name"":""material_weapon_fragment_weapon_044"",""Localization"":"""",""ItemValue"":0,""ItemLevel"":5,""Background"":{""spriteAtlas"":""RGTexture/sprite_atlas/items.spriteatlasv2"",""sprite"":""weapon_evolution_fragment_ui"",""tex"":""Assets/RGTexture/items/weapon_evolution_fragment_ui.png""},""Icon"":{""spriteAtlas"":""RGTexture/sprite_atlas/weapon.spriteatlasv2"",""sprite"":""weapons_36"",""tex"":""Assets/RGTexture/weapon/weapons.png""},""IconPosition"":{""x"":-0.15,""y"":-0.15,""z"":0.0},""IconScale"":0.8,""IconRotation"":0.0}"
material_weapon_fragment_weapon_115,Material,WeaponFragment,"{""MaxCount"":8,""Blueprint"":{""item"":""blueprint_evolution_weapon_115""},""Name"":""material_weapon_fragment_weapon_115"",""Localization"":"""",""ItemValue"":0,""ItemLevel"":5,""Background"":{""spriteAtlas"":""RGTexture/sprite_atlas/items.spriteatlasv2"",""sprite"":""weapon_evolution_fragment_ui"",""tex"":""Assets/RGTexture/items/weapon_evolution_fragment_ui.png""},""Icon"":{""spriteAtlas"":""RGTexture/sprite_atlas/weapon.spriteatlasv2"",""sprite"":""weapons_85"",""tex"":""Assets/RGTexture/weapon/weapons.png""},""IconPosition"":{""x"":-0.16,""y"":-0.02,""z"":0.0},""IconScale"":0.65,""IconRotation"":0.0}"
material_weapon_fragment_weapon_370,Material,WeaponFragment,"{""MaxCount"":8,""Blueprint"":{""item"":""blueprint_evolution_weapon_370""},""Name"":""material_weapon_fragment_weapon_370"",""Localization"":"""",""ItemValue"":0,""ItemLevel"":5,""Background"":{""spriteAtlas"":""RGTexture/sprite_atlas/items.spriteatlasv2"",""sprite"":""weapon_evolution_fragment_ui"",""tex"":""Assets/RGTexture/items/weapon_evolution_fragment_ui.png""},""Icon"":{""spriteAtlas"":""RGTexture/sprite_atlas/weapon.spriteatlasv2"",""sprite"":""weapon_370"",""tex"":""Assets/RGTexture/weapon/weapon_370.PNG""},""IconPosition"":{""x"":-0.05,""y"":-0.12,""z"":0.0},""IconScale"":0.45,""IconRotation"":0.0}"
material_weapon_fragment_weapon_412,Material,WeaponFragment,"{""MaxCount"":8,""Blueprint"":{""item"":""blueprint_evolution_weapon_412""},""Name"":""material_weapon_fragment_weapon_412"",""Localization"":"""",""ItemValue"":0,""ItemLevel"":5,""Background"":{""spriteAtlas"":""RGTexture/sprite_atlas/items.spriteatlasv2"",""sprite"":""weapon_evolution_fragment_ui"",""tex"":""Assets/RGTexture/items/weapon_evolution_fragment_ui.png""},""Icon"":{""spriteAtlas"":""RGTexture/sprite_atlas/weapon.spriteatlasv2"",""sprite"":""weapon_412_0"",""tex"":""Assets/RGTexture/weapon/weapon_412.png""},""IconPosition"":{""x"":-0.14,""y"":0.2,""z"":0.0},""IconScale"":0.55,""IconRotation"":0.0}"
material_weapon_fragment_weapon_139,Material,WeaponFragment,"{""MaxCount"":8,""Blueprint"":{""item"":""blueprint_evolution_weapon_139""},""Name"":""material_weapon_fragment_weapon_139"",""Localization"":"""",""ItemValue"":0,""ItemLevel"":5,""Background"":{""spriteAtlas"":""RGTexture/sprite_atlas/items.spriteatlasv2"",""sprite"":""weapon_evolution_fragment_ui"",""tex"":""Assets/RGTexture/items/weapon_evolution_fragment_ui.png""},""Icon"":{""spriteAtlas"":""RGTexture/sprite_atlas/weapon.spriteatlasv2"",""sprite"":""weapons2_36"",""tex"":""Assets/RGTexture/weapon/weapons2.png""},""IconPosition"":{""x"":-0.25,""y"":-0.1,""z"":0.0},""IconScale"":0.8,""IconRotation"":0.0}"
material_weapon_fragment_weapon_175,Material,WeaponFragment,"{""MaxCount"":8,""Blueprint"":{""item"":""blueprint_evolution_weapon_175""},""Name"":""material_weapon_fragment_weapon_175"",""Localization"":"""",""ItemValue"":0,""ItemLevel"":5,""Background"":{""spriteAtlas"":""RGTexture/sprite_atlas/items.spriteatlasv2"",""sprite"":""weapon_evolution_fragment_ui"",""tex"":""Assets/RGTexture/items/weapon_evolution_fragment_ui.png""},""Icon"":{""spriteAtlas"":""RGTexture/sprite_atlas/weapon.spriteatlasv2"",""sprite"":""weapons2_97"",""tex"":""Assets/RGTexture/weapon/weapons2.png""},""IconPosition"":{""x"":-0.25,""y"":-0.1,""z"":0.0},""IconScale"":0.8,""IconRotation"":0.0}"
material_weapon_fragment_weapon_343,Material,WeaponFragment,"{""MaxCount"":8,""Blueprint"":{""item"":""blueprint_evolution_weapon_343""},""Name"":""material_weapon_fragment_weapon_343"",""Localization"":"""",""ItemValue"":0,""ItemLevel"":5,""Background"":{""spriteAtlas"":""RGTexture/sprite_atlas/items.spriteatlasv2"",""sprite"":""weapon_evolution_fragment_ui"",""tex"":""Assets/RGTexture/items/weapon_evolution_fragment_ui.png""},""Icon"":{""spriteAtlas"":""RGTexture/sprite_atlas/weapon.spriteatlasv2"",""sprite"":""weapons5_111"",""tex"":""Assets/RGTexture/weapon/weapons5.png""},""IconPosition"":{""x"":-0.18,""y"":0.0,""z"":0.0},""IconScale"":0.7,""IconRotation"":0.0}"
material_weapon_fragment_weapon_413,Material,WeaponFragment,"{""MaxCount"":8,""Blueprint"":{""item"":""blueprint_evolution_weapon_413""},""Name"":""material_weapon_fragment_weapon_413"",""Localization"":"""",""ItemValue"":0,""ItemLevel"":5,""Background"":{""spriteAtlas"":""RGTexture/sprite_atlas/items.spriteatlasv2"",""sprite"":""weapon_evolution_fragment_ui"",""tex"":""Assets/RGTexture/items/weapon_evolution_fragment_ui.png""},""Icon"":{""spriteAtlas"":""RGTexture/sprite_atlas/weapon.spriteatlasv2"",""sprite"":""weapon_413"",""tex"":""Assets/RGTexture/weapon/weapon_413.png""},""IconPosition"":{""x"":-0.15,""y"":-0.18,""z"":0.0},""IconScale"":0.8,""IconRotation"":0.0}"
material_weapon_fragment_weapon_cg_2,Material,WeaponFragment,"{""MaxCount"":8,""Blueprint"":{""item"":""blueprint_evolution_weapon_cg_2""},""Name"":""material_weapon_fragment_weapon_cg_2"",""Localization"":"""",""ItemValue"":0,""ItemLevel"":5,""Background"":{""spriteAtlas"":""RGTexture/sprite_atlas/items.spriteatlasv2"",""sprite"":""weapon_evolution_fragment_ui"",""tex"":""Assets/RGTexture/items/weapon_evolution_fragment_ui.png""},""Icon"":{""spriteAtlas"":""RGTexture/sprite_atlas/weapon.spriteatlasv2"",""sprite"":""weapon_cg_2"",""tex"":""Assets/RGTexture/weapon/weapon_cg_2.png""},""IconPosition"":{""x"":-0.07,""y"":-0.09,""z"":0.0},""IconScale"":0.5,""IconRotation"":0.0}"
material_weapon_fragment_weapon_274,Material,WeaponFragment,"{""MaxCount"":8,""Blueprint"":{""item"":""blueprint_evolution_weapon_274""},""Name"":""material_weapon_fragment_weapon_274"",""Localization"":"""",""ItemValue"":0,""ItemLevel"":5,""Background"":{""spriteAtlas"":""RGTexture/sprite_atlas/items.spriteatlasv2"",""sprite"":""weapon_evolution_fragment_ui"",""tex"":""Assets/RGTexture/items/weapon_evolution_fragment_ui.png""},""Icon"":{""spriteAtlas"":""RGTexture/sprite_atlas/weapon.spriteatlasv2"",""sprite"":""weapons3_168"",""tex"":""Assets/RGTexture/weapon/weapons3.png""},""IconPosition"":{""x"":-0.4,""y"":-0.1,""z"":0.0},""IconScale"":0.8,""IconRotation"":0.0}"
material_weapon_fragment_weapon_260,Material,WeaponFragment,"{""MaxCount"":8,""Blueprint"":{""item"":""blueprint_evolution_weapon_260""},""Name"":""material_weapon_fragment_weapon_260"",""Localization"":"""",""ItemValue"":0,""ItemLevel"":5,""Background"":{""spriteAtlas"":""RGTexture/sprite_atlas/items.spriteatlasv2"",""sprite"":""weapon_evolution_fragment_ui"",""tex"":""Assets/RGTexture/items/weapon_evolution_fragment_ui.png""},""Icon"":{""spriteAtlas"":""RGTexture/sprite_atlas/weapon.spriteatlasv2"",""sprite"":""weapons3_173"",""tex"":""Assets/RGTexture/weapon/weapons3.png""},""IconPosition"":{""x"":-0.3,""y"":0.0,""z"":0.0},""IconScale"":0.8,""IconRotation"":0.0}"
material_weapon_fragment_weapon_043,Material,WeaponFragment,"{""MaxCount"":8,""Blueprint"":{""item"":""blueprint_evolution_weapon_043""},""Name"":""material_weapon_fragment_weapon_043"",""Localization"":"""",""ItemValue"":0,""ItemLevel"":5,""Background"":{""spriteAtlas"":""RGTexture/sprite_atlas/items.spriteatlasv2"",""sprite"":""weapon_evolution_fragment_ui"",""tex"":""Assets/RGTexture/items/weapon_evolution_fragment_ui.png""},""Icon"":{""spriteAtlas"":""RGTexture/sprite_atlas/weapon.spriteatlasv2"",""sprite"":""weapons_30"",""tex"":""Assets/RGTexture/weapon/weapons.png""},""IconPosition"":{""x"":-0.25,""y"":-0.05,""z"":0.0},""IconScale"":0.8,""IconRotation"":0.0}"
material_weapon_fragment_weapon_414,Material,WeaponFragment,"{""MaxCount"":8,""Blueprint"":{""item"":""blueprint_evolution_weapon_414""},""Name"":""material_weapon_fragment_weapon_414"",""Localization"":"""",""ItemValue"":0,""ItemLevel"":5,""Background"":{""spriteAtlas"":""RGTexture/sprite_atlas/items.spriteatlasv2"",""sprite"":""weapon_evolution_fragment_ui"",""tex"":""Assets/RGTexture/items/weapon_evolution_fragment_ui.png""},""Icon"":{""spriteAtlas"":""RGTexture/sprite_atlas/weapon.spriteatlasv2"",""sprite"":""weapon_414"",""tex"":""Assets/RGTexture/weapon/weapon_414.png""},""IconPosition"":{""x"":-0.1,""y"":-0.06,""z"":0.0},""IconScale"":0.6,""IconRotation"":0.0}"
material_weapon_fragment_weapon_307,Material,WeaponFragment,"{""MaxCount"":8,""Blueprint"":{""item"":""blueprint_evolution_weapon_307""},""Name"":""material_weapon_fragment_weapon_307"",""Localization"":"""",""ItemValue"":0,""ItemLevel"":5,""Background"":{""spriteAtlas"":""RGTexture/sprite_atlas/items.spriteatlasv2"",""sprite"":""weapon_evolution_fragment_ui"",""tex"":""Assets/RGTexture/items/weapon_evolution_fragment_ui.png""},""Icon"":{""spriteAtlas"":""RGTexture/sprite_atlas/weapon.spriteatlasv2"",""sprite"":""weapons4_86"",""tex"":""Assets/RGTexture/weapon/weapons4.png""},""IconPosition"":{""x"":-0.4,""y"":-0.04,""z"":0.0},""IconScale"":0.46,""IconRotation"":0.0}"
material_weapon_fragment_weapon_415,Material,WeaponFragment,"{""MaxCount"":8,""Blueprint"":{""item"":""blueprint_evolution_weapon_307""},""Name"":""material_weapon_fragment_weapon_415"",""Localization"":"""",""ItemValue"":0,""ItemLevel"":5,""Background"":{""spriteAtlas"":""RGTexture/sprite_atlas/items.spriteatlasv2"",""sprite"":""weapon_evolution_fragment_ui"",""tex"":""Assets/RGTexture/items/weapon_evolution_fragment_ui.png""},""Icon"":{""spriteAtlas"":""RGTexture/sprite_atlas/weapon.spriteatlasv2"",""sprite"":""weapon_415"",""tex"":""Assets/RGTexture/weapon/weapon_415.png""},""IconPosition"":{""x"":0.0,""y"":0.0,""z"":0.0},""IconScale"":1.0,""IconRotation"":0.0}"
material_weapon_fragment_weapon_095,Material,WeaponFragment,"{""MaxCount"":8,""Blueprint"":{""item"":""blueprint_evolution_weapon_095""},""Name"":""material_weapon_fragment_weapon_095"",""Localization"":"""",""ItemValue"":0,""ItemLevel"":5,""Background"":{""spriteAtlas"":""RGTexture/sprite_atlas/items.spriteatlasv2"",""sprite"":""weapon_evolution_fragment_ui"",""tex"":""Assets/RGTexture/items/weapon_evolution_fragment_ui.png""},""Icon"":{""spriteAtlas"":""RGTexture/sprite_atlas/weapon.spriteatlasv2"",""sprite"":""paladin_0_skill_0_effect_0_0"",""tex"":""Assets/RGTexture/weapon/paladin_0_skill_0_effect_0.png""},""IconPosition"":{""x"":0.03,""y"":-0.01,""z"":0.0},""IconScale"":0.72,""IconRotation"":0.0}"
material_weapon_fragment_weapon_028,Material,WeaponFragment,"{""MaxCount"":8,""Blueprint"":{""item"":""blueprint_evolution_weapon_028""},""Name"":""material_weapon_fragment_weapon_028"",""Localization"":"""",""ItemValue"":0,""ItemLevel"":5,""Background"":{""spriteAtlas"":""RGTexture/sprite_atlas/items.spriteatlasv2"",""sprite"":""weapon_evolution_fragment_ui"",""tex"":""Assets/RGTexture/items/weapon_evolution_fragment_ui.png""},""Icon"":{""spriteAtlas"":""RGTexture/sprite_atlas/weapon.spriteatlasv2"",""sprite"":""weapons_117"",""tex"":""Assets/RGTexture/weapon/weapons.png""},""IconPosition"":{""x"":-0.03,""y"":-0.05,""z"":0.0},""IconScale"":0.75,""IconRotation"":0.0}"
material_weapon_fragment_weapon_309,Material,WeaponFragment,"{""MaxCount"":8,""Blueprint"":{""item"":""blueprint_evolution_weapon_309""},""Name"":""material_weapon_fragment_weapon_309"",""Localization"":"""",""ItemValue"":0,""ItemLevel"":5,""Background"":{""spriteAtlas"":""RGTexture/sprite_atlas/items.spriteatlasv2"",""sprite"":""weapon_evolution_fragment_ui"",""tex"":""Assets/RGTexture/items/weapon_evolution_fragment_ui.png""},""Icon"":{""spriteAtlas"":""RGTexture/sprite_atlas/weapon.spriteatlasv2"",""sprite"":""weapons4_87"",""tex"":""Assets/RGTexture/weapon/weapons4.png""},""IconPosition"":{""x"":0.03,""y"":0.0,""z"":0.0},""IconScale"":0.54,""IconRotation"":0.0}"
material_weapon_fragment_weapon_128,Material,WeaponFragment,"{""MaxCount"":8,""Blueprint"":{""item"":""blueprint_evolution_weapon_128""},""Name"":""material_weapon_fragment_weapon_128"",""Localization"":"""",""ItemValue"":0,""ItemLevel"":5,""Background"":{""spriteAtlas"":""RGTexture/sprite_atlas/items.spriteatlasv2"",""sprite"":""weapon_evolution_fragment_ui"",""tex"":""Assets/RGTexture/items/weapon_evolution_fragment_ui.png""},""Icon"":{""spriteAtlas"":""RGTexture/sprite_atlas/weapon.spriteatlasv2"",""sprite"":""weapons2_30"",""tex"":""Assets/RGTexture/weapon/weapons2.png""},""IconPosition"":{""x"":-0.12,""y"":-0.1,""z"":0.0},""IconScale"":0.58,""IconRotation"":0.0}"
material_weapon_fragment_weapon_310,Material,WeaponFragment,"{""MaxCount"":8,""Blueprint"":{""item"":""blueprint_evolution_weapon_310""},""Name"":""material_weapon_fragment_weapon_310"",""Localization"":"""",""ItemValue"":0,""ItemLevel"":5,""Background"":{""spriteAtlas"":""RGTexture/sprite_atlas/items.spriteatlasv2"",""sprite"":""weapon_evolution_fragment_ui"",""tex"":""Assets/RGTexture/items/weapon_evolution_fragment_ui.png""},""Icon"":{""spriteAtlas"":""RGTexture/sprite_atlas/weapon.spriteatlasv2"",""sprite"":""weapons4_91"",""tex"":""Assets/RGTexture/weapon/weapons4.png""},""IconPosition"":{""x"":-0.51,""y"":-0.07,""z"":0.0},""IconScale"":0.42,""IconRotation"":0.0}"
material_weapon_fragment_weapon_181,Material,WeaponFragment,"{""MaxCount"":8,""Blueprint"":{""item"":""blueprint_evolution_weapon_181""},""Name"":""material_weapon_fragment_weapon_181"",""Localization"":"""",""ItemValue"":0,""ItemLevel"":5,""Background"":{""spriteAtlas"":""RGTexture/sprite_atlas/items.spriteatlasv2"",""sprite"":""weapon_evolution_fragment_ui"",""tex"":""Assets/RGTexture/items/weapon_evolution_fragment_ui.png""},""Icon"":{""spriteAtlas"":""RGTexture/sprite_atlas/weapon.spriteatlasv2"",""sprite"":""weapons2_128"",""tex"":""Assets/RGTexture/weapon/weapons2.png""},""IconPosition"":{""x"":-0.09,""y"":-0.08,""z"":0.0},""IconScale"":0.58,""IconRotation"":0.0}"
material_weapon_fragment_weapon_330,Material,WeaponFragment,"{""MaxCount"":8,""Blueprint"":{""item"":""blueprint_evolution_weapon_330""},""Name"":""material_weapon_fragment_weapon_330"",""Localization"":"""",""ItemValue"":0,""ItemLevel"":5,""Background"":{""spriteAtlas"":""RGTexture/sprite_atlas/items.spriteatlasv2"",""sprite"":""weapon_evolution_fragment_ui"",""tex"":""Assets/RGTexture/items/weapon_evolution_fragment_ui.png""},""Icon"":{""spriteAtlas"":""RGTexture/sprite_atlas/weapon.spriteatlasv2"",""sprite"":""weapons4_115"",""tex"":""Assets/RGTexture/weapon/weapons4.png""},""IconPosition"":{""x"":-0.24,""y"":-0.07,""z"":0.0},""IconScale"":0.58,""IconRotation"":0.0}"
material_weapon_fragment_weapon_192,Material,WeaponFragment,"{""MaxCount"":8,""Blueprint"":{""item"":""blueprint_evolution_weapon_192""},""Name"":""material_weapon_fragment_weapon_192"",""Localization"":"""",""ItemValue"":0,""ItemLevel"":5,""Background"":{""spriteAtlas"":""RGTexture/sprite_atlas/items.spriteatlasv2"",""sprite"":""weapon_evolution_fragment_ui"",""tex"":""Assets/RGTexture/items/weapon_evolution_fragment_ui.png""},""Icon"":{""spriteAtlas"":""RGTexture/sprite_atlas/weapon.spriteatlasv2"",""sprite"":""weapons2_121"",""tex"":""Assets/RGTexture/weapon/weapons2.png""},""IconPosition"":{""x"":-0.27,""y"":0.0,""z"":0.0},""IconScale"":0.62,""IconRotation"":0.0}"
material_weapon_fragment_weapon_050,Material,WeaponFragment,"{""MaxCount"":8,""Blueprint"":{""item"":""blueprint_evolution_weapon_050""},""Name"":""material_weapon_fragment_weapon_050"",""Localization"":"""",""ItemValue"":0,""ItemLevel"":5,""Background"":{""spriteAtlas"":""RGTexture/sprite_atlas/items.spriteatlasv2"",""sprite"":""weapon_evolution_fragment_ui"",""tex"":""Assets/RGTexture/items/weapon_evolution_fragment_ui.png""},""Icon"":{""spriteAtlas"":""RGTexture/sprite_atlas/weapon.spriteatlasv2"",""sprite"":""weapons_0"",""tex"":""Assets/RGTexture/weapon/weapons.png""},""IconPosition"":{""x"":-0.35,""y"":-0.05,""z"":0.0},""IconScale"":0.8,""IconRotation"":0.0}"
material_weapon_fragment_weapon_034,Material,WeaponFragment,"{""MaxCount"":8,""Blueprint"":{""item"":""blueprint_evolution_weapon_034""},""Name"":""material_weapon_fragment_weapon_034"",""Localization"":"""",""ItemValue"":0,""ItemLevel"":5,""Background"":{""spriteAtlas"":""RGTexture/sprite_atlas/items.spriteatlasv2"",""sprite"":""weapon_evolution_fragment_ui"",""tex"":""Assets/RGTexture/items/weapon_evolution_fragment_ui.png""},""Icon"":{""spriteAtlas"":""RGTexture/sprite_atlas/weapon.spriteatlasv2"",""sprite"":""weapons_3"",""tex"":""Assets/RGTexture/weapon/weapons.png""},""IconPosition"":{""x"":-0.35,""y"":-0.05,""z"":0.0},""IconScale"":0.8,""IconRotation"":0.0}"
material_weapon_fragment_weapon_306,Material,WeaponFragment,"{""MaxCount"":8,""Blueprint"":{""item"":""blueprint_evolution_weapon_306""},""Name"":""material_weapon_fragment_weapon_306"",""Localization"":"""",""ItemValue"":0,""ItemLevel"":5,""Background"":{""spriteAtlas"":""RGTexture/sprite_atlas/items.spriteatlasv2"",""sprite"":""weapon_evolution_fragment_ui"",""tex"":""Assets/RGTexture/items/weapon_evolution_fragment_ui.png""},""Icon"":{""spriteAtlas"":""RGTexture/sprite_atlas/weapon.spriteatlasv2"",""sprite"":""weapons4_82"",""tex"":""Assets/RGTexture/weapon/weapons4.png""},""IconPosition"":{""x"":-0.35,""y"":-0.05,""z"":0.0},""IconScale"":0.45,""IconRotation"":0.0}"
material_weapon_fragment_weapon_247,Material,WeaponFragment,"{""MaxCount"":8,""Blueprint"":{""item"":""blueprint_evolution_weapon_247""},""Name"":""material_weapon_fragment_weapon_247"",""Localization"":"""",""ItemValue"":0,""ItemLevel"":5,""Background"":{""spriteAtlas"":""RGTexture/sprite_atlas/items.spriteatlasv2"",""sprite"":""weapon_evolution_fragment_ui"",""tex"":""Assets/RGTexture/items/weapon_evolution_fragment_ui.png""},""Icon"":{""spriteAtlas"":""RGTexture/sprite_atlas/weapon.spriteatlasv2"",""sprite"":""weapons3_139"",""tex"":""Assets/RGTexture/weapon/weapons3.png""},""IconPosition"":{""x"":-0.2,""y"":0.0,""z"":0.0},""IconScale"":0.65,""IconRotation"":0.0}"
material_weapon_fragment_weapon_169,Material,WeaponFragment,"{""MaxCount"":8,""Blueprint"":{""item"":""blueprint_evolution_weapon_169""},""Name"":""material_weapon_fragment_weapon_169"",""Localization"":"""",""ItemValue"":0,""ItemLevel"":5,""Background"":{""spriteAtlas"":""RGTexture/sprite_atlas/items.spriteatlasv2"",""sprite"":""weapon_evolution_fragment_ui"",""tex"":""Assets/RGTexture/items/weapon_evolution_fragment_ui.png""},""Icon"":{""spriteAtlas"":""RGTexture/sprite_atlas/weapon.spriteatlasv2"",""sprite"":""weapons2_66"",""tex"":""Assets/RGTexture/weapon/weapons2.png""},""IconPosition"":{""x"":-0.35,""y"":0.07,""z"":0.0},""IconScale"":0.7,""IconRotation"":0.0}"
material_weapon_fragment_weapon_299,Material,WeaponFragment,"{""MaxCount"":8,""Blueprint"":{""item"":""blueprint_evolution_weapon_299""},""Name"":""material_weapon_fragment_weapon_299"",""Localization"":""material_weapon_fragment_chest_desc"",""ItemValue"":0,""ItemLevel"":0,""Background"":{""spriteAtlas"":""RGTexture/sprite_atlas/items.spriteatlasv2"",""sprite"":""weapon_evolution_fragment_ui"",""tex"":""Assets/RGTexture/items/weapon_evolution_fragment_ui.png""},""Icon"":{""spriteAtlas"":""RGTexture/sprite_atlas/weapon.spriteatlasv2"",""sprite"":""weapons4_73"",""tex"":""Assets/RGTexture/weapon/weapons4.png""},""IconPosition"":{""x"":-0.4,""y"":0.0,""z"":0.0},""IconScale"":0.45,""IconRotation"":0.0}"
material_weapon_fragment_weapon_253,Material,WeaponFragment,"{""MaxCount"":8,""Blueprint"":{""item"":""blueprint_evolution_weapon_253""},""Name"":""material_weapon_fragment_weapon_253"",""Localization"":""material_weapon_fragment_chest_desc"",""ItemValue"":0,""ItemLevel"":0,""Background"":{""spriteAtlas"":""RGTexture/sprite_atlas/items.spriteatlasv2"",""sprite"":""weapon_evolution_fragment_ui"",""tex"":""Assets/RGTexture/items/weapon_evolution_fragment_ui.png""},""Icon"":{""spriteAtlas"":""RGTexture/sprite_atlas/weapon.spriteatlasv2"",""sprite"":""weapons3_152"",""tex"":""Assets/RGTexture/weapon/weapons3.png""},""IconPosition"":{""x"":0.0,""y"":0.0,""z"":0.0},""IconScale"":0.8,""IconRotation"":0.0}"
material_weapon_fragment_weapon_167,Material,WeaponFragment,"{""MaxCount"":8,""Blueprint"":{""item"":""blueprint_evolution_weapon_167""},""Name"":""material_weapon_fragment_weapon_167"",""Localization"":""material_weapon_fragment_chest_desc"",""ItemValue"":0,""ItemLevel"":0,""Background"":{""spriteAtlas"":""RGTexture/sprite_atlas/items.spriteatlasv2"",""sprite"":""weapon_evolution_fragment_ui"",""tex"":""Assets/RGTexture/items/weapon_evolution_fragment_ui.png""},""Icon"":{""spriteAtlas"":""RGTexture/sprite_atlas/weapon.spriteatlasv2"",""sprite"":""weapons2_68"",""tex"":""Assets/RGTexture/weapon/weapons2.png""},""IconPosition"":{""x"":0.0,""y"":0.0,""z"":0.0},""IconScale"":1.3,""IconRotation"":0.0}"
material_weapon_fragment_weapon_298,Material,WeaponFragment,"{""MaxCount"":8,""Blueprint"":{""item"":""blueprint_evolution_weapon_298""},""Name"":""material_weapon_fragment_weapon_298"",""Localization"":"""",""ItemValue"":0,""ItemLevel"":5,""Background"":{""spriteAtlas"":""RGTexture/sprite_atlas/items.spriteatlasv2"",""sprite"":""weapon_evolution_fragment_ui"",""tex"":""Assets/RGTexture/items/weapon_evolution_fragment_ui.png""},""Icon"":{""spriteAtlas"":""RGTexture/sprite_atlas/weapon.spriteatlasv2"",""sprite"":""weapons4_72"",""tex"":""Assets/RGTexture/weapon/weapons4.png""},""IconPosition"":{""x"":-0.24,""y"":-0.07,""z"":0.0},""IconScale"":0.58,""IconRotation"":0.0}"
material_skill_Druid_1,Material,SkillFragment,"{""MaxCount"":8,""Blueprint"":{""item"":""blueprint_skill_Druid_1""},""Hero"":11,""SkillIndex"":1,""Name"":""material_skill_Druid_1"",""Localization"":"""",""ItemValue"":200,""ItemLevel"":0,""Background"":{""spriteAtlas"":""RGTexture/sprite_atlas/items.spriteatlasv2"",""sprite"":""objects_pickable_8"",""tex"":""Assets/RGTexture/items/objects_pickable.png""},""Icon"":{""spriteAtlas"":""RGTexture/sprite_atlas/ui/common.spriteatlasv2"",""sprite"":""druid_1"",""tex"":""Assets/RGTexture/ui/common/druid_1.png""},""IconPosition"":{""x"":-0.05,""y"":0.055,""z"":0.0},""IconScale"":1.0,""IconRotation"":0.0}"
material_skill_Officer_2,Material,SkillFragment,"{""MaxCount"":8,""Blueprint"":{""item"":""blueprint_skill_Officer_2""},""Hero"":15,""SkillIndex"":2,""Name"":""material_skill_Officer_2"",""Localization"":"""",""ItemValue"":200,""ItemLevel"":0,""Background"":{""spriteAtlas"":""RGTexture/sprite_atlas/items.spriteatlasv2"",""sprite"":""objects_pickable_8"",""tex"":""Assets/RGTexture/items/objects_pickable.png""},""Icon"":{""spriteAtlas"":""RGTexture/sprite_atlas/ui/common.spriteatlasv2"",""sprite"":""officer_2"",""tex"":""Assets/RGTexture/ui/common/officer_2.png""},""IconPosition"":{""x"":0.0,""y"":0.095,""z"":0.0},""IconScale"":1.125,""IconRotation"":0.0}"
material_skill_Paladin_2,Material,SkillFragment,"{""MaxCount"":8,""Blueprint"":{""item"":""blueprint_skill_Paladin_2""},""Hero"":7,""SkillIndex"":2,""Name"":""material_skill_Paladin_2"",""Localization"":"""",""ItemValue"":200,""ItemLevel"":0,""Background"":{""spriteAtlas"":""RGTexture/sprite_atlas/items.spriteatlasv2"",""sprite"":""objects_pickable_8"",""tex"":""Assets/RGTexture/items/objects_pickable.png""},""Icon"":{""spriteAtlas"":""RGTexture/sprite_atlas/ui/common.spriteatlasv2"",""sprite"":""paladin_2"",""tex"":""Assets/RGTexture/ui/common/paladin_2.png""},""IconPosition"":{""x"":-0.1,""y"":0.0,""z"":0.0},""IconScale"":1.0,""IconRotation"":0.0}"
material_skill_Priest_1,Material,SkillFragment,"{""MaxCount"":8,""Blueprint"":{""item"":""blueprint_skill_Priest_1""},""Hero"":10,""SkillIndex"":1,""Name"":""material_skill_Priest_1"",""Localization"":"""",""ItemValue"":200,""ItemLevel"":0,""Background"":{""spriteAtlas"":""RGTexture/sprite_atlas/items.spriteatlasv2"",""sprite"":""objects_pickable_8"",""tex"":""Assets/RGTexture/items/objects_pickable.png""},""Icon"":{""spriteAtlas"":""RGTexture/sprite_atlas/ui/common.spriteatlasv2"",""sprite"":""priest_1"",""tex"":""Assets/RGTexture/ui/common/priest_1.png""},""IconPosition"":{""x"":-0.1,""y"":0.0,""z"":0.0},""IconScale"":1.0,""IconRotation"":0.0}"
material_skill_Viking_2,Material,SkillFragment,"{""MaxCount"":8,""Blueprint"":{""item"":""blueprint_skill_Viking_2""},""Hero"":13,""SkillIndex"":2,""Name"":""material_skill_Viking_2"",""Localization"":"""",""ItemValue"":200,""ItemLevel"":0,""Background"":{""spriteAtlas"":""RGTexture/sprite_atlas/items.spriteatlasv2"",""sprite"":""objects_pickable_8"",""tex"":""Assets/RGTexture/items/objects_pickable.png""},""Icon"":{""spriteAtlas"":""RGTexture/sprite_atlas/ui/common.spriteatlasv2"",""sprite"":""viking_2"",""tex"":""Assets/RGTexture/ui/common/viking_2.png""},""IconPosition"":{""x"":-0.1,""y"":0.0,""z"":0.0},""IconScale"":1.0,""IconRotation"":0.0}"
material_skill_Warlock_1,Material,SkillFragment,"{""MaxCount"":8,""Blueprint"":{""item"":""blueprint_skill_Warlock_1""},""Hero"":23,""SkillIndex"":1,""Name"":""material_skill_Warlock_1"",""Localization"":"""",""ItemValue"":200,""ItemLevel"":0,""Background"":{""spriteAtlas"":""RGTexture/sprite_atlas/items.spriteatlasv2"",""sprite"":""objects_pickable_8"",""tex"":""Assets/RGTexture/items/objects_pickable.png""},""Icon"":{""spriteAtlas"":""RGTexture/sprite_atlas/ui/common.spriteatlasv2"",""sprite"":""warlock_skill_1_icon"",""tex"":""Assets/RGTexture/ui/common/warlock_skill_1_icon.png""},""IconPosition"":{""x"":-0.06,""y"":0.06,""z"":0.0},""IconScale"":0.9,""IconRotation"":0.0}"
material_skin_fragment_boss01,Material,SkinFragment,"{""MaxCount"":8,""Blueprint"":{""item"":""blueprint_skin_paladin_7""},""BossId"":""boss01"",""IsBossFragment"":true,""Name"":""material_skin_fragment_boss01"",""Localization"":"""",""ItemValue"":800,""ItemLevel"":0,""Background"":{},""Icon"":{""spriteAtlas"":""RGTexture/sprite_atlas/items.spriteatlasv2"",""sprite"":""objects_pickable_44"",""tex"":""Assets/RGTexture/items/objects_pickable.png""},""IconPosition"":{""x"":0.0,""y"":0.0,""z"":0.0},""IconScale"":1.0,""IconRotation"":0.0}"
material_skin_fragment_boss02,Material,SkinFragment,"{""MaxCount"":8,""Blueprint"":{""item"":""blueprint_skin_mage_7""},""BossId"":""boss02"",""IsBossFragment"":true,""Name"":""material_skin_fragment_boss02"",""Localization"":"""",""ItemValue"":800,""ItemLevel"":0,""Background"":{},""Icon"":{""spriteAtlas"":""RGTexture/sprite_atlas/items.spriteatlasv2"",""sprite"":""objects_pickable_42"",""tex"":""Assets/RGTexture/items/objects_pickable.png""},""IconPosition"":{""x"":0.0,""y"":0.0,""z"":0.0},""IconScale"":1.0,""IconRotation"":0.0}"
material_skin_fragment_boss07,Material,SkinFragment,"{""MaxCount"":8,""Blueprint"":{""item"":""blueprint_skin_elves_6""},""BossId"":""boss07"",""IsBossFragment"":true,""Name"":""material_skin_fragment_boss07"",""Localization"":"""",""ItemValue"":800,""ItemLevel"":0,""Background"":{},""Icon"":{""spriteAtlas"":""RGTexture/sprite_atlas/items.spriteatlasv2"",""sprite"":""objects_pickable_48"",""tex"":""Assets/RGTexture/items/objects_pickable.png""},""IconPosition"":{""x"":0.0,""y"":0.0,""z"":0.0},""IconScale"":1.0,""IconRotation"":0.0}"
material_skin_fragment_boss08,Material,SkinFragment,"{""MaxCount"":8,""Blueprint"":{""item"":""blueprint_skin_taoist_5""},""BossId"":""boss08"",""IsBossFragment"":true,""Name"":""material_skin_fragment_boss08"",""Localization"":"""",""ItemValue"":800,""ItemLevel"":0,""Background"":{},""Icon"":{""spriteAtlas"":""RGTexture/sprite_atlas/items.spriteatlasv2"",""sprite"":""objects_pickable_77"",""tex"":""Assets/RGTexture/items/objects_pickable.png""},""IconPosition"":{""x"":0.0,""y"":0.0,""z"":0.0},""IconScale"":1.0,""IconRotation"":0.0}"
material_skin_fragment_boss10,Material,SkinFragment,"{""MaxCount"":8,""Blueprint"":{""item"":""blueprint_skin_werewolf_9""},""BossId"":""boss10"",""IsBossFragment"":true,""Name"":""material_skin_fragment_boss10"",""Localization"":"""",""ItemValue"":800,""ItemLevel"":0,""Background"":{},""Icon"":{""spriteAtlas"":""RGTexture/sprite_atlas/items.spriteatlasv2"",""sprite"":""objects_pickable_50"",""tex"":""Assets/RGTexture/items/objects_pickable.png""},""IconPosition"":{""x"":0.0,""y"":0.0,""z"":0.0},""IconScale"":1.0,""IconRotation"":0.0}"
material_skin_fragment_boss15,Material,SkinFragment,"{""MaxCount"":8,""Blueprint"":{""item"":""blueprint_skin_vampire_7""},""BossId"":""boss15"",""IsBossFragment"":true,""Name"":""material_skin_fragment_boss15"",""Localization"":"""",""ItemValue"":800,""ItemLevel"":0,""Background"":{},""Icon"":{""spriteAtlas"":""RGTexture/sprite_atlas/items.spriteatlasv2"",""sprite"":""objects_pickable_49"",""tex"":""Assets/RGTexture/items/objects_pickable.png""},""IconPosition"":{""x"":0.0,""y"":0.0,""z"":0.0},""IconScale"":1.0,""IconRotation"":0.0}"
material_skin_fragment_boss16,Material,SkinFragment,"{""MaxCount"":8,""Blueprint"":{""item"":""blueprint_skin_viking_4""},""BossId"":""boss16"",""IsBossFragment"":true,""Name"":""material_skin_fragment_boss16"",""Localization"":"""",""ItemValue"":800,""ItemLevel"":0,""Background"":{},""Icon"":{""spriteAtlas"":""RGTexture/sprite_atlas/items.spriteatlasv2"",""sprite"":""objects_pickable_43"",""tex"":""Assets/RGTexture/items/objects_pickable.png""},""IconPosition"":{""x"":0.0,""y"":0.0,""z"":0.0},""IconScale"":1.0,""IconRotation"":0.0}"
material_skin_fragment_boss18,Material,SkinFragment,"{""MaxCount"":8,""Blueprint"":{""item"":""blueprint_skin_priest_5""},""BossId"":""boss18"",""IsBossFragment"":true,""Name"":""material_skin_fragment_boss18"",""Localization"":"""",""ItemValue"":800,""ItemLevel"":0,""Background"":{},""Icon"":{""spriteAtlas"":""RGTexture/sprite_atlas/items.spriteatlasv2"",""sprite"":""objects_pickable_51"",""tex"":""Assets/RGTexture/items/objects_pickable.png""},""IconPosition"":{""x"":0.0,""y"":0.0,""z"":0.0},""IconScale"":1.0,""IconRotation"":0.0}"
material_skin_fragment_boss19,Material,SkinFragment,"{""MaxCount"":8,""Blueprint"":{""item"":""blueprint_skin_necromancer_1""},""BossId"":""boss19"",""IsBossFragment"":true,""Name"":""material_skin_fragment_boss19"",""Localization"":"""",""ItemValue"":800,""ItemLevel"":0,""Background"":{},""Icon"":{""spriteAtlas"":""RGTexture/sprite_atlas/items.spriteatlasv2"",""sprite"":""objects_pickable_64"",""tex"":""Assets/RGTexture/items/objects_pickable.png""},""IconPosition"":{""x"":0.0,""y"":0.0,""z"":0.0},""IconScale"":1.0,""IconRotation"":0.0}"
material_skin_fragment_boss23,Material,SkinFragment,"{""MaxCount"":6,""Blueprint"":{""item"":""blueprint_skin_officer_5""},""BossId"":""boss23"",""IsBossFragment"":true,""Name"":""material_skin_fragment_boss23"",""Localization"":"""",""ItemValue"":800,""ItemLevel"":0,""Background"":{},""Icon"":{""spriteAtlas"":""RGTexture/sprite_atlas/items.spriteatlasv2"",""sprite"":""objects_pickable_76"",""tex"":""Assets/RGTexture/items/objects_pickable.png""},""IconPosition"":{""x"":0.0,""y"":0.0,""z"":0.0},""IconScale"":1.0,""IconRotation"":0.0}"
material_skin_fragment_boss30,Material,SkinFragment,"{""MaxCount"":1,""Blueprint"":{""item"":""blueprint_skin_ranger_12""},""BossId"":""boss30"",""IsBossFragment"":true,""Name"":""material_skin_fragment_boss30"",""Localization"":"""",""ItemValue"":800,""ItemLevel"":0,""Background"":{},""Icon"":{""spriteAtlas"":""RGTexture/sprite_atlas/items.spriteatlasv2"",""sprite"":""objects_pickable_90"",""tex"":""Assets/RGTexture/items/objects_pickable.png""},""IconPosition"":{""x"":0.0,""y"":0.0,""z"":0.0},""IconScale"":1.0,""IconRotation"":0.0}"
material_skin_fragment_c0_s20,Material,SkinFragment,"{""MaxCount"":8,""Blueprint"":{""item"":""blueprint_skin_knight_20""},""BossId"":null,""IsBossFragment"":false,""Name"":""material_skin_fragment_c0_s20"",""Localization"":"""",""ItemValue"":800,""ItemLevel"":0,""Background"":{},""Icon"":{""spriteAtlas"":""RGTexture/sprite_atlas/items.spriteatlasv2"",""sprite"":""objects_pickable_c0_s20_0"",""tex"":""Assets/RGTexture/items/objects_pickable_c0_s20.png""},""IconPosition"":{""x"":0.0,""y"":0.0,""z"":0.0},""IconScale"":1.0,""IconRotation"":0.0}"
material_skin_fragment_c4_s14,Material,SkinFragment,"{""MaxCount"":8,""Blueprint"":{""item"":""blueprint_skin_alchemist_14""},""BossId"":null,""IsBossFragment"":false,""Name"":""material_skin_fragment_c4_s14"",""Localization"":"""",""ItemValue"":800,""ItemLevel"":0,""Background"":{},""Icon"":{""spriteAtlas"":""RGTexture/sprite_atlas/items.spriteatlasv2"",""sprite"":""objects_pickable_c4_s14_0"",""tex"":""Assets/RGTexture/items/objects_pickable_c4_s14.png""},""IconPosition"":{""x"":0.0,""y"":0.0,""z"":0.0},""IconScale"":1.0,""IconRotation"":0.0}"
material_skin_fragment_c5_s8,Material,SkinFragment,"{""MaxCount"":4,""Blueprint"":{""item"":""blueprint_skin_engineer_8""},""BossId"":null,""IsBossFragment"":false,""Name"":""material_skin_fragment_c5_s8"",""Localization"":"""",""ItemValue"":1200,""ItemLevel"":0,""Background"":{},""Icon"":{""spriteAtlas"":""RGTexture/sprite_atlas/items.spriteatlasv2"",""sprite"":""objects_pickable_62"",""tex"":""Assets/RGTexture/items/objects_pickable.png""},""IconPosition"":{""x"":0.0,""y"":0.0,""z"":0.0},""IconScale"":1.0,""IconRotation"":0.0}"
material_skin_fragment_c7_s12,Material,SkinFragment,"{""MaxCount"":8,""Blueprint"":{""item"":""blueprint_skin_paladin_12""},""BossId"":null,""IsBossFragment"":false,""Name"":""material_skin_fragment_c7_s12"",""Localization"":"""",""ItemValue"":800,""ItemLevel"":0,""Background"":{},""Icon"":{""spriteAtlas"":""RGTexture/sprite_atlas/items.spriteatlasv2"",""sprite"":""objects_pickable_80"",""tex"":""Assets/RGTexture/items/objects_pickable.png""},""IconPosition"":{""x"":0.0,""y"":0.0,""z"":0.0},""IconScale"":1.0,""IconRotation"":0.0}"
material_skin_fragment_c12_s6,Material,SkinFragment,"{""MaxCount"":8,""Blueprint"":{""item"":""blueprint_skin_viking_6""},""BossId"":null,""IsBossFragment"":false,""Name"":""material_skin_fragment_c12_s6"",""Localization"":"""",""ItemValue"":800,""ItemLevel"":0,""Background"":{},""Icon"":{""spriteAtlas"":""RGTexture/sprite_atlas/items.spriteatlasv2"",""sprite"":""objects_pickable_55"",""tex"":""Assets/RGTexture/items/objects_pickable.png""},""IconPosition"":{""x"":0.0,""y"":0.0,""z"":0.0},""IconScale"":1.0,""IconRotation"":0.0}"
material_skin_fragment_c12_s06,Material,SkinFragment,"{""MaxCount"":4,""Blueprint"":{""item"":""blueprint_skin_robot_6""},""BossId"":null,""IsBossFragment"":false,""Name"":""material_skin_fragment_c12_s06"",""Localization"":"""",""ItemValue"":1200,""ItemLevel"":0,""Background"":{},""Icon"":{""spriteAtlas"":""RGTexture/sprite_atlas/items.spriteatlasv2"",""sprite"":""objects_pickable_63"",""tex"":""Assets/RGTexture/items/objects_pickable.png""},""IconPosition"":{""x"":0.0,""y"":0.0,""z"":0.0},""IconScale"":1.0,""IconRotation"":0.0}"
material_skin_fragment_c12_s12,Material,SkinFragment,"{""MaxCount"":8,""Blueprint"":{""item"":""blueprint_skin_robot_12""},""BossId"":null,""IsBossFragment"":false,""Name"":""material_skin_fragment_c12_s12"",""Localization"":"""",""ItemValue"":800,""ItemLevel"":0,""Background"":{},""Icon"":{""spriteAtlas"":""RGTexture/sprite_atlas/items.spriteatlasv2"",""sprite"":""objects_pickable_91"",""tex"":""Assets/RGTexture/items/objects_pickable.png""},""IconPosition"":{""x"":0.0,""y"":0.0,""z"":0.0},""IconScale"":1.0,""IconRotation"":0.0}"
material_skin_fragment_c13_s19,Material,SkinFragment,"{""MaxCount"":8,""Blueprint"":{""item"":""blueprint_skin_viking_19""},""BossId"":""boss_stone_man"",""IsBossFragment"":true,""Name"":""material_skin_fragment_c13_s19"",""Localization"":"""",""ItemValue"":800,""ItemLevel"":0,""Background"":{},""Icon"":{""spriteAtlas"":""RGTexture/sprite_atlas/items.spriteatlasv2"",""sprite"":""objects_pickable_c13_s19_0"",""tex"":""Assets/RGTexture/items/objects_pickable_c13_s19.png""},""IconPosition"":{""x"":0.0,""y"":0.0,""z"":0.0},""IconScale"":1.0,""IconRotation"":0.0}"
material_skin_fragment_c14_s6,Material,SkinFragment,"{""MaxCount"":8,""Blueprint"":{""item"":""blueprint_skin_necromancer_6""},""BossId"":null,""IsBossFragment"":false,""Name"":""material_skin_fragment_c14_s6"",""Localization"":"""",""ItemValue"":800,""ItemLevel"":0,""Background"":{},""Icon"":{""spriteAtlas"":""RGTexture/sprite_atlas/items.spriteatlasv2"",""sprite"":""objects_pickable_81"",""tex"":""Assets/RGTexture/items/objects_pickable.png""},""IconPosition"":{""x"":0.0,""y"":0.0,""z"":0.0},""IconScale"":1.0,""IconRotation"":0.0}"
material_skin_fragment_c16_s6,Material,SkinFragment,"{""MaxCount"":8,""Blueprint"":{""item"":""blueprint_skin_taoist_6""},""BossId"":null,""IsBossFragment"":false,""Name"":""material_skin_fragment_c16_s6"",""Localization"":"""",""ItemValue"":800,""ItemLevel"":0,""Background"":{},""Icon"":{""spriteAtlas"":""RGTexture/sprite_atlas/items.spriteatlasv2"",""sprite"":""objects_pickable_78"",""tex"":""Assets/RGTexture/items/objects_pickable.png""},""IconPosition"":{""x"":0.0,""y"":0.0,""z"":0.0},""IconScale"":1.0,""IconRotation"":0.0}"
material_skin_fragment_flag,Material,SkinFragment,"{""MaxCount"":8,""Blueprint"":{""item"":""blueprint_skin_elves_9""},""BossId"":null,""IsBossFragment"":false,""Name"":""material_skin_fragment_flag"",""Localization"":"""",""ItemValue"":800,""ItemLevel"":0,""Background"":{},""Icon"":{""spriteAtlas"":""RGTexture/sprite_atlas/items.spriteatlasv2"",""sprite"":""objects_pickable_74"",""tex"":""Assets/RGTexture/items/objects_pickable.png""},""IconPosition"":{""x"":0.0,""y"":0.0,""z"":0.0},""IconScale"":1.0,""IconRotation"":0.0}"
material_skin_fragment_law,Material,SkinFragment,"{""MaxCount"":8,""Blueprint"":{""item"":""blueprint_skin_alchemist_8""},""BossId"":null,""IsBossFragment"":false,""Name"":""material_skin_fragment_law"",""Localization"":"""",""ItemValue"":800,""ItemLevel"":0,""Background"":{},""Icon"":{""spriteAtlas"":""RGTexture/sprite_atlas/items.spriteatlasv2"",""sprite"":""objects_pickable_75"",""tex"":""Assets/RGTexture/items/objects_pickable.png""},""IconPosition"":{""x"":0.0,""y"":0.0,""z"":0.0},""IconScale"":1.0,""IconRotation"":0.0}"
material_skin_fragment_shop,Material,SkinFragment,"{""MaxCount"":8,""Blueprint"":{""item"":""blueprint_skin_ranger_6""},""BossId"":""bossshop"",""IsBossFragment"":true,""Name"":""material_skin_fragment_shop"",""Localization"":"""",""ItemValue"":800,""ItemLevel"":0,""Background"":{},""Icon"":{""spriteAtlas"":""RGTexture/sprite_atlas/items.spriteatlasv2"",""sprite"":""objects_pickable_52"",""tex"":""Assets/RGTexture/items/objects_pickable.png""},""IconPosition"":{""x"":0.0,""y"":0.0,""z"":0.0},""IconScale"":1.0,""IconRotation"":0.0}"
material_skin_fragment_c14_s13,Material,SkinFragment,"{""MaxCount"":8,""Blueprint"":{""item"":""blueprint_skin_necromancer_13""},""BossId"":"""",""IsBossFragment"":false,""Name"":""material_skin_fragment_c14_s13"",""Localization"":"""",""ItemValue"":800,""ItemLevel"":0,""Background"":{},""Icon"":{""spriteAtlas"":""RGTexture/sprite_atlas/items.spriteatlasv2"",""sprite"":""objects_pickable_112"",""tex"":""Assets/RGTexture/items/objects_pickable.png""},""IconPosition"":{""x"":0.0,""y"":0.0,""z"":0.0},""IconScale"":1.0,""IconRotation"":0.0}"
material_skin_fragment_c25_s4,Material,SkinFragment,"{""MaxCount"":8,""Blueprint"":{""item"":""blueprint_skin_trapmaster_4""},""BossId"":""bossxi"",""IsBossFragment"":true,""Name"":""material_skin_fragment_c25_s4"",""Localization"":"""",""ItemValue"":800,""ItemLevel"":0,""Background"":{},""Icon"":{""spriteAtlas"":""RGTexture/sprite_atlas/items.spriteatlasv2"",""sprite"":""objects_pickable_c25_s4_0"",""tex"":""Assets/RGTexture/items/objects_pickable_c25_s4.png""},""IconPosition"":{""x"":0.0,""y"":0.0,""z"":0.0},""IconScale"":1.0,""IconRotation"":0.0}"
material_skin_fragment_c16_s14,Material,SkinFragment,"{""MaxCount"":8,""Blueprint"":{""item"":""blueprint_skin_taoist_14""},""BossId"":"""",""IsBossFragment"":false,""Name"":""material_skin_fragment_c16_s14"",""Localization"":"""",""ItemValue"":800,""ItemLevel"":0,""Background"":{},""Icon"":{""spriteAtlas"":""RGTexture/sprite_atlas/items.spriteatlasv2"",""sprite"":""objects_pickable_c16_s14"",""tex"":""Assets/RGTexture/items/objects_pickable_c16_s14.png""},""IconPosition"":{""x"":0.0,""y"":0.0,""z"":0.0},""IconScale"":1.0,""IconRotation"":0.0}"
material_skin_fragment_c29_s4,Material,SkinFragment,"{""MaxCount"":8,""Blueprint"":{""item"":""blueprint_skin_lancer_4""},""BossId"":"""",""IsBossFragment"":false,""Name"":""material_skin_fragment_c29_s4"",""Localization"":"""",""ItemValue"":800,""ItemLevel"":0,""Background"":{},""Icon"":{""spriteAtlas"":""RGTexture/sprite_atlas/items.spriteatlasv2"",""sprite"":""objects_pickable_c29_s4"",""tex"":""Assets/RGTexture/items/objects_pickable_c29_s4.png""},""IconPosition"":{""x"":0.0,""y"":0.0,""z"":0.0},""IconScale"":1.0,""IconRotation"":0.0}"
material_skin_fragment_c1_s18,Material,SkinFragment,"{""MaxCount"":8,""Blueprint"":{""item"":""blueprint_skin_ranger_18""},""BossId"":"""",""IsBossFragment"":false,""Name"":""material_skin_fragment_c1_s18"",""Localization"":"""",""ItemValue"":800,""ItemLevel"":0,""Background"":{},""Icon"":{""spriteAtlas"":""RGTexture/sprite_atlas/items.spriteatlasv2"",""sprite"":""objects_pickable_c1_s18_0"",""tex"":""Assets/RGTexture/items/objects_pickable_c1_s18.png""},""IconPosition"":{""x"":0.0,""y"":0.0,""z"":0.0},""IconScale"":1.0,""IconRotation"":0.0}"
material_skin_fragment_c3_s23,Material,SkinFragment,"{""MaxCount"":8,""Blueprint"":{""item"":""blueprint_skin_assassin_23""},""BossId"":"""",""IsBossFragment"":false,""Name"":""material_skin_fragment_c3_s23"",""Localization"":"""",""ItemValue"":800,""ItemLevel"":0,""Background"":{},""Icon"":{""spriteAtlas"":""RGTexture/sprite_atlas/items.spriteatlasv2"",""sprite"":""material_skin_fragment_c3_s23"",""tex"":""Assets/RGTexture/items/material_skin_fragment_c3_s23.png""},""IconPosition"":{""x"":0.0,""y"":0.0,""z"":0.0},""IconScale"":1.0,""IconRotation"":0.0}"
material_skin_fragment_c9_s22,Material,SkinFragment,"{""MaxCount"":8,""Blueprint"":{""item"":""blueprint_skin_werewolf_22""},""BossId"":"""",""IsBossFragment"":false,""Name"":""material_skin_fragment_c9_s22"",""Localization"":"""",""ItemValue"":800,""ItemLevel"":0,""Background"":{},""Icon"":{""spriteAtlas"":""RGTexture/sprite_atlas/items.spriteatlasv2"",""sprite"":""material_skin_fragment_c9_s22"",""tex"":""Assets/RGTexture/items/material_skin_fragment_c9_s22.png""},""IconPosition"":{""x"":0.0,""y"":0.0,""z"":0.0},""IconScale"":1.0,""IconRotation"":0.0}"
material_skin_fragment_c26_s7,Material,SkinFragment,"{""MaxCount"":8,""Blueprint"":{""item"":""blueprint_skin_costumeprince_7""},""BossId"":"""",""IsBossFragment"":false,""Name"":""material_skin_fragment_c26_s7"",""Localization"":"""",""ItemValue"":800,""ItemLevel"":0,""Background"":{},""Icon"":{""spriteAtlas"":""RGTexture/sprite_atlas/items.spriteatlasv2"",""sprite"":""material_skin_fragment_c26_s7"",""tex"":""Assets/RGTexture/items/material_skin_fragment_c26_s7.png""},""IconPosition"":{""x"":0.0,""y"":0.0,""z"":0.0},""IconScale"":1.0,""IconRotation"":0.0}"
material_skin_fragment_c7_s22,Material,SkinFragment,"{""MaxCount"":8,""Blueprint"":{""item"":""blueprint_skin_paladin_22""},""BossId"":"""",""IsBossFragment"":false,""Name"":""material_skin_fragment_c7_s22"",""Localization"":"""",""ItemValue"":800,""ItemLevel"":0,""Background"":{},""Icon"":{""spriteAtlas"":""RGTexture/sprite_atlas/items.spriteatlasv2"",""sprite"":""material_skin_fragment_c7_s22"",""tex"":""Assets/RGTexture/items/material_skin_fragment_c7_s22.png""},""IconPosition"":{""x"":0.0,""y"":0.0,""z"":0.0},""IconScale"":1.0,""IconRotation"":0.0}"
material_skin_fragment_c1_s25,Material,SkinFragment,"{""MaxCount"":8,""Blueprint"":{""item"":""blueprint_skin_ranger_25""},""BossId"":"""",""IsBossFragment"":false,""Name"":""material_skin_fragment_c1_s25"",""Localization"":"""",""ItemValue"":800,""ItemLevel"":0,""Background"":{},""Icon"":{""spriteAtlas"":""RGTexture/sprite_atlas/items.spriteatlasv2"",""sprite"":""material_skin_fragment_c1_s25"",""tex"":""Assets/RGTexture/items/material_skin_fragment_c1_s25.png""},""IconPosition"":{""x"":0.0,""y"":0.0,""z"":0.0},""IconScale"":1.0,""IconRotation"":0.0}"
material_skin_fragment_c5_s26,Material,SkinFragment,"{""MaxCount"":8,""Blueprint"":{""item"":""blueprint_skin_engineer_26""},""BossId"":"""",""IsBossFragment"":false,""Name"":""material_skin_fragment_c5_s26"",""Localization"":"""",""ItemValue"":800,""ItemLevel"":0,""Background"":{},""Icon"":{""spriteAtlas"":""RGTexture/sprite_atlas/items.spriteatlasv2"",""sprite"":""material_skin_fragment_c5_s26"",""tex"":""Assets/RGTexture/items/material_skin_fragment_c5_s26.png""},""IconPosition"":{""x"":0.0,""y"":0.0,""z"":0.0},""IconScale"":1.0,""IconRotation"":0.0}"
material_tape_alien,Material,Tape,"{""BGMName"":""bgm_3Low"",""RandomList"":[],""CoverPicture"":{""spriteAtlas"":""RGTexture/sprite_atlas/items.spriteatlasv2"",""sprite"":""tape_31"",""tex"":""Assets/RGTexture/items/tape.png""},""Name"":""material_tape_alien"",""Localization"":"""",""ItemValue"":0,""ItemLevel"":0,""Background"":{},""Icon"":{""spriteAtlas"":""RGTexture/sprite_atlas/items.spriteatlasv2"",""sprite"":""tape_28"",""tex"":""Assets/RGTexture/items/tape.png""},""IconPosition"":{""x"":0.0,""y"":0.0,""z"":0.0},""IconScale"":1.0,""IconRotation"":0.0}"
material_tape_aurora,Material,Tape,"{""BGMName"":""bgm_necromancer_8"",""RandomList"":[],""CoverPicture"":{""spriteAtlas"":""RGTexture/sprite_atlas/items.spriteatlasv2"",""sprite"":""tape_49"",""tex"":""Assets/RGTexture/items/tape.png""},""Name"":""material_tape_aurora"",""Localization"":"""",""ItemValue"":0,""ItemLevel"":0,""Background"":{},""Icon"":{""spriteAtlas"":""RGTexture/sprite_atlas/items.spriteatlasv2"",""sprite"":""tape_58"",""tex"":""Assets/RGTexture/items/tape.png""},""IconPosition"":{""x"":0.0,""y"":0.0,""z"":0.0},""IconScale"":1.0,""IconRotation"":0.0}"
material_tape_aurora_wrong_version,Material,Tape,"{""BGMName"":""bgm_necromancer_8_old"",""RandomList"":[],""CoverPicture"":{""spriteAtlas"":""RGTexture/sprite_atlas/items.spriteatlasv2"",""sprite"":""tape_51"",""tex"":""Assets/RGTexture/items/tape.png""},""Name"":""material_tape_aurora_wrong_version"",""Localization"":"""",""ItemValue"":0,""ItemLevel"":0,""Background"":{},""Icon"":{""spriteAtlas"":""RGTexture/sprite_atlas/items.spriteatlasv2"",""sprite"":""tape_57"",""tex"":""Assets/RGTexture/items/tape.png""},""IconPosition"":{""x"":0.0,""y"":0.0,""z"":0.0},""IconScale"":1.0,""IconRotation"":0.0}"
material_tape_boss1,Material,Tape,"{""BGMName"":""bgm_1High"",""RandomList"":[],""CoverPicture"":{""spriteAtlas"":""RGTexture/sprite_atlas/items.spriteatlasv2"",""sprite"":""tape_29"",""tex"":""Assets/RGTexture/items/tape.png""},""Name"":""material_tape_boss1"",""Localization"":"""",""ItemValue"":0,""ItemLevel"":0,""Background"":{},""Icon"":{""spriteAtlas"":""RGTexture/sprite_atlas/items.spriteatlasv2"",""sprite"":""tape_26"",""tex"":""Assets/RGTexture/items/tape.png""},""IconPosition"":{""x"":0.0,""y"":0.0,""z"":0.0},""IconScale"":1.0,""IconRotation"":0.0}"
material_tape_boss2,Material,Tape,"{""BGMName"":""bgm_2High"",""RandomList"":[],""CoverPicture"":{""spriteAtlas"":""RGTexture/sprite_atlas/items.spriteatlasv2"",""sprite"":""tape_30"",""tex"":""Assets/RGTexture/items/tape.png""},""Name"":""material_tape_boss2"",""Localization"":"""",""ItemValue"":0,""ItemLevel"":0,""Background"":{},""Icon"":{""spriteAtlas"":""RGTexture/sprite_atlas/items.spriteatlasv2"",""sprite"":""tape_27"",""tex"":""Assets/RGTexture/items/tape.png""},""IconPosition"":{""x"":0.0,""y"":0.0,""z"":0.0},""IconScale"":1.0,""IconRotation"":0.0}"
material_tape_boss3,Material,Tape,"{""BGMName"":""bgm_3High"",""RandomList"":[],""CoverPicture"":{""spriteAtlas"":""RGTexture/sprite_atlas/items.spriteatlasv2"",""sprite"":""tape_2"",""tex"":""Assets/RGTexture/items/tape.png""},""Name"":""material_tape_boss3"",""Localization"":"""",""ItemValue"":0,""ItemLevel"":0,""Background"":{},""Icon"":{""spriteAtlas"":""RGTexture/sprite_atlas/items.spriteatlasv2"",""sprite"":""tape_14"",""tex"":""Assets/RGTexture/items/tape.png""},""IconPosition"":{""x"":0.0,""y"":0.0,""z"":0.0},""IconScale"":1.0,""IconRotation"":0.0}"
material_tape_boss4,Material,Tape,"{""BGMName"":""boss_stone_man"",""RandomList"":[],""CoverPicture"":{""spriteAtlas"":""RGTexture/sprite_atlas/items.spriteatlasv2"",""sprite"":""tape_boss4"",""tex"":""Assets/RGTexture/items/tape_boss4.png""},""Name"":""material_tape_boss4"",""Localization"":"""",""ItemValue"":0,""ItemLevel"":0,""Background"":{},""Icon"":{""spriteAtlas"":""RGTexture/sprite_atlas/items.spriteatlasv2"",""sprite"":""tape_boss4_mini"",""tex"":""Assets/RGTexture/items/tape_boss4_mini.png""},""IconPosition"":{""x"":0.0,""y"":0.0,""z"":0.0},""IconScale"":1.0,""IconRotation"":0.0}"
material_tape_castle,Material,Tape,"{""BGMName"":""bgm_4Low"",""RandomList"":[],""CoverPicture"":{""spriteAtlas"":""RGTexture/sprite_atlas/items.spriteatlasv2"",""sprite"":""tape_8"",""tex"":""Assets/RGTexture/items/tape.png""},""Name"":""material_tape_castle"",""Localization"":"""",""ItemValue"":0,""ItemLevel"":0,""Background"":{},""Icon"":{""spriteAtlas"":""RGTexture/sprite_atlas/items.spriteatlasv2"",""sprite"":""tape_17"",""tex"":""Assets/RGTexture/items/tape.png""},""IconPosition"":{""x"":0.0,""y"":0.0,""z"":0.0},""IconScale"":1.0,""IconRotation"":0.0}"
material_tape_civilization,Material,Tape,"{""BGMName"":""bgm_multi_room_skin_8"",""RandomList"":[],""CoverPicture"":{""spriteAtlas"":""RGTexture/sprite_atlas/items.spriteatlasv2"",""sprite"":""tape_45"",""tex"":""Assets/RGTexture/items/tape.png""},""Name"":""material_tape_civilization"",""Localization"":"""",""ItemValue"":0,""ItemLevel"":0,""Background"":{},""Icon"":{""spriteAtlas"":""RGTexture/sprite_atlas/items.spriteatlasv2"",""sprite"":""tape_44"",""tex"":""Assets/RGTexture/items/tape.png""},""IconPosition"":{""x"":0.0,""y"":0.0,""z"":0.0},""IconScale"":1.0,""IconRotation"":0.0}"
material_tape_dark,Material,Tape,"{""BGMName"":""material_tape_dark_random"",""RandomList"":[{""intro"":""boss_iceCave_intro"",""loop"":""boss_iceCave_loop"",""silenceLength"":0.05},{""intro"":""boss_relic_intro"",""loop"":""boss_relic_loop"",""silenceLength"":0.05},{""intro"":""boss_swamp_intro"",""loop"":""boss_swamp_loop"",""silenceLength"":0.05}],""CoverPicture"":{""spriteAtlas"":""RGTexture/sprite_atlas/items.spriteatlasv2"",""sprite"":""tape_39"",""tex"":""Assets/RGTexture/items/tape.png""},""Name"":""material_tape_dark"",""Localization"":"""",""ItemValue"":0,""ItemLevel"":0,""Background"":{},""Icon"":{""spriteAtlas"":""RGTexture/sprite_atlas/items.spriteatlasv2"",""sprite"":""tape_38"",""tex"":""Assets/RGTexture/items/tape.png""},""IconPosition"":{""x"":0.0,""y"":0.0,""z"":0.0},""IconScale"":1.0,""IconRotation"":0.0}"
material_tape_defence,Material,Tape,"{""BGMName"":""bgm_defence"",""RandomList"":[],""CoverPicture"":{""spriteAtlas"":""RGTexture/sprite_atlas/items.spriteatlasv2"",""sprite"":""tape_4"",""tex"":""Assets/RGTexture/items/tape.png""},""Name"":""material_tape_defence"",""Localization"":"""",""ItemValue"":0,""ItemLevel"":0,""Background"":{},""Icon"":{""spriteAtlas"":""RGTexture/sprite_atlas/items.spriteatlasv2"",""sprite"":""tape_15"",""tex"":""Assets/RGTexture/items/tape.png""},""IconPosition"":{""x"":0.0,""y"":0.0,""z"":0.0},""IconScale"":1.0,""IconRotation"":0.0}"
material_tape_easter,Material,Tape,"{""BGMName"":""bgm_10Low"",""RandomList"":[],""CoverPicture"":{""spriteAtlas"":""RGTexture/sprite_atlas/items.spriteatlasv2"",""sprite"":""tape_0"",""tex"":""Assets/RGTexture/items/tape.png""},""Name"":""material_tape_easter"",""Localization"":"""",""ItemValue"":0,""ItemLevel"":0,""Background"":{},""Icon"":{""spriteAtlas"":""RGTexture/sprite_atlas/items.spriteatlasv2"",""sprite"":""tape_13"",""tex"":""Assets/RGTexture/items/tape.png""},""IconPosition"":{""x"":0.0,""y"":0.0,""z"":0.0},""IconScale"":1.0,""IconRotation"":0.0}"
material_tape_end_temple,Material,Tape,"{""BGMName"":""bgm_multi_room_skin_9"",""RandomList"":[],""CoverPicture"":{""spriteAtlas"":""RGTexture/sprite_atlas/items.spriteatlasv2"",""sprite"":""tape_50"",""tex"":""Assets/RGTexture/items/tape.png""},""Name"":""material_tape_end_temple"",""Localization"":"""",""ItemValue"":0,""ItemLevel"":0,""Background"":{},""Icon"":{""spriteAtlas"":""RGTexture/sprite_atlas/items.spriteatlasv2"",""sprite"":""tape_55"",""tex"":""Assets/RGTexture/items/tape.png""},""IconPosition"":{""x"":0.0,""y"":0.0,""z"":0.0},""IconScale"":1.0,""IconRotation"":0.0}"
material_tape_forest,Material,Tape,"{""BGMName"":""bgm_1Low"",""RandomList"":[],""CoverPicture"":{""spriteAtlas"":""RGTexture/sprite_atlas/items.spriteatlasv2"",""sprite"":""tape_1"",""tex"":""Assets/RGTexture/items/tape.png""},""Name"":""material_tape_forest"",""Localization"":"""",""ItemValue"":0,""ItemLevel"":0,""Background"":{},""Icon"":{""spriteAtlas"":""RGTexture/sprite_atlas/items.spriteatlasv2"",""sprite"":""tape_25"",""tex"":""Assets/RGTexture/items/tape.png""},""IconPosition"":{""x"":0.0,""y"":0.0,""z"":0.0},""IconScale"":1.0,""IconRotation"":0.0}"
material_tape_grave,Material,Tape,"{""BGMName"":""bgm_11Low"",""RandomList"":[],""CoverPicture"":{""spriteAtlas"":""RGTexture/sprite_atlas/items.spriteatlasv2"",""sprite"":""tape_33"",""tex"":""Assets/RGTexture/items/tape.png""},""Name"":""material_tape_grave"",""Localization"":"""",""ItemValue"":0,""ItemLevel"":0,""Background"":{},""Icon"":{""spriteAtlas"":""RGTexture/sprite_atlas/items.spriteatlasv2"",""sprite"":""tape_35"",""tex"":""Assets/RGTexture/items/tape.png""},""IconPosition"":{""x"":0.0,""y"":0.0,""z"":0.0},""IconScale"":1.0,""IconRotation"":0.0}"
material_tape_graveyard,Material,Tape,"{""BGMName"":""bgm_2Low"",""RandomList"":[],""CoverPicture"":{""spriteAtlas"":""RGTexture/sprite_atlas/items.spriteatlasv2"",""sprite"":""tape_10"",""tex"":""Assets/RGTexture/items/tape.png""},""Name"":""material_tape_graveyard"",""Localization"":"""",""ItemValue"":0,""ItemLevel"":0,""Background"":{},""Icon"":{""spriteAtlas"":""RGTexture/sprite_atlas/items.spriteatlasv2"",""sprite"":""tape_24"",""tex"":""Assets/RGTexture/items/tape.png""},""IconPosition"":{""x"":0.0,""y"":0.0,""z"":0.0},""IconScale"":1.0,""IconRotation"":0.0}"
material_tape_hall,Material,Tape,"{""BGMName"":""bgm_room"",""RandomList"":[],""CoverPicture"":{""spriteAtlas"":""RGTexture/sprite_atlas/items.spriteatlasv2"",""sprite"":""tape_11"",""tex"":""Assets/RGTexture/items/tape.png""},""Name"":""material_tape_hall"",""Localization"":"""",""ItemValue"":0,""ItemLevel"":0,""Background"":{},""Icon"":{""spriteAtlas"":""RGTexture/sprite_atlas/items.spriteatlasv2"",""sprite"":""tape_23"",""tex"":""Assets/RGTexture/items/tape.png""},""IconPosition"":{""x"":0.0,""y"":0.0,""z"":0.0},""IconScale"":1.0,""IconRotation"":0.0}"
material_tape_hall_cny,Material,Tape,"{""BGMName"":""bgm_room2"",""RandomList"":[],""CoverPicture"":{""spriteAtlas"":""RGTexture/sprite_atlas/items.spriteatlasv2"",""sprite"":""tape_12"",""tex"":""Assets/RGTexture/items/tape.png""},""Name"":""material_tape_hall_cny"",""Localization"":"""",""ItemValue"":0,""ItemLevel"":0,""Background"":{},""Icon"":{""spriteAtlas"":""RGTexture/sprite_atlas/items.spriteatlasv2"",""sprite"":""tape_22"",""tex"":""Assets/RGTexture/items/tape.png""},""IconPosition"":{""x"":0.0,""y"":0.0,""z"":0.0},""IconScale"":1.0,""IconRotation"":0.0}"
material_tape_halloween,Material,Tape,"{""BGMName"":""bgm_7Low"",""RandomList"":[],""CoverPicture"":{""spriteAtlas"":""RGTexture/sprite_atlas/items.spriteatlasv2"",""sprite"":""tape_3"",""tex"":""Assets/RGTexture/items/tape.png""},""Name"":""material_tape_halloween"",""Localization"":"""",""ItemValue"":0,""ItemLevel"":0,""Background"":{},""Icon"":{""spriteAtlas"":""RGTexture/sprite_atlas/items.spriteatlasv2"",""sprite"":""tape_21"",""tex"":""Assets/RGTexture/items/tape.png""},""IconPosition"":{""x"":0.0,""y"":0.0,""z"":0.0},""IconScale"":1.0,""IconRotation"":0.0}"
material_tape_ice,Material,Tape,"{""BGMName"":""bgm_5Low"",""RandomList"":[],""CoverPicture"":{""spriteAtlas"":""RGTexture/sprite_atlas/items.spriteatlasv2"",""sprite"":""tape_5"",""tex"":""Assets/RGTexture/items/tape.png""},""Name"":""material_tape_ice"",""Localization"":"""",""ItemValue"":0,""ItemLevel"":0,""Background"":{},""Icon"":{""spriteAtlas"":""RGTexture/sprite_atlas/items.spriteatlasv2"",""sprite"":""tape_20"",""tex"":""Assets/RGTexture/items/tape.png""},""IconPosition"":{""x"":0.0,""y"":0.0,""z"":0.0},""IconScale"":1.0,""IconRotation"":0.0}"
material_tape_icecave,Material,Tape,"{""BGMName"":""bgm_9low"",""RandomList"":[],""CoverPicture"":{""spriteAtlas"":""RGTexture/sprite_atlas/items.spriteatlasv2"",""sprite"":""tape_6"",""tex"":""Assets/RGTexture/items/tape.png""},""Name"":""material_tape_icecave"",""Localization"":"""",""ItemValue"":0,""ItemLevel"":0,""Background"":{},""Icon"":{""spriteAtlas"":""RGTexture/sprite_atlas/items.spriteatlasv2"",""sprite"":""tape_16"",""tex"":""Assets/RGTexture/items/tape.png""},""IconPosition"":{""x"":0.0,""y"":0.0,""z"":0.0},""IconScale"":1.0,""IconRotation"":0.0}"
material_tape_irontide_multiroom,Material,Tape,"{""BGMName"":""season_irontide_bgm_level_3"",""RandomList"":[],""CoverPicture"":{""spriteAtlas"":""RGTexture/sprite_atlas/items.spriteatlasv2"",""sprite"":""tape_irontide"",""tex"":""Assets/RGTexture/items/tape_irontide.png""},""Name"":""material_tape_irontide_multiroom"",""Localization"":"""",""ItemValue"":0,""ItemLevel"":0,""Background"":{},""Icon"":{""spriteAtlas"":""RGTexture/sprite_atlas/items.spriteatlasv2"",""sprite"":""tape_irontid_mini"",""tex"":""Assets/RGTexture/items/tape_irontid_mini.png""},""IconPosition"":{""x"":0.0,""y"":0.0,""z"":0.0},""IconScale"":1.0,""IconRotation"":0.0}"
material_tape_island,Material,Tape,"{""BGMName"":""bgm_13Low"",""RandomList"":[],""CoverPicture"":{""spriteAtlas"":""RGTexture/sprite_atlas/items.spriteatlasv2"",""sprite"":""tape_40"",""tex"":""Assets/RGTexture/items/tape.png""},""Name"":""material_tape_island"",""Localization"":"""",""ItemValue"":0,""ItemLevel"":0,""Background"":{},""Icon"":{""spriteAtlas"":""RGTexture/sprite_atlas/items.spriteatlasv2"",""sprite"":""tape_41"",""tex"":""Assets/RGTexture/items/tape.png""},""IconPosition"":{""x"":0.0,""y"":0.0,""z"":0.0},""IconScale"":1.0,""IconRotation"":0.0}"
material_tape_level_2g,Material,Tape,"{""BGMName"":""bgm_machineryCity"",""RandomList"":[],""CoverPicture"":{""spriteAtlas"":""RGTexture/sprite_atlas/items.spriteatlasv2"",""sprite"":""tape_46"",""tex"":""Assets/RGTexture/items/tape.png""},""Name"":""material_tape_level_2g"",""Localization"":"""",""ItemValue"":0,""ItemLevel"":0,""Background"":{},""Icon"":{""spriteAtlas"":""RGTexture/sprite_atlas/items.spriteatlasv2"",""sprite"":""tape_56"",""tex"":""Assets/RGTexture/items/tape.png""},""IconPosition"":{""x"":0.0,""y"":0.0,""z"":0.0},""IconScale"":1.0,""IconRotation"":0.0}"
material_tape_level_4g,Material,Tape,"{""BGMName"":""bgm_4A_MonolithicMountainsRuins"",""RandomList"":[],""CoverPicture"":{""spriteAtlas"":""RGTexture/sprite_atlas/items.spriteatlasv2"",""sprite"":""tape_level_4g"",""tex"":""Assets/RGTexture/items/tape_level_4g.png""},""Name"":""material_tape_level_4g"",""Localization"":"""",""ItemValue"":0,""ItemLevel"":0,""Background"":{},""Icon"":{""spriteAtlas"":""RGTexture/sprite_atlas/items.spriteatlasv2"",""sprite"":""tape_level_4g_mini"",""tex"":""Assets/RGTexture/items/tape_level_4g_mini.png""},""IconPosition"":{""x"":0.0,""y"":0.0,""z"":0.0},""IconScale"":1.0,""IconRotation"":0.0}"
material_tape_monster,Material,Tape,"{""BGMName"":""bgm_multi_room_skin_13"",""RandomList"":[],""CoverPicture"":{""spriteAtlas"":""RGTexture/sprite_atlas/items.spriteatlasv2"",""sprite"":""tape_monster"",""tex"":""Assets/RGTexture/items/tape_monster.png""},""Name"":""material_tape_monster"",""Localization"":"""",""ItemValue"":0,""ItemLevel"":0,""Background"":{},""Icon"":{""spriteAtlas"":""RGTexture/sprite_atlas/items.spriteatlasv2"",""sprite"":""tape_monster_mini"",""tex"":""Assets/RGTexture/items/tape_monster_mini.png""},""IconPosition"":{""x"":0.0,""y"":0.0,""z"":0.0},""IconScale"":1.0,""IconRotation"":0.0}"
material_tape_mythology,Material,Tape,"{""BGMName"":""bgm_multi_room_skin_2"",""RandomList"":[],""CoverPicture"":{""spriteAtlas"":""RGTexture/sprite_atlas/items.spriteatlasv2"",""sprite"":""tape_42"",""tex"":""Assets/RGTexture/items/tape.png""},""Name"":""material_tape_mythology"",""Localization"":"""",""ItemValue"":0,""ItemLevel"":0,""Background"":{},""Icon"":{""spriteAtlas"":""RGTexture/sprite_atlas/items.spriteatlasv2"",""sprite"":""tape_43"",""tex"":""Assets/RGTexture/items/tape.png""},""IconPosition"":{""x"":0.0,""y"":0.0,""z"":0.0},""IconScale"":1.0,""IconRotation"":0.0}"
material_tape_neon,Material,Tape,"{""BGMName"":""bgm_ranger_14"",""RandomList"":[],""CoverPicture"":{""spriteAtlas"":""RGTexture/sprite_atlas/items.spriteatlasv2"",""sprite"":""tape_48"",""tex"":""Assets/RGTexture/items/tape.png""},""Name"":""material_tape_neon"",""Localization"":"""",""ItemValue"":0,""ItemLevel"":0,""Background"":{},""Icon"":{""spriteAtlas"":""RGTexture/sprite_atlas/items.spriteatlasv2"",""sprite"":""tape_54"",""tex"":""Assets/RGTexture/items/tape.png""},""IconPosition"":{""x"":0.0,""y"":0.0,""z"":0.0},""IconScale"":1.0,""IconRotation"":0.0}"
material_tape_opera,Material,Tape,"{""BGMName"":""bgm_multi_room_skin_1"",""RandomList"":[],""CoverPicture"":{""spriteAtlas"":""RGTexture/sprite_atlas/items.spriteatlasv2"",""sprite"":""tape_36"",""tex"":""Assets/RGTexture/items/tape.png""},""Name"":""material_tape_opera"",""Localization"":"""",""ItemValue"":0,""ItemLevel"":0,""Background"":{},""Icon"":{""spriteAtlas"":""RGTexture/sprite_atlas/items.spriteatlasv2"",""sprite"":""tape_37"",""tex"":""Assets/RGTexture/items/tape.png""},""IconPosition"":{""x"":0.0,""y"":0.0,""z"":0.0},""IconScale"":1.0,""IconRotation"":0.0}"
material_tape_party,Material,Tape,"{""BGMName"":""bgm_multi_room_skin_12"",""RandomList"":[],""CoverPicture"":{""spriteAtlas"":""RGTexture/sprite_atlas/items.spriteatlasv2"",""sprite"":""tape_party"",""tex"":""Assets/RGTexture/items/tape_party.png""},""Name"":""material_tape_party"",""Localization"":"""",""ItemValue"":0,""ItemLevel"":0,""Background"":{},""Icon"":{""spriteAtlas"":""RGTexture/sprite_atlas/items.spriteatlasv2"",""sprite"":""tape_party_mini"",""tex"":""Assets/RGTexture/items/tape_party_mini.png""},""IconPosition"":{""x"":0.0,""y"":0.0,""z"":0.0},""IconScale"":1.0,""IconRotation"":0.0}"
material_tape_ruins,Material,Tape,"{""BGMName"":""bgm_8Low"",""RandomList"":[],""CoverPicture"":{""spriteAtlas"":""RGTexture/sprite_atlas/items.spriteatlasv2"",""sprite"":""tape_9"",""tex"":""Assets/RGTexture/items/tape.png""},""Name"":""material_tape_ruins"",""Localization"":"""",""ItemValue"":0,""ItemLevel"":0,""Background"":{},""Icon"":{""spriteAtlas"":""RGTexture/sprite_atlas/items.spriteatlasv2"",""sprite"":""tape_18"",""tex"":""Assets/RGTexture/items/tape.png""},""IconPosition"":{""x"":0.0,""y"":0.0,""z"":0.0},""IconScale"":1.0,""IconRotation"":0.0}"
material_tape_stronghold_wave,Material,Tape,"{""BGMName"":""bgm_multi_room_skin_10"",""RandomList"":[],""CoverPicture"":{""spriteAtlas"":""RGTexture/sprite_atlas/items.spriteatlasv2"",""sprite"":""tape_47"",""tex"":""Assets/RGTexture/items/tape.png""},""Name"":""material_tape_stronghold_wave"",""Localization"":"""",""ItemValue"":0,""ItemLevel"":0,""Background"":{},""Icon"":{""spriteAtlas"":""RGTexture/sprite_atlas/items.spriteatlasv2"",""sprite"":""tape_53"",""tex"":""Assets/RGTexture/items/tape.png""},""IconPosition"":{""x"":0.0,""y"":0.0,""z"":0.0},""IconScale"":1.0,""IconRotation"":0.0}"
material_tape_swamp,Material,Tape,"{""BGMName"":""bgm_12Low"",""RandomList"":[],""CoverPicture"":{""spriteAtlas"":""RGTexture/sprite_atlas/items.spriteatlasv2"",""sprite"":""tape_32"",""tex"":""Assets/RGTexture/items/tape.png""},""Name"":""material_tape_swamp"",""Localization"":"""",""ItemValue"":0,""ItemLevel"":0,""Background"":{},""Icon"":{""spriteAtlas"":""RGTexture/sprite_atlas/items.spriteatlasv2"",""sprite"":""tape_34"",""tex"":""Assets/RGTexture/items/tape.png""},""IconPosition"":{""x"":0.0,""y"":0.0,""z"":0.0},""IconScale"":1.0,""IconRotation"":0.0}"
material_tape_thunderstorm,Material,Tape,"{""BGMName"":""bgm_viking_15"",""RandomList"":[],""CoverPicture"":{""spriteAtlas"":""RGTexture/sprite_atlas/items.spriteatlasv2"",""sprite"":""tape_52"",""tex"":""Assets/RGTexture/items/tape.png""},""Name"":""material_tape_thunderstorm"",""Localization"":"""",""ItemValue"":0,""ItemLevel"":0,""Background"":{},""Icon"":{""spriteAtlas"":""RGTexture/sprite_atlas/items.spriteatlasv2"",""sprite"":""tape_59"",""tex"":""Assets/RGTexture/items/tape.png""},""IconPosition"":{""x"":0.0,""y"":0.0,""z"":0.0},""IconScale"":1.0,""IconRotation"":0.0}"
material_tape_volcano,Material,Tape,"{""BGMName"":""bgm_6Low"",""RandomList"":[],""CoverPicture"":{""spriteAtlas"":""RGTexture/sprite_atlas/items.spriteatlasv2"",""sprite"":""tape_7"",""tex"":""Assets/RGTexture/items/tape.png""},""Name"":""material_tape_volcano"",""Localization"":"""",""ItemValue"":0,""ItemLevel"":0,""Background"":{},""Icon"":{""spriteAtlas"":""RGTexture/sprite_atlas/items.spriteatlasv2"",""sprite"":""tape_19"",""tex"":""Assets/RGTexture/items/tape.png""},""IconPosition"":{""x"":0.0,""y"":0.0,""z"":0.0},""IconScale"":1.0,""IconRotation"":0.0}"
material_tape_zhuazhua,Material,Tape,"{""BGMName"":""bgm_priest_13"",""RandomList"":[],""CoverPicture"":{""spriteAtlas"":""RGTexture/sprite_atlas/items.spriteatlasv2"",""sprite"":""tape_zhuazhua"",""tex"":""Assets/RGTexture/items/tape_zhuazhua.png""},""Name"":""material_tape_zhuazhua"",""Localization"":"""",""ItemValue"":0,""ItemLevel"":0,""Background"":{},""Icon"":{""spriteAtlas"":""RGTexture/sprite_atlas/items.spriteatlasv2"",""sprite"":""tape_zhuazhua_mini"",""tex"":""Assets/RGTexture/items/tape_zhuazhua_mini.png""},""IconPosition"":{""x"":0.0,""y"":0.0,""z"":0.0},""IconScale"":1.0,""IconRotation"":0.0}"
material_tape_stars,Material,Tape,"{""BGMName"":""bgm_multi_room_skin_14"",""RandomList"":[],""CoverPicture"":{""spriteAtlas"":""RGTexture/sprite_atlas/items.spriteatlasv2"",""sprite"":""tape_stars"",""tex"":""Assets/RGTexture/items/tape_stars.png""},""Name"":""material_tape_stars"",""Localization"":"""",""ItemValue"":0,""ItemLevel"":0,""Background"":{},""Icon"":{""spriteAtlas"":""RGTexture/sprite_atlas/items.spriteatlasv2"",""sprite"":""tape_stars_mini"",""tex"":""Assets/RGTexture/items/tape_stars_mini.png""},""IconPosition"":{""x"":0.0,""y"":0.0,""z"":0.0},""IconScale"":1.0,""IconRotation"":0.0}"
material_tape_summer,Material,Tape,"{""BGMName"":""bgm_multi_room_skin_15"",""RandomList"":[],""CoverPicture"":{""spriteAtlas"":""RGTexture/sprite_atlas/items.spriteatlasv2"",""sprite"":""tape_summer"",""tex"":""Assets/RGTexture/items/tape_summer.png""},""Name"":""material_tape_summer"",""Localization"":"""",""ItemValue"":0,""ItemLevel"":0,""Background"":{},""Icon"":{""spriteAtlas"":""RGTexture/sprite_atlas/items.spriteatlasv2"",""sprite"":""tape_summer_mini"",""tex"":""Assets/RGTexture/items/tape_summer_mini.png""},""IconPosition"":{""x"":0.0,""y"":0.0,""z"":0.0},""IconScale"":1.0,""IconRotation"":0.0}"
material_tape_elves_17,Material,Tape,"{""BGMName"":""bgm_elves_17"",""RandomList"":[],""CoverPicture"":{""spriteAtlas"":""RGTexture/sprite_atlas/items.spriteatlasv2"",""sprite"":""tape_elves_17"",""tex"":""Assets/RGTexture/items/tape_elves_17.png""},""Name"":""material_tape_elves_17"",""Localization"":"""",""ItemValue"":0,""ItemLevel"":0,""Background"":{},""Icon"":{""spriteAtlas"":""RGTexture/sprite_atlas/items.spriteatlasv2"",""sprite"":""tape_elves_17_mini"",""tex"":""Assets/RGTexture/items/tape_elves_17_mini.png""},""IconPosition"":{""x"":0.0,""y"":0.0,""z"":0.0},""IconScale"":1.0,""IconRotation"":0.0}"
material_tape_warlock_16,Material,Tape,"{""BGMName"":""bgm_warlock_16"",""RandomList"":[],""CoverPicture"":{""spriteAtlas"":""RGTexture/sprite_atlas/items.spriteatlasv2"",""sprite"":""tape_warlock_16"",""tex"":""Assets/RGTexture/items/tape_warlock_16.png""},""Name"":""material_tape_warlock_16"",""Localization"":"""",""ItemValue"":0,""ItemLevel"":0,""Background"":{},""Icon"":{""spriteAtlas"":""RGTexture/sprite_atlas/items.spriteatlasv2"",""sprite"":""tape_warlock_16_mini"",""tex"":""Assets/RGTexture/items/tape_warlock_16_mini.png""},""IconPosition"":{""x"":0.0,""y"":0.0,""z"":0.0},""IconScale"":1.0,""IconRotation"":0.0}"
material_tape_sword_master_4,Material,Tape,"{""BGMName"":""bgm_sword_master_4"",""RandomList"":[],""CoverPicture"":{""spriteAtlas"":""RGTexture/sprite_atlas/items.spriteatlasv2"",""sprite"":""tape_sword_master_4"",""tex"":""Assets/RGTexture/items/tape_sword_master_4.png""},""Name"":""material_tape_sword_master_4"",""Localization"":"""",""ItemValue"":0,""ItemLevel"":0,""Background"":{},""Icon"":{""spriteAtlas"":""RGTexture/sprite_atlas/items.spriteatlasv2"",""sprite"":""tape_sword_master_4_mini"",""tex"":""Assets/RGTexture/items/tape_sword_master_4_mini.png""},""IconPosition"":{""x"":0.0,""y"":0.0,""z"":0.0},""IconScale"":1.0,""IconRotation"":0.0}"
material_tape_warliege_12,Material,Tape,"{""BGMName"":""bgm_warliege_12"",""RandomList"":[],""CoverPicture"":{""spriteAtlas"":""RGTexture/sprite_atlas/items.spriteatlasv2"",""sprite"":""tape_warliege_12"",""tex"":""Assets/RGTexture/items/tape_warliege_12.png""},""Name"":""material_tape_warliege_12"",""Localization"":"""",""ItemValue"":0,""ItemLevel"":0,""Background"":{},""Icon"":{""spriteAtlas"":""RGTexture/sprite_atlas/items.spriteatlasv2"",""sprite"":""tape_warliege_12_mini"",""tex"":""Assets/RGTexture/items/tape_warliege_12_mini.png""},""IconPosition"":{""x"":0.0,""y"":0.0,""z"":0.0},""IconScale"":1.0,""IconRotation"":0.0}"
material_tape_necromancer_16,Material,Tape,"{""BGMName"":""bgm_necromancer_16"",""RandomList"":[],""CoverPicture"":{""spriteAtlas"":""RGTexture/sprite_atlas/items.spriteatlasv2"",""sprite"":""tape_nec_16"",""tex"":""Assets/RGTexture/items/tape_nec_16.png""},""Name"":""material_tape_necromancer_16"",""Localization"":"""",""ItemValue"":0,""ItemLevel"":0,""Background"":{},""Icon"":{""spriteAtlas"":""RGTexture/sprite_atlas/items.spriteatlasv2"",""sprite"":""tape_nec_16_mini"",""tex"":""Assets/RGTexture/items/tape_nec_16_mini.png""},""IconPosition"":{""x"":0.0,""y"":0.0,""z"":0.0},""IconScale"":1.0,""IconRotation"":0.0}"
material_tape_bgm_multi_room_skin_17,Material,Tape,"{""BGMName"":""bgm_multi_room_skin_17"",""RandomList"":[],""CoverPicture"":{""spriteAtlas"":""RGTexture/sprite_atlas/items.spriteatlasv2"",""sprite"":""tape_three_kingdoms"",""tex"":""Assets/RGTexture/items/tape_three_kingdoms.png""},""Name"":""material_tape_bgm_multi_room_skin_17"",""Localization"":"""",""ItemValue"":0,""ItemLevel"":0,""Background"":{},""Icon"":{""spriteAtlas"":""RGTexture/sprite_atlas/items.spriteatlasv2"",""sprite"":""tape_three_kingdoms_mini"",""tex"":""Assets/RGTexture/items/tape_three_kingdoms_mini.png""},""IconPosition"":{""x"":0.0,""y"":0.0,""z"":0.0},""IconScale"":1.0,""IconRotation"":0.0}"
material_tape_doctor_6,Material,Tape,"{""BGMName"":""bgm_doctor_6"",""RandomList"":[],""CoverPicture"":{""spriteAtlas"":""RGTexture/sprite_atlas/items.spriteatlasv2"",""sprite"":""tape_doctor_6"",""tex"":""Assets/RGTexture/items/tape_doctor_6.png""},""Name"":""material_tape_doctor_6"",""Localization"":"""",""ItemValue"":0,""ItemLevel"":0,""Background"":{},""Icon"":{""spriteAtlas"":""RGTexture/sprite_atlas/items.spriteatlasv2"",""sprite"":""tape_doctor_6_mini"",""tex"":""Assets/RGTexture/items/tape_doctor_6_mini.png""},""IconPosition"":{""x"":0.0,""y"":0.0,""z"":0.0},""IconScale"":1.0,""IconRotation"":0.0}"
material_tape_rock_girl,Material,Tape,"{""BGMName"":""bgm_rock_girl"",""RandomList"":[],""CoverPicture"":{""spriteAtlas"":""RGTexture/sprite_atlas/items.spriteatlasv2"",""sprite"":""tape_rock_girl"",""tex"":""Assets/RGTexture/items/tape_rock_girl.png""},""Name"":""material_tape_rock_girl"",""Localization"":"""",""ItemValue"":0,""ItemLevel"":0,""Background"":{},""Icon"":{""spriteAtlas"":""RGTexture/sprite_atlas/items.spriteatlasv2"",""sprite"":""tape_rock_girl_mini"",""tex"":""Assets/RGTexture/items/tape_rock_girl_mini.png""},""IconPosition"":{""x"":0.0,""y"":0.0,""z"":0.0},""IconScale"":1.0,""IconRotation"":0.0}"
material_tape_dragon_boy,Material,Tape,"{""BGMName"":""bgm_dragon_boy"",""RandomList"":[],""CoverPicture"":{""spriteAtlas"":""RGTexture/sprite_atlas/items.spriteatlasv2"",""sprite"":""tape_dragon_boy"",""tex"":""Assets/RGTexture/items/tape_dragon_boy.png""},""Name"":""material_tape_dragon_boy"",""Localization"":"""",""ItemValue"":0,""ItemLevel"":0,""Background"":{},""Icon"":{""spriteAtlas"":""RGTexture/sprite_atlas/items.spriteatlasv2"",""sprite"":""tape_dragon_boy_min"",""tex"":""Assets/RGTexture/items/tape_dragon_boy_min.png""},""IconPosition"":{""x"":0.0,""y"":0.0,""z"":0.0},""IconScale"":1.0,""IconRotation"":0.0}"
material_tape_joker_7,Material,Tape,"{""BGMName"":""bgm_joker_7"",""RandomList"":[],""CoverPicture"":{""spriteAtlas"":""RGTexture/sprite_atlas/items.spriteatlasv2"",""sprite"":""tape_joker_7"",""tex"":""Assets/RGTexture/items/tape_joker_7.png""},""Name"":""material_tape_joker_7"",""Localization"":"""",""ItemValue"":0,""ItemLevel"":0,""Background"":{},""Icon"":{""spriteAtlas"":""RGTexture/sprite_atlas/items.spriteatlasv2"",""sprite"":""tape_joker_7_mini"",""tex"":""Assets/RGTexture/items/tape_joker_7_mini.png""},""IconPosition"":{""x"":0.0,""y"":0.0,""z"":0.0},""IconScale"":1.0,""IconRotation"":0.0}"
material_tape_airbender_16,Material,Tape,"{""BGMName"":""bgm_airbender_16"",""RandomList"":[],""CoverPicture"":{""spriteAtlas"":""RGTexture/sprite_atlas/items.spriteatlasv2"",""sprite"":""tape_airbender_16"",""tex"":""Assets/RGTexture/items/tape_airbender_16.png""},""Name"":""material_tape_airbender_16"",""Localization"":"""",""ItemValue"":0,""ItemLevel"":0,""Background"":{},""Icon"":{""spriteAtlas"":""RGTexture/sprite_atlas/items.spriteatlasv2"",""sprite"":""tape_airbender_16_mini"",""tex"":""Assets/RGTexture/items/tape_airbender_16_mini.png""},""IconPosition"":{""x"":0.0,""y"":0.0,""z"":0.0},""IconScale"":1.0,""IconRotation"":0.0}"
material_tape_assassin_27,Material,Tape,"{""BGMName"":""bgm_assassin_27"",""RandomList"":[],""CoverPicture"":{""spriteAtlas"":""RGTexture/sprite_atlas/items.spriteatlasv2"",""sprite"":""tape_assassin_27"",""tex"":""Assets/RGTexture/items/tape_assassin_27.png""},""Name"":""material_tape_assassin_27"",""Localization"":"""",""ItemValue"":0,""ItemLevel"":0,""Background"":{},""Icon"":{""spriteAtlas"":""RGTexture/sprite_atlas/items.spriteatlasv2"",""sprite"":""tape_assassin_27_mini"",""tex"":""Assets/RGTexture/items/tape_assassin_27_mini.png""},""IconPosition"":{""x"":0.0,""y"":0.0,""z"":0.0},""IconScale"":1.0,""IconRotation"":0.0}"
material_tape_heroBall,Material,Tape,"{""BGMName"":""bgm_heroball"",""RandomList"":[],""CoverPicture"":{""spriteAtlas"":""RGTexture/sprite_atlas/items.spriteatlasv2"",""sprite"":""tape_heroball"",""tex"":""Assets/RGTexture/items/tape_heroball.png""},""Name"":""material_tape_heroBall"",""Localization"":"""",""ItemValue"":0,""ItemLevel"":0,""Background"":{},""Icon"":{""spriteAtlas"":""RGTexture/sprite_atlas/items.spriteatlasv2"",""sprite"":""tape_heroball_mini"",""tex"":""Assets/RGTexture/items/tape_heroball_mini.png""},""IconPosition"":{""x"":0.0,""y"":0.0,""z"":0.0},""IconScale"":1.0,""IconRotation"":0.0}"
material_tape_unrivaled_archenemy,Material,Tape,"{""BGMName"":""bgm_unrivaled_archenemy"",""RandomList"":[],""CoverPicture"":{""spriteAtlas"":""RGTexture/sprite_atlas/items.spriteatlasv2"",""sprite"":""tape_unrivaled_archenemy"",""tex"":""Assets/RGTexture/items/tape_unrivaled_archenemy.png""},""Name"":""material_tape_unrivaled_archenemy"",""Localization"":"""",""ItemValue"":0,""ItemLevel"":0,""Background"":{},""Icon"":{""spriteAtlas"":""RGTexture/sprite_atlas/items.spriteatlasv2"",""sprite"":""tape_unrivaled_archenemy_mini"",""tex"":""Assets/RGTexture/items/tape_unrivaled_archenemy_mini.png""},""IconPosition"":{""x"":0.0,""y"":0.0,""z"":0.0},""IconScale"":1.0,""IconRotation"":0.0}"
material_tape_four_seasons,Material,Tape,"{""BGMName"":""bgm_four_seasons"",""RandomList"":[],""CoverPicture"":{""spriteAtlas"":""RGTexture/sprite_atlas/items.spriteatlasv2"",""sprite"":""tape_four_seasons"",""tex"":""Assets/RGTexture/items/tape_four_seasons.png""},""Name"":""material_tape_four_seasons"",""Localization"":"""",""ItemValue"":0,""ItemLevel"":0,""Background"":{},""Icon"":{""spriteAtlas"":""RGTexture/sprite_atlas/items.spriteatlasv2"",""sprite"":""tape_four_seasons_mini"",""tex"":""Assets/RGTexture/items/tape_four_seasons_mini.png""},""IconPosition"":{""x"":0.0,""y"":0.0,""z"":0.0},""IconScale"":1.0,""IconRotation"":0.0}"
material_tape_chess,Material,Tape,"{""BGMName"":""bgm_chess"",""RandomList"":[],""CoverPicture"":{""spriteAtlas"":""RGTexture/sprite_atlas/items.spriteatlasv2"",""sprite"":""tape_chess"",""tex"":""Assets/RGTexture/items/tape_chess.png""},""Name"":""material_tape_chess"",""Localization"":"""",""ItemValue"":0,""ItemLevel"":0,""Background"":{},""Icon"":{""spriteAtlas"":""RGTexture/sprite_atlas/items.spriteatlasv2"",""sprite"":""tape_chess_mini"",""tex"":""Assets/RGTexture/items/tape_chess_mini.png""},""IconPosition"":{""x"":0.0,""y"":0.0,""z"":0.0},""IconScale"":1.0,""IconRotation"":0.0}"
material_tape_boss_void,Material,Tape,"{""BGMName"":""bgm_difficulty_boss_void"",""RandomList"":[],""CoverPicture"":{""spriteAtlas"":""RGTexture/sprite_atlas/items.spriteatlasv2"",""sprite"":""tape_boss_void"",""tex"":""Assets/RGTexture/items/tape_boss_void.png""},""Name"":""material_tape_boss_void"",""Localization"":"""",""ItemValue"":0,""ItemLevel"":0,""Background"":{},""Icon"":{""spriteAtlas"":""RGTexture/sprite_atlas/items.spriteatlasv2"",""sprite"":""tape_boss_void_mini"",""tex"":""Assets/RGTexture/items/tape_boss_void_mini.png""},""IconPosition"":{""x"":0.0,""y"":0.0,""z"":0.0},""IconScale"":1.0,""IconRotation"":0.0}"
material_tape_boss_void_origin,Material,Tape,"{""BGMName"":""bgm_difficulty_boss_void_origin"",""RandomList"":[],""CoverPicture"":{""spriteAtlas"":""RGTexture/sprite_atlas/items.spriteatlasv2"",""sprite"":""tape_boss_void_origin"",""tex"":""Assets/RGTexture/items/tape_boss_void_origin.png""},""Name"":""material_tape_boss_void_origin"",""Localization"":"""",""ItemValue"":0,""ItemLevel"":0,""Background"":{},""Icon"":{""spriteAtlas"":""RGTexture/sprite_atlas/items.spriteatlasv2"",""sprite"":""tape_boss_void_origin_mini"",""tex"":""Assets/RGTexture/items/tape_boss_void_origin_mini.png""},""IconPosition"":{""x"":0.0,""y"":0.0,""z"":0.0},""IconScale"":1.0,""IconRotation"":0.0}"
material_tape_mecha,Material,Tape,"{""BGMName"":""bgm_mecha"",""RandomList"":[],""CoverPicture"":{""spriteAtlas"":""RGTexture/sprite_atlas/items.spriteatlasv2"",""sprite"":""tape_mecha_big"",""tex"":""Assets/RGTexture/items/tape_mecha_big.png""},""Name"":""material_tape_mecha"",""Localization"":"""",""ItemValue"":0,""ItemLevel"":0,""Background"":{},""Icon"":{""spriteAtlas"":""RGTexture/sprite_atlas/items.spriteatlasv2"",""sprite"":""tape_mecha"",""tex"":""Assets/RGTexture/items/tape_mecha.png""},""IconPosition"":{""x"":0.0,""y"":0.0,""z"":0.0},""IconScale"":1.0,""IconRotation"":0.0}"
material_tape_ninja_6,Material,Tape,"{""BGMName"":""bgm_ninja_6"",""RandomList"":[],""CoverPicture"":{""spriteAtlas"":""RGTexture/sprite_atlas/items.spriteatlasv2"",""sprite"":""material_tape_ninja_6"",""tex"":""Assets/RGTexture/items/material_tape_ninja_6.png""},""Name"":""material_tape_ninja_6"",""Localization"":"""",""ItemValue"":0,""ItemLevel"":0,""Background"":{},""Icon"":{""spriteAtlas"":""RGTexture/sprite_atlas/items.spriteatlasv2"",""sprite"":""material_tape_ninja_6_mini"",""tex"":""Assets/RGTexture/items/material_tape_ninja_6_mini.png""},""IconPosition"":{""x"":0.0,""y"":0.0,""z"":0.0},""IconScale"":1.0,""IconRotation"":0.0}"
material_tape_transcendent_5,Material,Tape,"{""BGMName"":""bgm_transcendent_5"",""RandomList"":[],""CoverPicture"":{""spriteAtlas"":""RGTexture/sprite_atlas/items.spriteatlasv2"",""sprite"":""material_tape_transcendent_5"",""tex"":""Assets/RGTexture/items/material_tape_transcendent_5.png""},""Name"":""material_tape_transcendent_5"",""Localization"":"""",""ItemValue"":0,""ItemLevel"":0,""Background"":{},""Icon"":{""spriteAtlas"":""RGTexture/sprite_atlas/items.spriteatlasv2"",""sprite"":""material_tape_transcendent_5_mini"",""tex"":""Assets/RGTexture/items/material_tape_transcendent_5_mini.png""},""IconPosition"":{""x"":0.0,""y"":0.0,""z"":0.0},""IconScale"":1.0,""IconRotation"":0.0}"
plant_banboo_seed,Seed,Seed,"{""Name"":""plant_banboo_seed"",""Localization"":"""",""ItemValue"":1000,""ItemLevel"":4,""Background"":{""spriteAtlas"":""RGTexture/sprite_atlas/items.spriteatlasv2"",""sprite"":""objects_pickable_6"",""tex"":""Assets/RGTexture/items/objects_pickable.png""},""Icon"":{""spriteAtlas"":""RGTexture/sprite_atlas/weapon.spriteatlasv2"",""sprite"":""weapons2_112"",""tex"":""Assets/RGTexture/weapon/weapons2.png""},""IconPosition"":{""x"":0.212,""y"":-0.514,""z"":0.0},""IconScale"":0.3,""IconRotation"":44.9999962}"
plant_binary_tree_seed,Seed,Seed,"{""Name"":""plant_binary_tree_seed"",""Localization"":"""",""ItemValue"":400,""ItemLevel"":2,""Background"":{""spriteAtlas"":""RGTexture/sprite_atlas/items.spriteatlasv2"",""sprite"":""objects_pickable_6"",""tex"":""Assets/RGTexture/items/objects_pickable.png""},""Icon"":{""spriteAtlas"":""RGTexture/sprite_atlas/items.spriteatlasv2"",""sprite"":""objects_plants_28"",""tex"":""Assets/RGTexture/items/objects_plants.png""},""IconPosition"":{""x"":0.53,""y"":-0.721,""z"":0.0},""IconScale"":0.3,""IconRotation"":0.0}"
plant_cactus_seed,Seed,Seed,"{""Name"":""plant_cactus_seed"",""Localization"":"""",""ItemValue"":3000,""ItemLevel"":4,""Background"":{""spriteAtlas"":""RGTexture/sprite_atlas/items.spriteatlasv2"",""sprite"":""objects_pickable_6"",""tex"":""Assets/RGTexture/items/objects_pickable.png""},""Icon"":{""spriteAtlas"":""RGTexture/sprite_atlas/items.spriteatlasv2"",""sprite"":""objects_plants_4"",""tex"":""Assets/RGTexture/items/objects_plants.png""},""IconPosition"":{""x"":0.53,""y"":-0.721,""z"":0.0},""IconScale"":0.45,""IconRotation"":0.0}"
plant_carrot_seed,Seed,Seed,"{""Name"":""plant_carrot_seed"",""Localization"":"""",""ItemValue"":50,""ItemLevel"":1,""Background"":{""spriteAtlas"":""RGTexture/sprite_atlas/items.spriteatlasv2"",""sprite"":""objects_pickable_6"",""tex"":""Assets/RGTexture/items/objects_pickable.png""},""Icon"":{""spriteAtlas"":""RGTexture/sprite_atlas/weapon.spriteatlasv2"",""sprite"":""weapons2_101"",""tex"":""Assets/RGTexture/weapon/weapons2.png""},""IconPosition"":{""x"":0.47,""y"":-0.298,""z"":0.0},""IconScale"":0.5,""IconRotation"":225.0}"
plant_clivia_seed,Seed,Seed,"{""Name"":""plant_clivia_seed"",""Localization"":"""",""ItemValue"":1000,""ItemLevel"":4,""Background"":{""spriteAtlas"":""RGTexture/sprite_atlas/items.spriteatlasv2"",""sprite"":""legendary_plants_13"",""tex"":""Assets/RGTexture/items/legendary_plants.png""},""Icon"":{""spriteAtlas"":""RGTexture/sprite_atlas/items.spriteatlasv2"",""sprite"":""legendary_plants_14"",""tex"":""Assets/RGTexture/items/legendary_plants.png""},""IconPosition"":{""x"":0.53,""y"":-0.721,""z"":0.0},""IconScale"":0.3,""IconRotation"":0.0}"
plant_datura_seed,Seed,Seed,"{""Name"":""plant_datura_seed"",""Localization"":"""",""ItemValue"":10000,""ItemLevel"":5,""Background"":{""spriteAtlas"":""RGTexture/sprite_atlas/items.spriteatlasv2"",""sprite"":""objects_pickable_6"",""tex"":""Assets/RGTexture/items/objects_pickable.png""},""Icon"":{""spriteAtlas"":""RGTexture/sprite_atlas/items.spriteatlasv2"",""sprite"":""objects_plants_2"",""tex"":""Assets/RGTexture/items/objects_plants.png""},""IconPosition"":{""x"":0.45,""y"":-0.45,""z"":0.0},""IconScale"":0.3,""IconRotation"":0.0}"
plant_defend_flower_seed,Seed,Seed,"{""Name"":""plant_defend_flower_seed"",""Localization"":"""",""ItemValue"":999,""ItemLevel"":3,""Background"":{""spriteAtlas"":""RGTexture/sprite_atlas/items.spriteatlasv2"",""sprite"":""objects_pickable_6"",""tex"":""Assets/RGTexture/items/objects_pickable.png""},""Icon"":{""spriteAtlas"":""RGTexture/sprite_atlas/items.spriteatlasv2"",""sprite"":""objects_plants_25"",""tex"":""Assets/RGTexture/items/objects_plants.png""},""IconPosition"":{""x"":0.53,""y"":-0.721,""z"":0.0},""IconScale"":0.45,""IconRotation"":0.0}"
plant_dragon_tree_seed,Seed,Seed,"{""Name"":""plant_dragon_tree_seed"",""Localization"":"""",""ItemValue"":10000,""ItemLevel"":5,""Background"":{""spriteAtlas"":""RGTexture/sprite_atlas/items.spriteatlasv2"",""sprite"":""objects_pickable_6"",""tex"":""Assets/RGTexture/items/objects_pickable.png""},""Icon"":{""spriteAtlas"":""RGTexture/sprite_atlas/items.spriteatlasv2"",""sprite"":""objects_plants_6"",""tex"":""Assets/RGTexture/items/objects_plants.png""},""IconPosition"":{""x"":0.119,""y"":-0.721,""z"":0.0},""IconScale"":0.25,""IconRotation"":315.0}"
plant_eator_seed,Seed,Seed,"{""Name"":""plant_eator_seed"",""Localization"":"""",""ItemValue"":300,""ItemLevel"":2,""Background"":{""spriteAtlas"":""RGTexture/sprite_atlas/items.spriteatlasv2"",""sprite"":""objects_pickable_6"",""tex"":""Assets/RGTexture/items/objects_pickable.png""},""Icon"":{""spriteAtlas"":""RGTexture/sprite_atlas/items.spriteatlasv2"",""sprite"":""objects_plants_3"",""tex"":""Assets/RGTexture/items/objects_plants.png""},""IconPosition"":{""x"":0.521,""y"":-0.653,""z"":0.0},""IconScale"":0.4,""IconRotation"":0.0}"
plant_fantastic_flower_seed,Seed,Seed,"{""Name"":""plant_fantastic_flower_seed"",""Localization"":"""",""ItemValue"":400,""ItemLevel"":3,""Background"":{""spriteAtlas"":""RGTexture/sprite_atlas/items.spriteatlasv2"",""sprite"":""objects_pickable_6"",""tex"":""Assets/RGTexture/items/objects_pickable.png""},""Icon"":{""spriteAtlas"":""RGTexture/sprite_atlas/items.spriteatlasv2"",""sprite"":""objects_plants_26"",""tex"":""Assets/RGTexture/items/objects_plants.png""},""IconPosition"":{""x"":0.53,""y"":-0.721,""z"":0.0},""IconScale"":0.45,""IconRotation"":0.0}"
plant_gear_flower_seed,Seed,Seed,"{""Name"":""plant_gear_flower_seed"",""Localization"":"""",""ItemValue"":75,""ItemLevel"":0,""Background"":{""spriteAtlas"":""RGTexture/sprite_atlas/items.spriteatlasv2"",""sprite"":""objects_pickable_6"",""tex"":""Assets/RGTexture/items/objects_pickable.png""},""Icon"":{""spriteAtlas"":""RGTexture/sprite_atlas/items.spriteatlasv2"",""sprite"":""objects_plants_11"",""tex"":""Assets/RGTexture/items/objects_plants.png""},""IconPosition"":{""x"":0.119,""y"":-0.721,""z"":0.0},""IconScale"":0.5,""IconRotation"":315.0}"
plant_gem_flower_seed,Seed,Seed,"{""Name"":""plant_gem_flower_seed"",""Localization"":"""",""ItemValue"":100,""ItemLevel"":0,""Background"":{""spriteAtlas"":""RGTexture/sprite_atlas/items.spriteatlasv2"",""sprite"":""objects_pickable_6"",""tex"":""Assets/RGTexture/items/objects_pickable.png""},""Icon"":{""spriteAtlas"":""RGTexture/sprite_atlas/items.spriteatlasv2"",""sprite"":""objects_plants_10"",""tex"":""Assets/RGTexture/items/objects_plants.png""},""IconPosition"":{""x"":0.119,""y"":-0.721,""z"":0.0},""IconScale"":0.5,""IconRotation"":315.0}"
plant_gem_tree_seed,Seed,Seed,"{""Name"":""plant_gem_tree_seed"",""Localization"":"""",""ItemValue"":3000,""ItemLevel"":4,""Background"":{""spriteAtlas"":""RGTexture/sprite_atlas/items.spriteatlasv2"",""sprite"":""objects_pickable_6"",""tex"":""Assets/RGTexture/items/objects_pickable.png""},""Icon"":{""spriteAtlas"":""RGTexture/sprite_atlas/items.spriteatlasv2"",""sprite"":""objects_plants_12"",""tex"":""Assets/RGTexture/items/objects_plants.png""},""IconPosition"":{""x"":0.119,""y"":-0.721,""z"":0.0},""IconScale"":0.25,""IconRotation"":315.0}"
plant_heptacolor_seed,Seed,Seed,"{""Name"":""plant_heptacolor_seed"",""Localization"":"""",""ItemValue"":300,""ItemLevel"":3,""Background"":{""spriteAtlas"":""RGTexture/sprite_atlas/items.spriteatlasv2"",""sprite"":""objects_pickable_6"",""tex"":""Assets/RGTexture/items/objects_pickable.png""},""Icon"":{""spriteAtlas"":""RGTexture/sprite_atlas/items.spriteatlasv2"",""sprite"":""objects_plants_9"",""tex"":""Assets/RGTexture/items/objects_plants.png""},""IconPosition"":{""x"":0.237,""y"":-0.721,""z"":0.0},""IconScale"":0.45,""IconRotation"":315.0}"
plant_iron_tree_seed,Seed,Seed,"{""Name"":""plant_iron_tree_seed"",""Localization"":"""",""ItemValue"":75,""ItemLevel"":0,""Background"":{""spriteAtlas"":""RGTexture/sprite_atlas/items.spriteatlasv2"",""sprite"":""objects_pickable_6"",""tex"":""Assets/RGTexture/items/objects_pickable.png""},""Icon"":{""spriteAtlas"":""RGTexture/sprite_atlas/items.spriteatlasv2"",""sprite"":""objects_plants_16"",""tex"":""Assets/RGTexture/items/objects_plants.png""},""IconPosition"":{""x"":0.119,""y"":-0.721,""z"":0.0},""IconScale"":0.3,""IconRotation"":315.0}"
plant_lavender_seed,Seed,Seed,"{""Name"":""plant_lavender_seed"",""Localization"":"""",""ItemValue"":10000,""ItemLevel"":4,""Background"":{""spriteAtlas"":""RGTexture/sprite_atlas/items.spriteatlasv2"",""sprite"":""legendary_plants_2"",""tex"":""Assets/RGTexture/items/legendary_plants.png""},""Icon"":{""spriteAtlas"":""RGTexture/sprite_atlas/items.spriteatlasv2"",""sprite"":""legendary_plants_8"",""tex"":""Assets/RGTexture/items/legendary_plants.png""},""IconPosition"":{""x"":0.53,""y"":-0.721,""z"":0.0},""IconScale"":0.3,""IconRotation"":0.0}"
plant_lotus_seed,Seed,Seed,"{""Name"":""plant_lotus_seed"",""Localization"":"""",""ItemValue"":750,""ItemLevel"":3,""Background"":{""spriteAtlas"":""RGTexture/sprite_atlas/items.spriteatlasv2"",""sprite"":""objects_pickable_6"",""tex"":""Assets/RGTexture/items/objects_pickable.png""},""Icon"":{""spriteAtlas"":""RGTexture/sprite_atlas/items.spriteatlasv2"",""sprite"":""objects_plants_34"",""tex"":""Assets/RGTexture/items/objects_plants.png""},""IconPosition"":{""x"":0.492,""y"":-0.58,""z"":0.0},""IconScale"":0.4,""IconRotation"":0.0}"
plant_lycoris_seed,Seed,Seed,"{""Name"":""plant_lycoris_seed"",""Localization"":"""",""ItemValue"":400,""ItemLevel"":2,""Background"":{""spriteAtlas"":""RGTexture/sprite_atlas/items.spriteatlasv2"",""sprite"":""objects_pickable_6"",""tex"":""Assets/RGTexture/items/objects_pickable.png""},""Icon"":{""spriteAtlas"":""RGTexture/sprite_atlas/items.spriteatlasv2"",""sprite"":""objects_plants_33"",""tex"":""Assets/RGTexture/items/objects_plants.png""},""IconPosition"":{""x"":0.53,""y"":-0.721,""z"":0.0},""IconScale"":0.45,""IconRotation"":0.0}"
plant_magic_flower_seed,Seed,Seed,"{""Name"":""plant_magic_flower_seed"",""Localization"":"""",""ItemValue"":3000,""ItemLevel"":4,""Background"":{""spriteAtlas"":""RGTexture/sprite_atlas/items.spriteatlasv2"",""sprite"":""objects_pickable_6"",""tex"":""Assets/RGTexture/items/objects_pickable.png""},""Icon"":{""spriteAtlas"":""RGTexture/sprite_atlas/items.spriteatlasv2"",""sprite"":""objects_plants_15"",""tex"":""Assets/RGTexture/items/objects_plants.png""},""IconPosition"":{""x"":0.237,""y"":-0.721,""z"":0.0},""IconScale"":0.45,""IconRotation"":315.0}"
plant_mandrake_seed,Seed,Seed,"{""Name"":""plant_mandrake_seed"",""Localization"":"""",""ItemValue"":10000,""ItemLevel"":5,""Background"":{""spriteAtlas"":""RGTexture/sprite_atlas/items.spriteatlasv2"",""sprite"":""objects_pickable_6"",""tex"":""Assets/RGTexture/items/objects_pickable.png""},""Icon"":{""spriteAtlas"":""RGTexture/sprite_atlas/items.spriteatlasv2"",""sprite"":""objects_plants_8"",""tex"":""Assets/RGTexture/items/objects_plants.png""},""IconPosition"":{""x"":0.371,""y"":-0.661,""z"":0.0},""IconScale"":0.45,""IconRotation"":0.0}"
plant_mirror_plane_flower_seed,Seed,Seed,"{""Name"":""plant_mirror_plane_flower_seed"",""Localization"":"""",""ItemValue"":400,""ItemLevel"":2,""Background"":{""spriteAtlas"":""RGTexture/sprite_atlas/items.spriteatlasv2"",""sprite"":""objects_pickable_6"",""tex"":""Assets/RGTexture/items/objects_pickable.png""},""Icon"":{""spriteAtlas"":""RGTexture/sprite_atlas/items.spriteatlasv2"",""sprite"":""objects_plants_24"",""tex"":""Assets/RGTexture/items/objects_plants.png""},""IconPosition"":{""x"":0.53,""y"":-0.721,""z"":0.0},""IconScale"":0.45,""IconRotation"":0.0}"
plant_mushroom_gold_seed,Seed,Seed,"{""Name"":""plant_mushroom_gold_seed"",""Localization"":"""",""ItemValue"":3000,""ItemLevel"":5,""Background"":{""spriteAtlas"":""RGTexture/sprite_atlas/items.spriteatlasv2"",""sprite"":""objects_pickable_6"",""tex"":""Assets/RGTexture/items/objects_pickable.png""},""Icon"":{""spriteAtlas"":""RGTexture/sprite_atlas/items.spriteatlasv2"",""sprite"":""objects_plants_32"",""tex"":""Assets/RGTexture/items/objects_plants.png""},""IconPosition"":{""x"":0.492,""y"":-0.58,""z"":0.0},""IconScale"":0.35,""IconRotation"":0.0}"
plant_mushroom_seed,Seed,Seed,"{""Name"":""plant_mushroom_seed"",""Localization"":"""",""ItemValue"":3000,""ItemLevel"":4,""Background"":{""spriteAtlas"":""RGTexture/sprite_atlas/items.spriteatlasv2"",""sprite"":""objects_pickable_6"",""tex"":""Assets/RGTexture/items/objects_pickable.png""},""Icon"":{""spriteAtlas"":""RGTexture/sprite_atlas/items.spriteatlasv2"",""sprite"":""objects_plants_21"",""tex"":""Assets/RGTexture/items/objects_plants.png""},""IconPosition"":{""x"":0.492,""y"":-0.58,""z"":0.0},""IconScale"":0.35,""IconRotation"":0.0}"
plant_pumpkin_seed,Seed,Seed,"{""Name"":""plant_pumpkin_seed"",""Localization"":"""",""ItemValue"":3000,""ItemLevel"":4,""Background"":{""spriteAtlas"":""RGTexture/sprite_atlas/items.spriteatlasv2"",""sprite"":""objects_pickable_6"",""tex"":""Assets/RGTexture/items/objects_pickable.png""},""Icon"":{""spriteAtlas"":""RGTexture/sprite_atlas/effect.spriteatlasv2"",""sprite"":""pumpkin_0"",""tex"":""Assets/RGTexture/effect/pumpkin.png""},""IconPosition"":{""x"":0.492,""y"":-0.58,""z"":0.0},""IconScale"":0.35,""IconRotation"":0.0}"
plant_qilixiang_seed,Seed,Seed,"{""Name"":""plant_qilixiang_seed"",""Localization"":"""",""ItemValue"":10000,""ItemLevel"":4,""Background"":{""spriteAtlas"":""RGTexture/sprite_atlas/items.spriteatlasv2"",""sprite"":""legendary_plants_5"",""tex"":""Assets/RGTexture/items/legendary_plants.png""},""Icon"":{""spriteAtlas"":""RGTexture/sprite_atlas/items.spriteatlasv2"",""sprite"":""legendary_plants_11"",""tex"":""Assets/RGTexture/items/legendary_plants.png""},""IconPosition"":{""x"":0.53,""y"":-0.721,""z"":0.0},""IconScale"":0.3,""IconRotation"":0.0}"
plant_radar_seed,Seed,Seed,"{""Name"":""plant_radar_seed"",""Localization"":"""",""ItemValue"":400,""ItemLevel"":2,""Background"":{""spriteAtlas"":""RGTexture/sprite_atlas/items.spriteatlasv2"",""sprite"":""objects_pickable_6"",""tex"":""Assets/RGTexture/items/objects_pickable.png""},""Icon"":{""spriteAtlas"":""RGTexture/sprite_atlas/items.spriteatlasv2"",""sprite"":""objects_plants_29"",""tex"":""Assets/RGTexture/items/objects_plants.png""},""IconPosition"":{""x"":0.53,""y"":-0.721,""z"":0.0},""IconScale"":0.45,""IconRotation"":0.0}"
plant_rainbow_grass_seed,Seed,Seed,"{""Name"":""plant_rainbow_grass_seed"",""Localization"":"""",""ItemValue"":10000,""ItemLevel"":4,""Background"":{""spriteAtlas"":""RGTexture/sprite_atlas/items.spriteatlasv2"",""sprite"":""legendary_plants_6"",""tex"":""Assets/RGTexture/items/legendary_plants.png""},""Icon"":{""spriteAtlas"":""RGTexture/sprite_atlas/items.spriteatlasv2"",""sprite"":""legendary_plants_12"",""tex"":""Assets/RGTexture/items/legendary_plants.png""},""IconPosition"":{""x"":0.53,""y"":-0.721,""z"":0.0},""IconScale"":0.3,""IconRotation"":0.0}"
plant_roselle_seed,Seed,Seed,"{""Name"":""plant_roselle_seed"",""Localization"":"""",""ItemValue"":10000,""ItemLevel"":4,""Background"":{""spriteAtlas"":""RGTexture/sprite_atlas/items.spriteatlasv2"",""sprite"":""legendary_plants_3"",""tex"":""Assets/RGTexture/items/legendary_plants.png""},""Icon"":{""spriteAtlas"":""RGTexture/sprite_atlas/items.spriteatlasv2"",""sprite"":""legendary_plants_10"",""tex"":""Assets/RGTexture/items/legendary_plants.png""},""IconPosition"":{""x"":0.567,""y"":-0.574,""z"":0.0},""IconScale"":0.2,""IconRotation"":0.0}"
plant_rosemary_seed,Seed,Seed,"{""Name"":""plant_rosemary_seed"",""Localization"":"""",""ItemValue"":1000,""ItemLevel"":4,""Background"":{""spriteAtlas"":""RGTexture/sprite_atlas/items.spriteatlasv2"",""sprite"":""legendary_plants_1"",""tex"":""Assets/RGTexture/items/legendary_plants.png""},""Icon"":{""spriteAtlas"":""RGTexture/sprite_atlas/items.spriteatlasv2"",""sprite"":""legendary_plants_7"",""tex"":""Assets/RGTexture/items/legendary_plants.png""},""IconPosition"":{""x"":0.53,""y"":-0.721,""z"":0.0},""IconScale"":0.3,""IconRotation"":0.0}"
plant_shallot_seed,Seed,Seed,"{""Name"":""plant_shallot_seed"",""Localization"":"""",""ItemValue"":50,""ItemLevel"":0,""Background"":{""spriteAtlas"":""RGTexture/sprite_atlas/items.spriteatlasv2"",""sprite"":""objects_pickable_6"",""tex"":""Assets/RGTexture/items/objects_pickable.png""},""Icon"":{""spriteAtlas"":""RGTexture/sprite_atlas/weapon.spriteatlasv2"",""sprite"":""weapons_97"",""tex"":""Assets/RGTexture/weapon/weapons.png""},""IconPosition"":{""x"":0.212,""y"":-0.514,""z"":0.0},""IconScale"":0.3,""IconRotation"":44.9999962}"
plant_silver_poplar_seed,Seed,Seed,"{""Name"":""plant_silver_poplar_seed"",""Localization"":"""",""ItemValue"":10000,""ItemLevel"":4,""Background"":{""spriteAtlas"":""RGTexture/sprite_atlas/items.spriteatlasv2"",""sprite"":""legendary_plants_4"",""tex"":""Assets/RGTexture/items/legendary_plants.png""},""Icon"":{""spriteAtlas"":""RGTexture/sprite_atlas/items.spriteatlasv2"",""sprite"":""legendary_plants_9"",""tex"":""Assets/RGTexture/items/legendary_plants.png""},""IconPosition"":{""x"":0.622,""y"":-0.647,""z"":0.0},""IconScale"":0.2,""IconRotation"":0.0}"
plant_strange_flower_seed,Seed,Seed,"{""Name"":""plant_strange_flower_seed"",""Localization"":"""",""ItemValue"":400,""ItemLevel"":1,""Background"":{""spriteAtlas"":""RGTexture/sprite_atlas/items.spriteatlasv2"",""sprite"":""objects_pickable_6"",""tex"":""Assets/RGTexture/items/objects_pickable.png""},""Icon"":{""spriteAtlas"":""RGTexture/sprite_atlas/items.spriteatlasv2"",""sprite"":""objects_plants_23"",""tex"":""Assets/RGTexture/items/objects_plants.png""},""IconPosition"":{""x"":0.53,""y"":-0.721,""z"":0.0},""IconScale"":0.45,""IconRotation"":0.0}"
plant_tree_seed,Seed,Seed,"{""Name"":""plant_tree_seed"",""Localization"":"""",""ItemValue"":100,""ItemLevel"":1,""Background"":{""spriteAtlas"":""RGTexture/sprite_atlas/items.spriteatlasv2"",""sprite"":""objects_pickable_6"",""tex"":""Assets/RGTexture/items/objects_pickable.png""},""Icon"":{""spriteAtlas"":""RGTexture/sprite_atlas/items.spriteatlasv2"",""sprite"":""objects_plants_17"",""tex"":""Assets/RGTexture/items/objects_plants.png""},""IconPosition"":{""x"":0.119,""y"":-0.721,""z"":0.0},""IconScale"":0.3,""IconRotation"":315.0}"
plant_trumpet_seed,Seed,Seed,"{""Name"":""plant_trumpet_seed"",""Localization"":"""",""ItemValue"":100,""ItemLevel"":0,""Background"":{""spriteAtlas"":""RGTexture/sprite_atlas/items.spriteatlasv2"",""sprite"":""objects_pickable_6"",""tex"":""Assets/RGTexture/items/objects_pickable.png""},""Icon"":{""spriteAtlas"":""RGTexture/sprite_atlas/items.spriteatlasv2"",""sprite"":""succulent"",""tex"":""Assets/RGTexture/items/succulent.png""},""IconPosition"":{""x"":0.58,""y"":-0.71,""z"":0.0},""IconScale"":0.5,""IconRotation"":0.0}"
plant_vine_seed,Seed,Seed,"{""Name"":""plant_vine_seed"",""Localization"":"""",""ItemValue"":50,""ItemLevel"":0,""Background"":{""spriteAtlas"":""RGTexture/sprite_atlas/items.spriteatlasv2"",""sprite"":""objects_pickable_6"",""tex"":""Assets/RGTexture/items/objects_pickable.png""},""Icon"":{""spriteAtlas"":""RGTexture/sprite_atlas/weapon.spriteatlasv2"",""sprite"":""weapons2_109"",""tex"":""Assets/RGTexture/weapon/weapons2.png""},""IconPosition"":{""x"":0.23,""y"":-0.614,""z"":0.0},""IconScale"":0.4,""IconRotation"":44.9999962}"
plant_watermelon_seed,Seed,Seed,"{""Name"":""plant_watermelon_seed"",""Localization"":"""",""ItemValue"":400,""ItemLevel"":2,""Background"":{""spriteAtlas"":""RGTexture/sprite_atlas/items.spriteatlasv2"",""sprite"":""objects_pickable_6"",""tex"":""Assets/RGTexture/items/objects_pickable.png""},""Icon"":{""spriteAtlas"":""RGTexture/sprite_atlas/items.spriteatlasv2"",""sprite"":""objects_plants_27"",""tex"":""Assets/RGTexture/items/objects_plants.png""},""IconPosition"":{""x"":0.53,""y"":-0.721,""z"":0.0},""IconScale"":0.45,""IconRotation"":0.0}"
plant_worm_seed,Seed,Seed,"{""Name"":""plant_worm_seed"",""Localization"":"""",""ItemValue"":10000,""ItemLevel"":5,""Background"":{""spriteAtlas"":""RGTexture/sprite_atlas/items.spriteatlasv2"",""sprite"":""objects_pickable_6"",""tex"":""Assets/RGTexture/items/objects_pickable.png""},""Icon"":{""spriteAtlas"":""RGTexture/sprite_atlas/items.spriteatlasv2"",""sprite"":""objects_plants_19"",""tex"":""Assets/RGTexture/items/objects_plants.png""},""IconPosition"":{""x"":0.237,""y"":-0.721,""z"":0.0},""IconScale"":0.45,""IconRotation"":0.0}"
plant_xmas_seed,Seed,Seed,"{""Name"":""plant_xmas_seed"",""Localization"":"""",""ItemValue"":1000,""ItemLevel"":3,""Background"":{""spriteAtlas"":""RGTexture/sprite_atlas/items.spriteatlasv2"",""sprite"":""objects_pickable_6"",""tex"":""Assets/RGTexture/items/objects_pickable.png""},""Icon"":{""spriteAtlas"":""RGTexture/sprite_atlas/weapon.spriteatlasv2"",""sprite"":""weapons2_82"",""tex"":""Assets/RGTexture/weapon/weapons2.png""},""IconPosition"":{""x"":0.212,""y"":-0.514,""z"":0.0},""IconScale"":0.5,""IconRotation"":45.0}"
plant_firecracker_seed,Seed,Seed,"{""Name"":""plant_firecracker_seed"",""Localization"":"""",""ItemValue"":500,""ItemLevel"":4,""Background"":{""spriteAtlas"":""RGTexture/sprite_atlas/items.spriteatlasv2"",""sprite"":""firework_1"",""tex"":""Assets/RGTexture/items/firework.png""},""Icon"":{""spriteAtlas"":""RGTexture/sprite_atlas/items.spriteatlasv2"",""sprite"":""firework_0"",""tex"":""Assets/RGTexture/items/firework.png""},""IconPosition"":{""x"":0.53,""y"":-0.475,""z"":0.0},""IconScale"":0.4,""IconRotation"":-45.0}"
plant_zongzi_seed,Seed,Seed,"{""Name"":""plant_zongzi_seed"",""Localization"":"""",""ItemValue"":0,""ItemLevel"":0,""Background"":{""spriteAtlas"":""RGTexture/sprite_atlas/items.spriteatlasv2"",""sprite"":""objects_pickable_6"",""tex"":""Assets/RGTexture/items/objects_pickable.png""},""Icon"":{""spriteAtlas"":""RGTexture/sprite_atlas/items.spriteatlasv2"",""sprite"":""zongzi_plant"",""tex"":""Assets/RGTexture/items/zongzi_plant.png""},""IconPosition"":{""x"":0.43,""y"":-0.53,""z"":0.0},""IconScale"":0.5,""IconRotation"":0.0}"
plant_icepear_seed,Seed,Seed,"{""Name"":""plant_icepear_seed"",""Localization"":"""",""ItemValue"":0,""ItemLevel"":0,""Background"":{""spriteAtlas"":""RGTexture/sprite_atlas/items.spriteatlasv2"",""sprite"":""objects_pickable_6"",""tex"":""Assets/RGTexture/items/objects_pickable.png""},""Icon"":{""spriteAtlas"":""RGTexture/sprite_atlas/items.spriteatlasv2"",""sprite"":""icepear0"",""tex"":""Assets/RGTexture/items/icepear0.png""},""IconPosition"":{""x"":0.43,""y"":-0.53,""z"":0.0},""IconScale"":0.5,""IconRotation"":0.0}"
plant_blackrose_seed,Seed,Seed,"{""Name"":""plant_blackrose_seed"",""Localization"":"""",""ItemValue"":10000,""ItemLevel"":4,""Background"":{""spriteAtlas"":""RGTexture/sprite_atlas/items.spriteatlasv2"",""sprite"":""plant_blackrose_seed"",""tex"":""Assets/RGTexture/items/plant_blackrose_seed.png""},""Icon"":{""spriteAtlas"":""RGTexture/sprite_atlas/items.spriteatlasv2"",""sprite"":""legendary_plant_blackrose"",""tex"":""Assets/RGTexture/items/legendary_plant_blackrose.png""},""IconPosition"":{""x"":0.66,""y"":-0.49,""z"":0.0},""IconScale"":0.41,""IconRotation"":0.0}"
plant_lithiumflower_seed,Seed,Seed,"{""Name"":""plant_lithiumflower_seed"",""Localization"":"""",""ItemValue"":10000,""ItemLevel"":4,""Background"":{""spriteAtlas"":""RGTexture/sprite_atlas/items.spriteatlasv2"",""sprite"":""plant_lithiumflower_seed"",""tex"":""Assets/RGTexture/items/plant_lithiumflower_seed.png""},""Icon"":{""spriteAtlas"":""RGTexture/sprite_atlas/items.spriteatlasv2"",""sprite"":""legendary_plant_lithiumflower"",""tex"":""Assets/RGTexture/items/legendary_plant_lithiumflower.png""},""IconPosition"":{""x"":0.6,""y"":-0.51,""z"":0.0},""IconScale"":0.43,""IconRotation"":0.0}"
plant_flatpeach_seed,Seed,Seed,"{""Name"":""plant_flatpeach_seed"",""Localization"":"""",""ItemValue"":10000,""ItemLevel"":4,""Background"":{""spriteAtlas"":""RGTexture/sprite_atlas/items.spriteatlasv2"",""sprite"":""plant_flatpeach_seed"",""tex"":""Assets/RGTexture/items/plant_flatpeach_seed.png""},""Icon"":{""spriteAtlas"":""RGTexture/sprite_atlas/items.spriteatlasv2"",""sprite"":""legendary_plant_flatpeach"",""tex"":""Assets/RGTexture/items/legendary_plant_flatpeach.png""},""IconPosition"":{""x"":0.5,""y"":-0.6,""z"":0.0},""IconScale"":0.17,""IconRotation"":0.0}"
plant_monotropa_seed,Seed,Seed,"{""Name"":""plant_monotropa_seed"",""Localization"":"""",""ItemValue"":10000,""ItemLevel"":4,""Background"":{""spriteAtlas"":""RGTexture/sprite_atlas/items.spriteatlasv2"",""sprite"":""plant_monotropa_seed"",""tex"":""Assets/RGTexture/items/plant_monotropa_seed.png""},""Icon"":{""spriteAtlas"":""RGTexture/sprite_atlas/items.spriteatlasv2"",""sprite"":""legendary_plant_monotropa"",""tex"":""Assets/RGTexture/items/legendary_plant_monotropa.png""},""IconPosition"":{""x"":0.57,""y"":-0.44,""z"":0.0},""IconScale"":0.3,""IconRotation"":0.0}"
plant_nepenthes_seed,Seed,Seed,"{""Name"":""plant_nepenthes_seed"",""Localization"":"""",""ItemValue"":10000,""ItemLevel"":4,""Background"":{""spriteAtlas"":""RGTexture/sprite_atlas/items.spriteatlasv2"",""sprite"":""plant_nepenthes_seed"",""tex"":""Assets/RGTexture/items/plant_nepenthes_seed.png""},""Icon"":{""spriteAtlas"":""RGTexture/sprite_atlas/items.spriteatlasv2"",""sprite"":""legendary_plant_nepenthes"",""tex"":""Assets/RGTexture/items/legendary_plant_nepenthes.png""},""IconPosition"":{""x"":0.5,""y"":-0.75,""z"":0.0},""IconScale"":0.37,""IconRotation"":0.0}"
plant_ginseng_seed,Seed,Seed,"{""Name"":""plant_ginseng_seed"",""Localization"":"""",""ItemValue"":10000,""ItemLevel"":4,""Background"":{""spriteAtlas"":""RGTexture/sprite_atlas/items.spriteatlasv2"",""sprite"":""plant_ginseng_seed"",""tex"":""Assets/RGTexture/items/plant_ginseng_seed.png""},""Icon"":{""spriteAtlas"":""RGTexture/sprite_atlas/items.spriteatlasv2"",""sprite"":""legendary_plant_ginseng"",""tex"":""Assets/RGTexture/items/legendary_plant_ginseng.png""},""IconPosition"":{""x"":0.56,""y"":-0.74,""z"":0.0},""IconScale"":0.56,""IconRotation"":0.0}"
token_blueprint_none_0,TokenTicket,TokenTicket,"{""TokenType"":4,""TicketSprites"":[],""TicketSpritesWithTarget"":[],""Name"":""token_blueprint_none_0"",""Localization"":"""",""ItemValue"":500,""ItemLevel"":0,""Background"":{},""Icon"":{""spriteAtlas"":""RGTexture/sprite_atlas/items.spriteatlasv2"",""sprite"":""objects_pickable_65"",""tex"":""Assets/RGTexture/items/objects_pickable.png""},""IconPosition"":{""x"":0.0,""y"":0.0,""z"":0.0},""IconScale"":1.0,""IconRotation"":0.0}"
token_blueprint_none_1,TokenTicket,TokenTicket,"{""TokenType"":4,""TicketSprites"":[],""TicketSpritesWithTarget"":[],""Name"":""token_blueprint_none_1"",""Localization"":"""",""ItemValue"":500,""ItemLevel"":2,""Background"":{},""Icon"":{""spriteAtlas"":""RGTexture/sprite_atlas/items.spriteatlasv2"",""sprite"":""objects_pickable_65"",""tex"":""Assets/RGTexture/items/objects_pickable.png""},""IconPosition"":{""x"":0.0,""y"":0.0,""z"":0.0},""IconScale"":1.0,""IconRotation"":0.0}"
token_blueprint_none_2,TokenTicket,TokenTicket,"{""TokenType"":4,""TicketSprites"":[],""TicketSpritesWithTarget"":[],""Name"":""token_blueprint_none_2"",""Localization"":"""",""ItemValue"":500,""ItemLevel"":5,""Background"":{},""Icon"":{""spriteAtlas"":""RGTexture/sprite_atlas/items.spriteatlasv2"",""sprite"":""objects_pickable_65"",""tex"":""Assets/RGTexture/items/objects_pickable.png""},""IconPosition"":{""x"":0.0,""y"":0.0,""z"":0.0},""IconScale"":1.0,""IconRotation"":0.0}"
token_equipment_none_0,TokenTicket,TokenTicket,"{""TokenType"":5,""TicketSprites"":[],""TicketSpritesWithTarget"":[],""Name"":""token_equipment_none_0"",""Localization"":"""",""ItemValue"":500,""ItemLevel"":0,""Background"":{},""Icon"":{""spriteAtlas"":""RGTexture/sprite_atlas/items.spriteatlasv2"",""sprite"":""objects_pickable_70"",""tex"":""Assets/RGTexture/items/objects_pickable.png""},""IconPosition"":{""x"":0.0,""y"":0.0,""z"":0.0},""IconScale"":1.0,""IconRotation"":0.0}"
token_hero,TokenTicket,TokenTicket,"{""TokenType"":7,""TicketSprites"":[],""TicketSpritesWithTarget"":[],""Name"":""token_hero"",""Localization"":"""",""ItemValue"":750,""ItemLevel"":5,""Background"":{},""Icon"":{""spriteAtlas"":""RGTexture/sprite_atlas/items.spriteatlasv2"",""sprite"":""objects_pickable_88"",""tex"":""Assets/RGTexture/items/objects_pickable.png""},""IconPosition"":{""x"":0.0,""y"":0.0,""z"":0.0},""IconScale"":1.0,""IconRotation"":0.0}"
token_none_none_0,TokenTicket,TokenTicket,"{""TokenType"":0,""TicketSprites"":[{""spriteAtlas"":""RGTexture/sprite_atlas/items.spriteatlasv2"",""sprite"":""objects_pickable_66"",""tex"":""Assets/RGTexture/items/objects_pickable.png""},{""spriteAtlas"":""RGTexture/sprite_atlas/items.spriteatlasv2"",""sprite"":""objects_pickable_67"",""tex"":""Assets/RGTexture/items/objects_pickable.png""},{""spriteAtlas"":""RGTexture/sprite_atlas/items.spriteatlasv2"",""sprite"":""objects_pickable_71"",""tex"":""Assets/RGTexture/items/objects_pickable.png""},{""spriteAtlas"":""RGTexture/sprite_atlas/items.spriteatlasv2"",""sprite"":""objects_pickable_68"",""tex"":""Assets/RGTexture/items/objects_pickable.png""},{""spriteAtlas"":""RGTexture/sprite_atlas/items.spriteatlasv2"",""sprite"":""objects_pickable_65"",""tex"":""Assets/RGTexture/items/objects_pickable.png""},{""spriteAtlas"":""RGTexture/sprite_atlas/items.spriteatlasv2"",""sprite"":""objects_pickable_70"",""tex"":""Assets/RGTexture/items/objects_pickable.png""},{""spriteAtlas"":""RGTexture/sprite_atlas/items.spriteatlasv2"",""sprite"":""objects_pickable_71"",""tex"":""Assets/RGTexture/items/objects_pickable.png""},{""spriteAtlas"":""RGTexture/sprite_atlas/items.spriteatlasv2"",""sprite"":""objects_pickable_88"",""tex"":""Assets/RGTexture/items/objects_pickable.png""},{""spriteAtlas"":""RGTexture/sprite_atlas/items.spriteatlasv2"",""sprite"":""objects_pickable_71"",""tex"":""Assets/RGTexture/items/objects_pickable.png""}],""TicketSpritesWithTarget"":[{""spriteAtlas"":""RGTexture/sprite_atlas/items.spriteatlasv2"",""sprite"":""objects_pickable_66"",""tex"":""Assets/RGTexture/items/objects_pickable.png""},{""spriteAtlas"":""RGTexture/sprite_atlas/items.spriteatlasv2"",""sprite"":""objects_pickable_69"",""tex"":""Assets/RGTexture/items/objects_pickable.png""},{""spriteAtlas"":""RGTexture/sprite_atlas/items.spriteatlasv2"",""sprite"":""objects_pickable_71"",""tex"":""Assets/RGTexture/items/objects_pickable.png""},{""spriteAtlas"":""RGTexture/sprite_atlas/items.spriteatlasv2"",""sprite"":""objects_pickable_68"",""tex"":""Assets/RGTexture/items/objects_pickable.png""},{""spriteAtlas"":""RGTexture/sprite_atlas/items.spriteatlasv2"",""sprite"":""objects_pickable_65"",""tex"":""Assets/RGTexture/items/objects_pickable.png""},{""spriteAtlas"":""RGTexture/sprite_atlas/items.spriteatlasv2"",""sprite"":""objects_pickable_70"",""tex"":""Assets/RGTexture/items/objects_pickable.png""},{""spriteAtlas"":""RGTexture/sprite_atlas/items.spriteatlasv2"",""sprite"":""objects_pickable_71"",""tex"":""Assets/RGTexture/items/objects_pickable.png""},{""spriteAtlas"":""RGTexture/sprite_atlas/items.spriteatlasv2"",""sprite"":""objects_pickable_88"",""tex"":""Assets/RGTexture/items/objects_pickable.png""},{""spriteAtlas"":""RGTexture/sprite_atlas/items.spriteatlasv2"",""sprite"":""objects_pickable_71"",""tex"":""Assets/RGTexture/items/objects_pickable.png""}],""Name"":""token_none_none_0"",""Localization"":"""",""ItemValue"":500,""ItemLevel"":0,""Background"":{},""Icon"":{""spriteAtlas"":""RGTexture/sprite_atlas/items.spriteatlasv2"",""sprite"":""objects_pickable_66"",""tex"":""Assets/RGTexture/items/objects_pickable.png""},""IconPosition"":{""x"":0.0,""y"":0.0,""z"":0.0},""IconScale"":1.0,""IconRotation"":0.0}"
token_seed_none_0,TokenTicket,TokenTicket,"{""TokenType"":3,""TicketSprites"":[],""TicketSpritesWithTarget"":[],""Name"":""token_seed_none_0"",""Localization"":"""",""ItemValue"":200,""ItemLevel"":0,""Background"":{},""Icon"":{""spriteAtlas"":""RGTexture/sprite_atlas/items.spriteatlasv2"",""sprite"":""objects_pickable_68"",""tex"":""Assets/RGTexture/items/objects_pickable.png""},""IconPosition"":{""x"":0.0,""y"":0.0,""z"":0.0},""IconScale"":1.0,""IconRotation"":0.0}"
token_seed_none_1,TokenTicket,TokenTicket,"{""TokenType"":3,""TicketSprites"":[],""TicketSpritesWithTarget"":[],""Name"":""token_seed_none_1"",""Localization"":"""",""ItemValue"":500,""ItemLevel"":2,""Background"":{},""Icon"":{""spriteAtlas"":""RGTexture/sprite_atlas/items.spriteatlasv2"",""sprite"":""objects_pickable_68"",""tex"":""Assets/RGTexture/items/objects_pickable.png""},""IconPosition"":{""x"":0.0,""y"":0.0,""z"":0.0},""IconScale"":1.0,""IconRotation"":0.0}"
token_seed_none_2,TokenTicket,TokenTicket,"{""TokenType"":3,""TicketSprites"":[],""TicketSpritesWithTarget"":[],""Name"":""token_seed_none_2"",""Localization"":"""",""ItemValue"":1000,""ItemLevel"":5,""Background"":{},""Icon"":{""spriteAtlas"":""RGTexture/sprite_atlas/items.spriteatlasv2"",""sprite"":""objects_pickable_68"",""tex"":""Assets/RGTexture/items/objects_pickable.png""},""IconPosition"":{""x"":0.0,""y"":0.0,""z"":0.0},""IconScale"":1.0,""IconRotation"":0.0}"
token_seed_none_3,TokenTicket,TokenTicket,"{""TokenType"":3,""TicketSprites"":[],""TicketSpritesWithTarget"":[],""Name"":""token_seed_none_3"",""Localization"":"""",""ItemValue"":400,""ItemLevel"":3,""Background"":{},""Icon"":{""spriteAtlas"":""RGTexture/sprite_atlas/items.spriteatlasv2"",""sprite"":""objects_pickable_68"",""tex"":""Assets/RGTexture/items/objects_pickable.png""},""IconPosition"":{""x"":0.0,""y"":0.0,""z"":0.0},""IconScale"":1.0,""IconRotation"":0.0}"
token_seed_none_4,TokenTicket,TokenTicket,"{""TokenType"":3,""TicketSprites"":[],""TicketSpritesWithTarget"":[],""Name"":""token_seed_none_4"",""Localization"":"""",""ItemValue"":500,""ItemLevel"":4,""Background"":{},""Icon"":{""spriteAtlas"":""RGTexture/sprite_atlas/items.spriteatlasv2"",""sprite"":""objects_pickable_68"",""tex"":""Assets/RGTexture/items/objects_pickable.png""},""IconPosition"":{""x"":0.0,""y"":0.0,""z"":0.0},""IconScale"":1.0,""IconRotation"":0.0}"
token_seed_none_5,TokenTicket,TokenTicket,"{""TokenType"":3,""TicketSprites"":[],""TicketSpritesWithTarget"":[],""Name"":""token_seed_none_5"",""Localization"":"""",""ItemValue"":750,""ItemLevel"":5,""Background"":{},""Icon"":{""spriteAtlas"":""RGTexture/sprite_atlas/items.spriteatlasv2"",""sprite"":""objects_pickable_68"",""tex"":""Assets/RGTexture/items/objects_pickable.png""},""IconPosition"":{""x"":0.0,""y"":0.0,""z"":0.0},""IconScale"":1.0,""IconRotation"":0.0}"
token_skin_none_0,TokenTicket,TokenTicket,"{""TokenType"":6,""TicketSprites"":[],""TicketSpritesWithTarget"":[],""Name"":""token_skin_none_0"",""Localization"":"""",""ItemValue"":600,""ItemLevel"":0,""Background"":{},""Icon"":{""spriteAtlas"":""RGTexture/sprite_atlas/items.spriteatlasv2"",""sprite"":""objects_pickable_71"",""tex"":""Assets/RGTexture/items/objects_pickable.png""},""IconPosition"":{""x"":0.0,""y"":0.0,""z"":0.0},""IconScale"":1.0,""IconRotation"":0.0}"
token_weapon_none_0,TokenTicket,TokenTicket,"{""TokenType"":1,""TicketSprites"":[],""TicketSpritesWithTarget"":[],""Name"":""token_weapon_none_0"",""Localization"":"""",""ItemValue"":100,""ItemLevel"":0,""Background"":{},""Icon"":{""spriteAtlas"":""RGTexture/sprite_atlas/items.spriteatlasv2"",""sprite"":""objects_pickable_67"",""tex"":""Assets/RGTexture/items/objects_pickable.png""},""IconPosition"":{""x"":0.0,""y"":0.0,""z"":0.0},""IconScale"":1.0,""IconRotation"":0.0}"
token_weapon_none_1,TokenTicket,TokenTicket,"{""TokenType"":1,""TicketSprites"":[],""TicketSpritesWithTarget"":[],""Name"":""token_weapon_none_1"",""Localization"":"""",""ItemValue"":200,""ItemLevel"":1,""Background"":{},""Icon"":{""spriteAtlas"":""RGTexture/sprite_atlas/items.spriteatlasv2"",""sprite"":""objects_pickable_67"",""tex"":""Assets/RGTexture/items/objects_pickable.png""},""IconPosition"":{""x"":0.0,""y"":0.0,""z"":0.0},""IconScale"":1.0,""IconRotation"":0.0}"
token_weapon_none_2,TokenTicket,TokenTicket,"{""TokenType"":1,""TicketSprites"":[],""TicketSpritesWithTarget"":[],""Name"":""token_weapon_none_2"",""Localization"":"""",""ItemValue"":300,""ItemLevel"":2,""Background"":{},""Icon"":{""spriteAtlas"":""RGTexture/sprite_atlas/items.spriteatlasv2"",""sprite"":""objects_pickable_67"",""tex"":""Assets/RGTexture/items/objects_pickable.png""},""IconPosition"":{""x"":0.0,""y"":0.0,""z"":0.0},""IconScale"":1.0,""IconRotation"":0.0}"
token_weapon_none_3,TokenTicket,TokenTicket,"{""TokenType"":1,""TicketSprites"":[],""TicketSpritesWithTarget"":[],""Name"":""token_weapon_none_3"",""Localization"":"""",""ItemValue"":400,""ItemLevel"":3,""Background"":{},""Icon"":{""spriteAtlas"":""RGTexture/sprite_atlas/items.spriteatlasv2"",""sprite"":""objects_pickable_67"",""tex"":""Assets/RGTexture/items/objects_pickable.png""},""IconPosition"":{""x"":0.0,""y"":0.0,""z"":0.0},""IconScale"":1.0,""IconRotation"":0.0}"
token_weapon_none_4,TokenTicket,TokenTicket,"{""TokenType"":1,""TicketSprites"":[],""TicketSpritesWithTarget"":[],""Name"":""token_weapon_none_4"",""Localization"":"""",""ItemValue"":500,""ItemLevel"":4,""Background"":{},""Icon"":{""spriteAtlas"":""RGTexture/sprite_atlas/items.spriteatlasv2"",""sprite"":""objects_pickable_67"",""tex"":""Assets/RGTexture/items/objects_pickable.png""},""IconPosition"":{""x"":0.0,""y"":0.0,""z"":0.0},""IconScale"":1.0,""IconRotation"":0.0}"
token_weapon_none_5,TokenTicket,TokenTicket,"{""TokenType"":1,""TicketSprites"":[],""TicketSpritesWithTarget"":[],""Name"":""token_weapon_none_5"",""Localization"":"""",""ItemValue"":750,""ItemLevel"":5,""Background"":{},""Icon"":{""spriteAtlas"":""RGTexture/sprite_atlas/items.spriteatlasv2"",""sprite"":""objects_pickable_67"",""tex"":""Assets/RGTexture/items/objects_pickable.png""},""IconPosition"":{""x"":0.0,""y"":0.0,""z"":0.0},""IconScale"":1.0,""IconRotation"":0.0}"
customization_kill_effect_1,Other,CustomizationKillEffect,"{""EffectId"":0,""Name"":""customization_kill_effect_1"",""Localization"":""customization_kill_effect_1_name"",""ItemValue"":0,""ItemLevel"":0,""Background"":{},""Icon"":{},""IconPosition"":{""x"":0.0,""y"":0.0,""z"":0.0},""IconScale"":1.0,""IconRotation"":0.0}"
customization_kill_effect_4,Other,CustomizationKillEffect,"{""EffectId"":0,""Name"":""customization_kill_effect_4"",""Localization"":""customization_kill_effect_4_name"",""ItemValue"":0,""ItemLevel"":4,""Background"":{},""Icon"":{""spriteAtlas"":""RGTexture/sprite_atlas/kill_effect.spriteatlasv2"",""sprite"":""effect_4_icon"",""tex"":""Assets/RGTexture/kill_effect/effect_4/effect_4_icon.png""},""IconPosition"":{""x"":0.0,""y"":0.0,""z"":0.0},""IconScale"":0.3,""IconRotation"":0.0}"
customization_kill_effect_7,Other,CustomizationKillEffect,"{""EffectId"":0,""Name"":""customization_kill_effect_7"",""Localization"":""customization_kill_effect_7_name"",""ItemValue"":0,""ItemLevel"":3,""Background"":{},""Icon"":{""spriteAtlas"":""RGTexture/sprite_atlas/kill_effect.spriteatlasv2"",""sprite"":""effect_7_icon"",""tex"":""Assets/RGTexture/kill_effect/effect_7/effect_7_icon.png""},""IconPosition"":{""x"":0.0,""y"":0.0,""z"":0.0},""IconScale"":0.5,""IconRotation"":0.0}"
customization_kill_effect_5,Other,CustomizationKillEffect,"{""EffectId"":0,""Name"":""customization_kill_effect_5"",""Localization"":""customization_kill_effect_5_name"",""ItemValue"":0,""ItemLevel"":0,""Background"":{},""Icon"":{""spriteAtlas"":""RGTexture/sprite_atlas/kill_effect.spriteatlasv2"",""sprite"":""effect_5_icon"",""tex"":""Assets/RGTexture/kill_effect/effect_5/effect_5_icon.png""},""IconPosition"":{""x"":0.0,""y"":0.0,""z"":0.0},""IconScale"":0.7,""IconRotation"":0.0}"
customization_kill_effect_8,Other,CustomizationKillEffect,"{""EffectId"":0,""Name"":""customization_kill_effect_8"",""Localization"":""customization_kill_effect_8_name"",""ItemValue"":0,""ItemLevel"":4,""Background"":{},""Icon"":{""spriteAtlas"":""RGTexture/sprite_atlas/kill_effect.spriteatlasv2"",""sprite"":""effect_8_icon"",""tex"":""Assets/RGTexture/kill_effect/effect_8/effect_8_icon.png""},""IconPosition"":{""x"":0.0,""y"":0.0,""z"":0.0},""IconScale"":0.5,""IconRotation"":0.0}"
customization_kill_effect_6,Other,CustomizationKillEffect,"{""EffectId"":0,""Name"":""customization_kill_effect_6"",""Localization"":""customization_kill_effect_6_name"",""ItemValue"":0,""ItemLevel"":2,""Background"":{},""Icon"":{""spriteAtlas"":""RGTexture/sprite_atlas/kill_effect.spriteatlasv2"",""sprite"":""effect_6_icon"",""tex"":""Assets/RGTexture/kill_effect/effect_6/effect_6_icon.png""},""IconPosition"":{""x"":0.0,""y"":0.0,""z"":0.0},""IconScale"":0.6,""IconRotation"":0.0}"
customization_kill_effect_3,Other,CustomizationKillEffect,"{""EffectId"":0,""Name"":""customization_kill_effect_3"",""Localization"":""customization_kill_effect_3_name"",""ItemValue"":0,""ItemLevel"":3,""Background"":{},""Icon"":{""spriteAtlas"":""RGTexture/sprite_atlas/kill_effect.spriteatlasv2"",""sprite"":""effect_3_icon"",""tex"":""Assets/RGTexture/kill_effect/effect_3/effect_3_icon.png""},""IconPosition"":{""x"":0.0,""y"":0.0,""z"":0.0},""IconScale"":0.5,""IconRotation"":0.0}"
customization_kill_effect_2,Other,CustomizationKillEffect,"{""EffectId"":0,""Name"":""customization_kill_effect_2"",""Localization"":""customization_kill_effect_2_name"",""ItemValue"":0,""ItemLevel"":2,""Background"":{},""Icon"":{""spriteAtlas"":""RGTexture/sprite_atlas/kill_effect.spriteatlasv2"",""sprite"":""effect_2_icon"",""tex"":""Assets/RGTexture/kill_effect/effect_2/effect_2_icon.png""},""IconPosition"":{""x"":0.0,""y"":0.0,""z"":0.0},""IconScale"":0.5,""IconRotation"":0.0}"
desc_type_token_factor,Other,CustomizationDescType,"{""DescType"":""token_factor"",""Name"":""desc_type_token_factor"",""Localization"":""desc_type_token_factor_name"",""ItemValue"":0,""ItemLevel"":0,""Background"":{},""Icon"":{""spriteAtlas"":""RGTexture/sprite_atlas/items.spriteatlasv2"",""sprite"":""objects_pickable_71"",""tex"":""Assets/RGTexture/items/objects_pickable.png""},""IconPosition"":{""x"":0.0,""y"":0.0,""z"":0.0},""IconScale"":1.0,""IconRotation"":0.0}"
desc_type_material,Other,CustomizationDescType,"{""DescType"":""material"",""Name"":""desc_type_material"",""Localization"":""items/material"",""ItemValue"":0,""ItemLevel"":0,""Background"":{},""Icon"":{""spriteAtlas"":""RGTexture/sprite_atlas/items.spriteatlasv2"",""sprite"":""desc_type_material"",""tex"":""Assets/RGTexture/items/desc_type_material.png""},""IconPosition"":{""x"":0.0,""y"":0.0,""z"":0.0},""IconScale"":0.7,""IconRotation"":0.0}"
desc_type_jewelry_blueprint,Other,CustomizationDescType,"{""DescType"":""jewelry_blueprint"",""Name"":""desc_type_jewelry_blueprint"",""Localization"":""jewelry/blueprint"",""ItemValue"":0,""ItemLevel"":0,""Background"":{},""Icon"":{""spriteAtlas"":""RGTexture/sprite_atlas/items.spriteatlasv2"",""sprite"":""jewelry_blueprint_0"",""tex"":""Assets/RGTexture/items/jewelry_blueprint.png""},""IconPosition"":{""x"":0.0,""y"":0.0,""z"":0.0},""IconScale"":1.3,""IconRotation"":0.0}"
desc_type_seed,Other,CustomizationDescType,"{""DescType"":""seed"",""Name"":""desc_type_seed"",""Localization"":""items/seed"",""ItemValue"":0,""ItemLevel"":6,""Background"":{},""Icon"":{""spriteAtlas"":""RGTexture/sprite_atlas/items.spriteatlasv2"",""sprite"":""objects_pickable_6"",""tex"":""Assets/RGTexture/items/objects_pickable.png""},""IconPosition"":{""x"":0.0,""y"":0.0,""z"":0.0},""IconScale"":1.0,""IconRotation"":0.0}"
desc_type_gold_frame,Other,CustomizationDescType,"{""DescType"":""gold_frame"",""Name"":""desc_type_gold_frame"",""Localization"":""desc_type_gold_frame_name"",""ItemValue"":0,""ItemLevel"":0,""Background"":{},""Icon"":{""spriteAtlas"":""RGTexture/sprite_atlas/items.spriteatlasv2"",""sprite"":""frame_gold"",""tex"":""Assets/RGTexture/items/frame_gold.png""},""IconPosition"":{""x"":0.0,""y"":0.0,""z"":0.0},""IconScale"":0.55,""IconRotation"":0.0}"
desc_type_silver_frame,Other,CustomizationDescType,"{""DescType"":""silver_frame"",""Name"":""desc_type_silver_frame"",""Localization"":""desc_type_silver_frame_name"",""ItemValue"":0,""ItemLevel"":0,""Background"":{},""Icon"":{""spriteAtlas"":""RGTexture/sprite_atlas/items.spriteatlasv2"",""sprite"":""frame_silver"",""tex"":""Assets/RGTexture/items/frame_silver.png""},""IconPosition"":{""x"":0.0,""y"":0.0,""z"":0.0},""IconScale"":0.55,""IconRotation"":0.0}"
desc_type_weapon_evolution_fragment,Other,CustomizationDescType,"{""DescType"":""weapon_evolution_fragment"",""Name"":""desc_type_weapon_evolution_fragment"",""Localization"":""weapon_blueprint_fragment_0"",""ItemValue"":0,""ItemLevel"":0,""Background"":{},""Icon"":{""spriteAtlas"":""RGTexture/sprite_atlas/items.spriteatlasv2"",""sprite"":""desc_type_weapon_evolution_fragment"",""tex"":""Assets/RGTexture/items/desc_type_weapon_evolution_fragment.png""},""IconPosition"":{""x"":0.0,""y"":0.0,""z"":0.0},""IconScale"":0.55,""IconRotation"":0.0}"
desc_type_blueprint,Other,CustomizationDescType,"{""DescType"":""blueprint"",""Name"":""desc_type_blueprint"",""Localization"":""items/blueprint"",""ItemValue"":0,""ItemLevel"":0,""Background"":{},""Icon"":{""spriteAtlas"":""RGTexture/sprite_atlas/items.spriteatlasv2"",""sprite"":""desc_type_blueprint"",""tex"":""Assets/RGTexture/items/desc_type_blueprint.png""},""IconPosition"":{""x"":0.0,""y"":0.0,""z"":0.0},""IconScale"":0.8,""IconRotation"":0.0}"
